transaction_id,timestamp,card_type,merchant_name,merchant_category,amount_usd,currency,status,country_code,is_international,cardholder_id,cardholder_home_country,cardholder_typical_category,cardholder_avg_spend,_injected_fraud_flags,_run_id,_validated_at,_validation_errors,_validation_warnings,_is_valid
6a93003b-11eb-4b7f-bded-c32654ad70a2,2026-01-07 01:21:23,Gold,Walmart,Retail,42.46,USD,approved,US,False,CH-10163,US,Fuel,86.42,,325ec2e6,2026-05-12 01:21:23,,,True
dce68eb2-09c1-45b4-88c2-a8138a56f7c5,2026-05-09 01:21:23,Green,Best Buy,Technology,80.66,USD,approved,US,False,CH-10056,US,Food & Beverage,52.35,,325ec2e6,2026-05-12 01:21:23,,,True
5fa1ebdf-7b0b-41dd-8863-b20646909a9e,2025-11-21 01:21:23,Platinum,Target,Retail,48.46,USD,pending,US,False,CH-10071,US,Transportation,215.08,,325ec2e6,2026-05-12 01:21:23,,,True
79cf58e0-b9c6-407e-920e-cd0773c22475,2025-09-19 01:21:23,Green,Uber,Transportation,369.54,USD,approved,CA,False,CH-10088,CA,Transportation,342.41,,325ec2e6,2026-05-12 01:21:23,,,True
3b144eab-ca70-4363-91b2-38641ea753b0,2025-05-17 01:21:23,Green,Delta Airlines,Travel,38.48,USD,approved,CA,False,CH-10141,CA,Entertainment,243.19,,325ec2e6,2026-05-12 01:21:23,,,True
beb8c7b7-10bf-464a-b12f-34e8f3024c93,2025-10-30 01:21:23,Platinum,Netflix,Entertainment,157.27,USD,declined,US,False,CH-10020,US,Transportation,276.39,,325ec2e6,2026-05-12 01:21:23,,,True
b45ec827-a04f-4429-ac3b-f49a82e1f992,2025-05-18 01:21:23,Platinum,Marriott Hotels,Travel,179.63,USD,approved,US,False,CH-10094,US,Healthcare,95.72,,325ec2e6,2026-05-12 01:21:23,,,True
aeb6d175-bca4-44d6-93f7-ecb751a9383c,2025-10-30 01:21:23,Platinum,Whole Foods,Food & Beverage,43.44,USD,approved,CA,False,CH-10043,CA,Travel,73.7,,325ec2e6,2026-05-12 01:21:23,,,True
72b2e490-f22b-40a4-b0f4-e2dea57defc5,2026-05-09 01:23:13,Green,Shell Gas,Fuel,27.84,USD,approved,US,False,CH-10056,US,Food & Beverage,52.35,VELOCITY,325ec2e6,2026-05-12 01:21:23,,,True
cab31a72-c0f4-487f-9b0a-c848fa614d9b,2025-08-30 01:21:23,Green,Starbucks,Food & Beverage,343.7,USD,approved,US,False,CH-10016,US,Fuel,430.55,,325ec2e6,2026-05-12 01:21:23,,,True
93013398-eff7-458e-b3cf-86b65b5e2bcb,2025-08-10 01:21:23,Platinum,Target,Retail,130.89,USD,approved,US,False,CH-10067,US,Healthcare,242.06,,325ec2e6,2026-05-12 01:21:23,,,True
46085e9d-b3ca-471b-b2b4-599fa755226c,2026-03-03 01:21:23,Platinum,Amazon,Retail,67.98,USD,pending,US,False,CH-10102,US,Travel,64.3,CATEGORY_MISMATCH,325ec2e6,2026-05-12 01:21:23,,,True
737e05d7-9812-4cbf-a9d1-10034ce06137,2025-10-08 01:21:23,Platinum,Shell Gas,Fuel,316.55,USD,approved,US,False,CH-10039,US,Transportation,263.69,,325ec2e6,2026-05-12 01:21:23,,,True
aa021a4d-bb6b-42b3-b5fa-6347929275a9,2026-05-07 01:21:23,Green,Whole Foods,Food & Beverage,2182.49,USD,pending,CA,False,CH-10119,CA,Food & Beverage,115.79,HIGH_VALUE_OUTLIER,325ec2e6,2026-05-12 01:21:23,,AMOUNT_ANOMALY:z=3.29,True
0b1d80be-c0c7-4aaa-b9c1-4866271a0285,2025-10-02 01:21:23,Green,Netflix,Entertainment,63.25,USD,approved,GB,False,CH-10196,GB,Travel,186.66,CATEGORY_MISMATCH,325ec2e6,2026-05-12 01:21:23,,,True
7fec7397-b8fa-4a41-b1b6-09494a88e6af,2026-03-19 01:21:23,Platinum,Whole Foods,Food & Beverage,422.09,USD,approved,US,False,CH-10067,US,Healthcare,242.06,,325ec2e6,2026-05-12 01:21:23,,,True
5911c886-0ca5-4704-a6ba-6f03b34ad462,2026-02-19 01:21:23,Platinum,Starbucks,Food & Beverage,515.81,USD,approved,CA,False,CH-10155,CA,Entertainment,476.02,,325ec2e6,2026-05-12 01:21:23,,,True
c12bd58d-3c99-4fb2-b117-16476b723d2a,2026-03-16 01:21:23,Green,Uber,Transportation,698.93,USD,approved,US,False,CH-10000,US,Travel,375.94,,325ec2e6,2026-05-12 01:21:23,,,True
e761da65-218c-406d-a981-e9bcaed76ce5,2025-07-26 01:21:23,Gold,Uber,Transportation,718.11,USD,approved,GB,False,CH-10078,GB,Travel,379.03,CATEGORY_MISMATCH,325ec2e6,2026-05-12 01:21:23,,,True
47430954-e4d2-4a89-8acc-c60910fcbc05,2025-09-11 01:21:23,Platinum,Whole Foods,Food & Beverage,671.87,USD,approved,US,False,CH-10194,US,Fuel,354.65,,325ec2e6,2026-05-12 01:21:23,,,True
56f8ab81-b857-4c4f-8828-1932edf50845,2025-05-24 01:21:23,Platinum,Apple Store,Technology,195.5,USD,declined,CA,False,CH-10155,CA,Entertainment,476.02,,325ec2e6,2026-05-12 01:21:23,,,True
c2e7fcb9-802b-405b-b79a-d9e93a9622da,2025-09-23 01:21:23,Blue Cash,Marriott Hotels,Travel,57.53,USD,declined,US,False,CH-10166,US,Technology,219.57,,325ec2e6,2026-05-12 01:21:23,,,True
56c18277-2d62-48e0-8e4a-fdb7666a6d18,2026-05-09 01:21:23,Platinum,Whole Foods,Food & Beverage,34.72,USD,approved,CA,False,CH-10150,CA,Technology,211.83,,325ec2e6,2026-05-12 01:21:23,,,True
a619e9f3-b2d6-445d-b084-6ecbf27931d9,2026-01-11 01:21:23,Green,Netflix,Entertainment,56.31,USD,approved,US,False,CH-10008,US,Healthcare,94.63,,325ec2e6,2026-05-12 01:21:23,,,True
d45d8f5d-9f87-4774-8288-61bc529fad35,2025-09-12 01:21:23,Blue Cash,Spotify,Entertainment,683.83,USD,approved,US,False,CH-10185,US,Food & Beverage,422.83,,325ec2e6,2026-05-12 01:21:23,,,True
3b6c3e36-50cb-44fc-ad58-04a8bfc53482,2026-04-15 01:21:23,Blue Cash,Marriott Hotels,Travel,264.29,USD,approved,US,False,CH-10110,US,Healthcare,195.03,,325ec2e6,2026-05-12 01:21:23,,,True
ceb5de70-7eea-4d44-8e48-148f1597483f,2026-03-18 01:21:23,Green,CVS Pharmacy,Healthcare,24.23,USD,approved,CA,False,CH-10103,CA,Healthcare,41.16,,325ec2e6,2026-05-12 01:21:23,,,True
0c4c1089-7d1a-4dd1-b211-916f3efb890b,2026-04-04 01:21:23,Green,Target,Retail,375.55,USD,approved,US,False,CH-10108,US,Travel,420.61,,325ec2e6,2026-05-12 01:21:23,,,True
508cf71b-c8dd-4d19-b1af-339bedd4ab3c,2026-01-11 01:21:23,Gold,Shell Gas,Fuel,166.19,USD,pending,CA,False,CH-10012,CA,Fuel,487.1,,325ec2e6,2026-05-12 01:21:23,,,True
49a87d28-efd3-4f48-a31a-9b4bd1dd11e1,2026-05-11 01:21:23,Gold,Spotify,Entertainment,126.79,USD,approved,US,False,CH-10102,US,Travel,64.3,,325ec2e6,2026-05-12 01:21:23,,,True
295a6683-6641-48db-a23b-8a141afaedb1,2025-08-01 01:21:23,Blue Cash,Delta Airlines,Travel,537.9,USD,approved,US,False,CH-10116,US,Retail,405.07,,325ec2e6,2026-05-12 01:21:23,,,True
196ab976-9a68-4661-ab99-8648d3bfbb9e,2026-04-13 01:21:23,Gold,Amazon,Retail,40.83,USD,approved,US,False,CH-10055,US,Fuel,359.76,,325ec2e6,2026-05-12 01:21:23,,,True
b30ee27c-49fa-4d46-9743-81f6efc44ae3,2026-04-01 01:21:23,Gold,Walmart,Retail,449.26,USD,pending,US,False,CH-10135,US,Healthcare,263.42,CATEGORY_MISMATCH,325ec2e6,2026-05-12 01:21:23,,,True
f9d289ea-8e9c-4eee-a284-23ca06537169,2025-07-25 01:21:23,Gold,Apple Store,Technology,71.05,USD,declined,GB,False,CH-10060,GB,Technology,136.64,,325ec2e6,2026-05-12 01:21:23,,,True
34c3422c-c7a6-4b78-95f8-ad3c950ff71f,2026-01-28 01:21:23,Green,Shell Gas,Fuel,636.05,USD,declined,US,False,CH-10107,US,Fuel,473.62,,325ec2e6,2026-05-12 01:21:23,,,True
d0f07e26-9672-4246-9fef-ad3edc44e495,2026-04-05 01:21:23,Green,Shell Gas,Fuel,10.65,USD,approved,CA,False,CH-10033,CA,Retail,306.03,,325ec2e6,2026-05-12 01:21:23,,,True
22355e13-3f8c-4ab3-b116-89034fa0fb11,2026-03-06 01:21:23,Platinum,Walmart,Retail,228.16,USD,approved,US,False,CH-10025,US,Entertainment,122.06,,325ec2e6,2026-05-12 01:21:23,,,True
d012b256-5fc6-4c58-b486-c385b618d1c8,2025-08-07 01:21:23,Platinum,Delta Airlines,Travel,136.17,USD,approved,US,False,CH-10094,US,Healthcare,95.72,,325ec2e6,2026-05-12 01:21:23,,,True
079637bb-be30-4bb8-b3f8-5ee5da23652b,2025-08-02 01:21:23,Gold,Whole Foods,Food & Beverage,127.42,USD,approved,US,False,CH-10167,US,Retail,206.95,,325ec2e6,2026-05-12 01:21:23,,,True
aa7b73fc-07cc-45f9-be0c-5e52b35e92c7,2025-08-02 01:21:23,Gold,Delta Airlines,Travel,155.35,USD,declined,CA,False,CH-10034,CA,Healthcare,486.12,,325ec2e6,2026-05-12 01:21:23,,,True
c8e2124f-df1f-4275-8ecf-46939fede417,2026-01-04 01:21:23,Green,Starbucks,Food & Beverage,244.13,USD,approved,US,False,CH-10087,US,Entertainment,134.57,,325ec2e6,2026-05-12 01:21:23,,,True
17f0b092-c016-42e0-a207-6993fa53ffc0,2025-11-23 01:21:23,Green,Netflix,Entertainment,649.82,USD,approved,US,False,CH-10108,US,Travel,420.61,,325ec2e6,2026-05-12 01:21:23,,,True
7f057656-1a6e-4a02-b8d5-8ec1fac1f710,2026-03-16 01:21:23,Blue Cash,Best Buy,Technology,51.4,USD,approved,US,False,CH-10189,US,Transportation,310.83,,325ec2e6,2026-05-12 01:21:23,,,True
bf449914-2bed-4132-955c-2d0c48382bf9,2026-03-26 02:11:23,Green,Amazon,Retail,246.12,USD,approved,FR,True,CH-10139,US,Retail,283.01,GEO_IMPOSSIBLE,325ec2e6,2026-05-12 01:21:23,,,True
26ef53c7-e67d-43f2-900b-629e62666eec,2025-11-12 01:21:23,Platinum,Shell Gas,Fuel,285.5,USD,approved,US,False,CH-10053,US,Fuel,182.28,,325ec2e6,2026-05-12 01:21:23,,,True
a989de70-118a-42ef-8660-762d4f73aabe,2026-01-11 01:21:23,Platinum,CVS Pharmacy,Healthcare,250.4,USD,declined,CA,False,CH-10158,CA,Technology,144.41,,325ec2e6,2026-05-12 01:21:23,,,True
46377b84-1405-4f1d-92e3-3516c8e9653c,2025-11-23 01:21:23,Platinum,Amazon,Retail,589.12,USD,approved,US,False,CH-10105,US,Transportation,375.79,,325ec2e6,2026-05-12 01:21:23,,,True
e359c1c8-e32d-4bed-91ab-d94a6ab1ad20,2025-05-18 01:21:23,Platinum,McDonald's,Food & Beverage,81.37,USD,approved,US,False,CH-10188,US,Technology,355.74,,325ec2e6,2026-05-12 01:21:23,,,True
98d54d67-9479-4006-907f-a8119046acc4,2026-01-16 01:21:23,Blue Cash,Starbucks,Food & Beverage,27.23,USD,approved,US,False,CH-10056,US,Food & Beverage,52.35,,325ec2e6,2026-05-12 01:21:23,,,True
e136e879-564a-466f-9175-996f8ca0bcf4,2025-12-21 01:21:23,Gold,Netflix,Entertainment,154.29,USD,pending,US,False,CH-10071,US,Transportation,215.08,,325ec2e6,2026-05-12 01:21:23,,,True
2a2313ca-633d-44a3-b02c-6563aaa17cb2,2025-12-30 01:21:23,Gold,Marriott Hotels,Travel,44.14,USD,approved,US,False,CH-10137,US,Transportation,112.08,,325ec2e6,2026-05-12 01:21:23,,,True
781fd383-e5bb-41e9-a8b9-2b31c8394cb1,2025-12-03 01:21:23,Blue Cash,Uber,Transportation,131.24,USD,approved,CA,False,CH-10027,CA,Transportation,147.14,,325ec2e6,2026-05-12 01:21:23,,,True
0cd8148e-f976-4c87-ab84-25a41059800f,2025-10-01 01:21:23,Green,Starbucks,Food & Beverage,6.05,USD,approved,US,False,CH-10147,US,Technology,313.41,,325ec2e6,2026-05-12 01:21:23,,,True
17f50bf6-f837-47d9-b436-26c0286b8699,2026-04-07 01:21:23,Platinum,CVS Pharmacy,Healthcare,725.26,USD,approved,US,False,CH-10184,US,Travel,382.03,,325ec2e6,2026-05-12 01:21:23,,,True
cf436478-534e-45c9-909a-a99f9959c207,2025-12-10 01:21:23,Gold,Netflix,Entertainment,254.96,USD,approved,GB,False,CH-10169,GB,Retail,248.95,,325ec2e6,2026-05-12 01:21:23,,,True
3b6d2711-bcca-4b0b-8cad-8dfaef9bf53b,2025-06-06 01:21:23,Platinum,Delta Airlines,Travel,272.77,USD,approved,US,False,CH-10178,US,Travel,144.88,,325ec2e6,2026-05-12 01:21:23,,,True
24e4c0e1-ba35-450a-b443-551e9e6683ea,2026-05-12 01:21:23,Green,Uber,Transportation,277.37,USD,approved,GB,False,CH-10157,GB,Technology,450.66,,325ec2e6,2026-05-12 01:21:23,,,True
9588a6ac-a3e2-4372-ad78-6e50992696d7,2025-09-28 01:21:23,Green,Shell Gas,Fuel,644.84,USD,approved,CA,False,CH-10155,CA,Entertainment,476.02,,325ec2e6,2026-05-12 01:21:23,,,True
2996eebd-c7da-40b1-bf80-c4a8e916b14e,2025-06-07 01:21:23,Gold,Target,Retail,452.16,USD,approved,US,False,CH-10188,US,Technology,355.74,,325ec2e6,2026-05-12 01:21:23,,,True
3470c5b6-176c-4aab-8ea9-a1acf936cbc2,2026-01-31 01:21:23,Green,Shell Gas,Fuel,66.27,USD,approved,GB,False,CH-10192,GB,Retail,210.39,CATEGORY_MISMATCH,325ec2e6,2026-05-12 01:21:23,,,True
03e48917-fde7-408d-8244-41dc6eca5365,2025-06-24 01:21:23,Blue Cash,Walmart,Retail,217.03,USD,approved,GB,False,CH-10196,GB,Travel,186.66,,325ec2e6,2026-05-12 01:21:23,,,True
66ae5045-c4ed-4ccd-84e2-b6e6e5e73167,2026-05-10 01:21:23,Platinum,Starbucks,Food & Beverage,115.34,USD,approved,US,False,CH-10102,US,Travel,64.3,,325ec2e6,2026-05-12 01:21:23,,,True
0bf34c48-99e1-439a-b726-6af4c9e38510,2025-05-21 01:21:23,Platinum,Starbucks,Food & Beverage,238.69,USD,approved,CA,False,CH-10199,CA,Fuel,228.09,CATEGORY_MISMATCH,325ec2e6,2026-05-12 01:21:23,,,True
b41d4972-0ff5-453a-b0d8-267fae3a1996,2025-06-05 01:21:23,Platinum,Best Buy,Technology,101.52,USD,approved,US,False,CH-10031,US,Fuel,93.36,,325ec2e6,2026-05-12 01:21:23,,,True
1c0320b1-43a4-4b95-8d9a-7fe4878bd948,2025-08-27 01:21:23,Blue Cash,Spotify,Entertainment,262.5,USD,approved,US,False,CH-10193,US,Fuel,304.21,,325ec2e6,2026-05-12 01:21:23,,,True
a977a468-fce1-4c25-ac73-7e5e3e6a3304,2026-01-06 01:21:23,Blue Cash,CVS Pharmacy,Healthcare,713.01,USD,approved,US,False,CH-10040,US,Healthcare,424.0,,325ec2e6,2026-05-12 01:21:23,,,True
9b7c68f8-5483-48ba-9f9d-39ee6a36bc83,2026-04-03 01:21:23,Platinum,Shell Gas,Fuel,495.45,USD,approved,GB,False,CH-10124,GB,Retail,346.17,,325ec2e6,2026-05-12 01:21:23,,,True
5723bc66-c90b-4a45-a74d-092f0c13d11e,2025-10-28 01:21:23,Platinum,Walmart,Retail,439.34,USD,approved,CA,False,CH-10138,CA,Transportation,315.45,,325ec2e6,2026-05-12 01:21:23,,,True
4f26099e-e92f-4e6e-94ab-aa06dc056791,2026-01-27 01:21:23,Blue Cash,Marriott Hotels,Travel,543.57,USD,approved,US,False,CH-10104,US,Transportation,325.81,,325ec2e6,2026-05-12 01:21:23,,,True
a82988a4-26e9-4f8a-a782-335d3caf0a43,2025-11-13 01:21:23,Blue Cash,Amazon,Retail,90.03,USD,approved,US,False,CH-10178,US,Travel,144.88,,325ec2e6,2026-05-12 01:21:23,,,True
05ae0cfc-222c-4f8f-9c47-4988471176b8,2026-01-28 01:23:19,Platinum,Whole Foods,Food & Beverage,415.67,USD,approved,US,False,CH-10107,US,Fuel,473.62,VELOCITY,325ec2e6,2026-05-12 01:21:23,,,True
c9f46284-8287-40bd-ba0b-7916f35f508f,2026-03-08 01:21:23,Platinum,CVS Pharmacy,Healthcare,80.83,USD,approved,CA,False,CH-10103,CA,Healthcare,41.16,,325ec2e6,2026-05-12 01:21:23,,,True
06a6700d-6a28-4242-b092-845b8e42e40c,2025-10-05 01:21:23,Gold,Uber,Transportation,126.04,USD,approved,US,False,CH-10151,US,Travel,448.48,,325ec2e6,2026-05-12 01:21:23,,,True
0a5ab8e9-1fbc-4fc7-a251-840431c01736,2025-11-21 01:21:23,Platinum,Marriott Hotels,Travel,712.55,USD,approved,GB,False,CH-10097,GB,Healthcare,467.24,,325ec2e6,2026-05-12 01:21:23,,,True
cc62d37d-3c63-4c99-be51-f64505e1e8cc,2025-08-09 01:21:23,Gold,Delta Airlines,Travel,54.08,USD,approved,US,False,CH-10107,US,Fuel,473.62,,325ec2e6,2026-05-12 01:21:23,,,True
6200d57b-dcdf-4b18-9471-54706b557829,2026-01-06 01:21:23,Gold,Marriott Hotels,Travel,65.18,USD,approved,US,False,CH-10017,US,Retail,153.43,CATEGORY_MISMATCH,325ec2e6,2026-05-12 01:21:23,,,True
42b451e8-d194-4cbd-b90a-4301af0c46d3,2026-01-21 01:21:23,Gold,Shell Gas,Fuel,31.84,USD,approved,US,False,CH-10121,US,Food & Beverage,31.36,,325ec2e6,2026-05-12 01:21:23,,,True
c4591991-d348-4c3a-94c2-313ee9ee22cf,2026-02-18 01:21:23,Gold,Uber,Transportation,4882.42,USD,approved,CA,False,CH-10155,CA,Entertainment,476.02,HIGH_VALUE_OUTLIER,325ec2e6,2026-05-12 01:21:23,,AMOUNT_ANOMALY:z=8.04,True
3b6074ba-3caa-421f-804e-6d4340c72318,2026-01-31 01:21:23,Blue Cash,Spotify,Entertainment,56.46,USD,approved,CA,False,CH-10173,CA,Entertainment,341.06,,325ec2e6,2026-05-12 01:21:23,,,True
238698bc-8016-448e-a398-2a35648dcd52,2025-07-09 01:21:23,Green,CVS Pharmacy,Healthcare,717.33,USD,declined,CA,False,CH-10026,CA,Retail,444.65,,325ec2e6,2026-05-12 01:21:23,,,True
b8e4e541-1416-4f71-aa95-2f336913afe9,2026-04-07 01:21:23,Blue Cash,Marriott Hotels,Travel,434.36,USD,approved,US,False,CH-10010,US,Entertainment,426.8,,325ec2e6,2026-05-12 01:21:23,,,True
3be017a9-9f1f-4487-ab9f-4e2466fb1185,2025-06-21 01:21:23,Blue Cash,Walmart,Retail,840.11,USD,pending,GB,False,CH-10125,GB,Entertainment,470.83,,325ec2e6,2026-05-12 01:21:23,,,True
e7661f46-f6a8-48fd-befc-f5430bc04377,2025-08-10 01:21:23,Green,CVS Pharmacy,Healthcare,95.81,USD,approved,US,False,CH-10045,US,Fuel,61.11,,325ec2e6,2026-05-12 01:21:23,,,True
00bab667-b0d7-40de-8bea-706c719242e6,2026-03-29 01:21:23,Green,Delta Airlines,Travel,253.79,USD,declined,US,False,CH-10151,US,Travel,448.48,,325ec2e6,2026-05-12 01:21:23,,,True
64cb8b50-bfad-4b33-81e1-53266ffd5deb,2025-09-01 01:21:23,Blue Cash,Uber,Transportation,218.3,USD,approved,US,False,CH-10145,US,Healthcare,127.83,,325ec2e6,2026-05-12 01:21:23,,,True
cf366b6b-9746-4978-914e-8b873421fc48,2025-05-18 01:21:23,Green,Marriott Hotels,Travel,154.24,USD,declined,US,False,CH-10066,US,Technology,87.29,,325ec2e6,2026-05-12 01:21:23,,,True
910048ef-545c-4a81-8451-3632fbe1cebc,2025-09-04 01:21:23,Platinum,Walmart,Retail,165.7,USD,approved,CA,False,CH-10048,CA,Transportation,147.23,,325ec2e6,2026-05-12 01:21:23,,,True
60ac3403-d61d-41aa-a37c-1771ef0c44c1,2026-03-26 01:21:23,Blue Cash,Best Buy,Technology,226.87,USD,approved,CA,False,CH-10182,CA,Travel,379.53,,325ec2e6,2026-05-12 01:21:23,,,True
ac68e13c-3e89-4033-9bad-6d683926a926,2025-08-14 01:21:23,Green,Uber,Transportation,174.44,USD,approved,GB,False,CH-10169,GB,Retail,248.95,,325ec2e6,2026-05-12 01:21:23,,,True
9ab95343-dd62-4845-8d34-0c107ee95ac7,2026-01-04 01:21:23,Blue Cash,CVS Pharmacy,Healthcare,114.49,USD,approved,US,False,CH-10090,US,Travel,239.98,,325ec2e6,2026-05-12 01:21:23,,,True
913e0181-9c5d-422f-afb6-72261ea723d6,2025-09-07 01:21:23,Platinum,Whole Foods,Food & Beverage,270.75,USD,approved,US,False,CH-10190,US,Transportation,483.07,,325ec2e6,2026-05-12 01:21:23,,,True
a99e9794-3e8d-48d2-b28f-f8d5d57d9768,2025-05-17 01:23:05,Platinum,Delta Airlines,Travel,54.38,USD,approved,CA,False,CH-10141,CA,Entertainment,243.19,VELOCITY,325ec2e6,2026-05-12 01:21:23,,,True
d4480a7c-8c48-4c48-afd0-0f66f6160f58,2026-01-03 01:21:23,Platinum,Marriott Hotels,Travel,357.46,USD,pending,US,False,CH-10112,US,Fuel,189.77,,325ec2e6,2026-05-12 01:21:23,,,True
76b04cdf-ed52-4cf0-806d-289a24c37a62,2025-05-26 01:21:23,Gold,Best Buy,Technology,11.63,USD,approved,US,False,CH-10102,US,Travel,64.3,,325ec2e6,2026-05-12 01:21:23,,,True
a159cda9-546b-4d92-a8ff-30a486a0773b,2025-10-11 01:21:23,Platinum,Walmart,Retail,590.07,USD,approved,US,False,CH-10077,US,Food & Beverage,484.98,,325ec2e6,2026-05-12 01:21:23,,,True
d249991b-ae4b-4f83-93f6-527283a7592d,2025-12-11 01:21:23,Blue Cash,Apple Store,Technology,335.87,USD,declined,GB,False,CH-10133,GB,Food & Beverage,194.83,,325ec2e6,2026-05-12 01:21:23,,,True
c0a973e8-212d-445f-b268-e9ac3160c225,2026-01-26 01:21:23,Gold,Amazon,Retail,182.54,USD,declined,CA,False,CH-10158,CA,Technology,144.41,,325ec2e6,2026-05-12 01:21:23,,,True
da27a542-86ff-4124-abf4-83a1244770b1,2025-10-15 01:21:23,Gold,Target,Retail,103.12,USD,approved,CA,False,CH-10061,CA,Retail,111.4,,325ec2e6,2026-05-12 01:21:23,,,True
358a72a8-6d6f-4400-b4c6-2c0270f33a30,2025-09-22 01:21:23,Green,Delta Airlines,Travel,56.92,USD,approved,US,False,CH-10059,US,Transportation,367.21,,325ec2e6,2026-05-12 01:21:23,,,True
e41d2fab-94a1-4c9d-bc6b-b6f79006839b,2025-08-07 01:21:23,Platinum,Uber,Transportation,148.13,USD,approved,GB,False,CH-10160,GB,Technology,320.84,,325ec2e6,2026-05-12 01:21:23,,,True
bdddb5d3-bf8f-48a1-805c-898e1da724e6,2025-12-06 01:21:23,Gold,Walmart,Retail,464.88,USD,approved,GB,False,CH-10036,GB,Healthcare,388.93,,325ec2e6,2026-05-12 01:21:23,,,True
5810b448-351b-40eb-a07a-00e300e9749b,2025-05-19 01:21:23,Blue Cash,Walmart,Retail,155.75,USD,approved,US,False,CH-10112,US,Fuel,189.77,,325ec2e6,2026-05-12 01:21:23,,,True
b755707f-5182-45d5-ae06-0f71a8605e13,2025-05-19 01:22:51,Gold,Walmart,Retail,231.11,USD,declined,US,False,CH-10112,US,Fuel,189.77,VELOCITY,325ec2e6,2026-05-12 01:21:23,,,True
19c93249-4415-4158-8bfe-c3d115f6a2de,2025-06-02 01:21:23,Gold,Uber,Transportation,515.78,USD,pending,US,False,CH-10147,US,Technology,313.41,,325ec2e6,2026-05-12 01:21:23,,,True
ad862f90-8ef0-445d-b0df-0d1f235765db,2026-02-09 01:21:23,Blue Cash,Best Buy,Technology,269.07,USD,declined,US,False,CH-10044,US,Healthcare,134.94,,325ec2e6,2026-05-12 01:21:23,,,True
fffcbab3-8713-4b8e-bb44-9a34f5a37d99,2025-11-29 01:21:23,Green,Best Buy,Technology,557.14,USD,approved,US,False,CH-10023,US,Food & Beverage,414.47,,325ec2e6,2026-05-12 01:21:23,,,True
03c4fb33-0ee4-4372-96e8-a4a77e23c148,2025-10-19 01:21:23,Green,Best Buy,Technology,710.51,USD,approved,CA,False,CH-10177,CA,Transportation,436.09,,325ec2e6,2026-05-12 01:21:23,,,True
69f4fbc4-4315-4ffa-ae06-e790daebedaa,2026-04-16 01:21:23,Blue Cash,Marriott Hotels,Travel,113.73,USD,approved,CA,False,CH-10132,CA,Travel,269.56,,325ec2e6,2026-05-12 01:21:23,,,True
72004fd5-aa08-482a-a932-0609e40bafe5,2025-06-24 01:21:23,Blue Cash,Spotify,Entertainment,233.04,USD,approved,US,False,CH-10112,US,Fuel,189.77,,325ec2e6,2026-05-12 01:21:23,,,True
9ff535c3-e503-4370-8a1b-010dd99741b8,2026-03-15 01:21:23,Blue Cash,Amazon,Retail,4455.67,USD,approved,CA,False,CH-10141,CA,Entertainment,243.19,HIGH_VALUE_OUTLIER,325ec2e6,2026-05-12 01:21:23,,AMOUNT_ANOMALY:z=7.29,True
bc1d8cdc-7888-4548-ba81-b969ba3a69a5,2025-09-07 01:21:23,Green,Delta Airlines,Travel,250.31,USD,approved,US,False,CH-10183,US,Entertainment,127.63,,325ec2e6,2026-05-12 01:21:23,,,True
926e1886-9a94-4c0a-b9b1-0a4f58bea186,2025-12-22 01:21:23,Platinum,Starbucks,Food & Beverage,228.22,USD,declined,US,False,CH-10098,US,Transportation,146.94,,325ec2e6,2026-05-12 01:21:23,,,True
d7295f88-8fd5-4d5c-a6a4-1988c2695da8,2025-12-11 01:21:23,Gold,Delta Airlines,Travel,521.69,USD,approved,US,False,CH-10129,US,Retail,310.98,,325ec2e6,2026-05-12 01:21:23,,,True
07ba4ffe-e3a2-4190-982e-e4c8a7ab771a,2025-08-03 01:21:23,Blue Cash,Best Buy,Technology,34.08,USD,approved,US,False,CH-10038,US,Technology,21.56,,325ec2e6,2026-05-12 01:21:23,,,True
d52dd695-83a8-4b77-9bb6-9ef024cb0647,2026-01-13 01:21:23,Platinum,CVS Pharmacy,Healthcare,252.78,USD,approved,CA,False,CH-10048,CA,Transportation,147.23,,325ec2e6,2026-05-12 01:21:23,,,True
a2976ecb-38ae-445c-b9f1-ddf198376fb7,2025-06-07 01:21:23,Blue Cash,CVS Pharmacy,Healthcare,50.74,USD,approved,US,False,CH-10121,US,Food & Beverage,31.36,,325ec2e6,2026-05-12 01:21:23,,,True
6a633517-00e4-4484-8cc7-a8272dda30b0,2025-05-23 01:21:23,Green,Marriott Hotels,Travel,286.72,USD,approved,US,False,CH-10019,US,Healthcare,356.87,CATEGORY_MISMATCH,325ec2e6,2026-05-12 01:21:23,,,True
384bda05-943c-43dd-b057-adf969612227,2025-09-05 01:21:23,Green,Walmart,Retail,372.54,USD,approved,CA,False,CH-10136,CA,Entertainment,213.15,CATEGORY_MISMATCH,325ec2e6,2026-05-12 01:21:23,,,True
0142486d-2e6a-4642-a7b2-9ee945a55735,2026-03-27 01:21:23,Green,McDonald's,Food & Beverage,398.03,USD,pending,US,False,CH-10175,US,Travel,455.33,CATEGORY_MISMATCH,325ec2e6,2026-05-12 01:21:23,,,True
c281cfe5-537e-4650-9254-710265e86142,2026-04-28 01:21:23,Platinum,Best Buy,Technology,16.0,USD,approved,US,False,CH-10025,US,Entertainment,122.06,,325ec2e6,2026-05-12 01:21:23,,,True
343ae5f6-53e1-4d8b-a690-4a75e74762e4,2025-10-14 01:21:23,Platinum,Apple Store,Technology,357.13,USD,approved,GB,False,CH-10095,GB,Healthcare,313.61,,325ec2e6,2026-05-12 01:21:23,,,True
17361f89-7445-4dbb-9944-33e21fe5df5f,2026-01-09 01:21:23,Blue Cash,Uber,Transportation,277.61,USD,approved,US,False,CH-10020,US,Transportation,276.39,,325ec2e6,2026-05-12 01:21:23,,,True
58f3d6c8-a06c-4034-9031-38a701c7cf16,2026-05-08 01:21:23,Blue Cash,Delta Airlines,Travel,155.87,USD,approved,US,False,CH-10163,US,Fuel,86.42,,325ec2e6,2026-05-12 01:21:23,,,True
641d6785-3bb9-4aaf-ac8f-ceb97cc512f2,2025-11-17 01:21:23,Gold,Target,Retail,559.09,USD,approved,US,False,CH-10139,US,Retail,283.01,,325ec2e6,2026-05-12 01:21:23,,,True
5bfd680f-f97b-462f-8cb5-fbfa9e157663,2026-01-31 01:21:23,Blue Cash,Delta Airlines,Travel,120.52,USD,approved,GB,False,CH-10176,GB,Travel,60.29,,325ec2e6,2026-05-12 01:21:23,,,True
42b47008-9f9b-4645-b237-b44883ab82a7,2025-05-19 01:21:23,Green,Uber,Transportation,279.41,USD,approved,GB,False,CH-10097,GB,Healthcare,467.24,,325ec2e6,2026-05-12 01:21:23,,,True
986c5215-b6f6-409e-8ef5-0fa5c02afccf,2025-08-31 01:21:23,Gold,Amazon,Retail,808.89,USD,declined,GB,False,CH-10070,GB,Travel,485.12,,325ec2e6,2026-05-12 01:21:23,,,True
cb2172da-0bf5-4363-9416-d8af016bb49f,2026-02-04 01:21:23,Green,Uber,Transportation,425.48,USD,approved,US,False,CH-10058,US,Healthcare,341.11,,325ec2e6,2026-05-12 01:21:23,,,True
2f9dd3ad-bf8c-4f2e-a049-5311be5c6334,2025-06-25 01:21:23,Platinum,Shell Gas,Fuel,559.21,USD,approved,GB,False,CH-10168,GB,Travel,431.23,,325ec2e6,2026-05-12 01:21:23,,,True
9c308b47-86bf-4f52-85fd-27bc5f008357,2025-12-12 01:21:23,Platinum,Marriott Hotels,Travel,146.42,USD,approved,US,False,CH-10148,US,Technology,218.93,,325ec2e6,2026-05-12 01:21:23,,,True
4ae2f1b8-4d9f-4097-8c4f-7c8f0010ea4d,2025-12-24 01:21:23,Green,Spotify,Entertainment,524.79,USD,approved,CA,False,CH-10138,CA,Transportation,315.45,,325ec2e6,2026-05-12 01:21:23,,,True
9817bccf-197f-40bd-aa46-2352ca4cc0a6,2025-11-20 01:21:23,Green,McDonald's,Food & Beverage,304.26,USD,approved,US,False,CH-10123,US,Healthcare,188.55,,325ec2e6,2026-05-12 01:21:23,,,True
8e71db2b-362b-4b3c-a5cb-49d50acaedd6,2025-07-31 01:21:23,Blue Cash,Starbucks,Food & Beverage,225.71,USD,pending,US,False,CH-10193,US,Fuel,304.21,,325ec2e6,2026-05-12 01:21:23,,,True
1fe49f22-86c5-44b5-9b25-50164a5ca01a,2025-11-03 01:21:23,Blue Cash,Delta Airlines,Travel,59.3,USD,approved,US,False,CH-10172,US,Retail,253.11,,325ec2e6,2026-05-12 01:21:23,,,True
568ce87f-6dac-4b30-96e3-0f5cce1cd64c,2025-09-17 01:21:23,Gold,Shell Gas,Fuel,95.67,USD,approved,US,False,CH-10056,US,Food & Beverage,52.35,,325ec2e6,2026-05-12 01:21:23,,,True
82f6ac2b-d452-4bdb-be1c-5c799fc1e9d7,2025-09-02 01:21:23,Gold,Amazon,Retail,85.06,USD,approved,US,False,CH-10035,US,Fuel,347.22,,325ec2e6,2026-05-12 01:21:23,,,True
c8138b74-22fe-4f01-bb9e-bc12034f8241,2025-05-21 01:21:23,Green,Best Buy,Technology,285.44,USD,approved,US,False,CH-10099,US,Transportation,150.73,,325ec2e6,2026-05-12 01:21:23,,,True
2f354bcc-2749-4651-b793-4a82babb0e1c,2025-09-04 01:21:23,Blue Cash,Spotify,Entertainment,326.6,USD,approved,US,False,CH-10039,US,Transportation,263.69,,325ec2e6,2026-05-12 01:21:23,,,True
a3a297c5-da14-4480-954b-e105d339b57f,2026-01-12 01:21:23,Platinum,McDonald's,Food & Beverage,103.88,USD,approved,GB,False,CH-10176,GB,Travel,60.29,CATEGORY_MISMATCH,325ec2e6,2026-05-12 01:21:23,,,True
c2c8dc5a-3265-46e8-8b48-bdcae5147dc2,2026-02-04 01:21:23,Gold,Marriott Hotels,Travel,424.5,USD,approved,US,False,CH-10165,US,Fuel,219.14,,325ec2e6,2026-05-12 01:21:23,,,True
6aa309e9-38eb-4769-bd69-e8af5863c9be,2025-11-29 02:37:23,Platinum,Shell Gas,Fuel,805.11,USD,approved,FR,True,CH-10023,US,Food & Beverage,414.47,GEO_IMPOSSIBLE,325ec2e6,2026-05-12 01:21:23,,,True
052a9dd9-8b5b-4138-a7db-79bf54d6d0f8,2025-08-02 01:21:23,Gold,Starbucks,Food & Beverage,30.82,USD,approved,GB,False,CH-10144,GB,Entertainment,64.83,,325ec2e6,2026-05-12 01:21:23,,,True
23ecd79b-731d-448c-b84e-93b5aac2d63d,2025-07-11 01:21:23,Platinum,McDonald's,Food & Beverage,6.68,USD,approved,GB,False,CH-10084,GB,Food & Beverage,297.88,,325ec2e6,2026-05-12 01:21:23,,,True
20a769da-f609-4662-bc15-02af476d37f7,2026-04-05 01:21:56,Green,Whole Foods,Food & Beverage,406.3,USD,approved,CA,False,CH-10033,CA,Retail,306.03,VELOCITY,325ec2e6,2026-05-12 01:21:23,,,True
fbd7ef21-931b-4a56-95d3-6c6162a92b5a,2025-12-28 01:21:23,Green,Uber,Transportation,19.06,USD,approved,GB,False,CH-10060,GB,Technology,136.64,,325ec2e6,2026-05-12 01:21:23,,,True
24cc6ea8-00dd-4766-a15a-272470fc5c3f,2025-11-08 01:21:23,Blue Cash,Walmart,Retail,7264.53,USD,approved,US,False,CH-10190,US,Transportation,483.07,HIGH_VALUE_OUTLIER,325ec2e6,2026-05-12 01:21:23,,AMOUNT_ANOMALY:z=12.24,True
646ceb9f-0b32-4eb0-9b3d-48fdf47b0320,2026-04-27 01:21:23,Green,CVS Pharmacy,Healthcare,54.26,USD,approved,GB,False,CH-10011,GB,Healthcare,407.42,,325ec2e6,2026-05-12 01:21:23,,,True
e2554627-3a78-4782-872b-37223678b706,2025-09-27 01:21:23,Blue Cash,CVS Pharmacy,Healthcare,71.56,USD,approved,US,False,CH-10175,US,Travel,455.33,CATEGORY_MISMATCH,325ec2e6,2026-05-12 01:21:23,,,True
f25c5223-3c5c-4c30-b148-932059f1cb80,2025-07-11 01:21:23,Green,Delta Airlines,Travel,327.34,USD,approved,US,False,CH-10032,US,Retail,306.28,,325ec2e6,2026-05-12 01:21:23,,,True
4e520cd7-cf73-45d0-818e-50281e9b32ff,2025-06-13 01:21:23,Gold,McDonald's,Food & Beverage,214.88,USD,declined,US,False,CH-10025,US,Entertainment,122.06,,325ec2e6,2026-05-12 01:21:23,,,True
c8e89075-c594-4dc2-81f4-99995d204413,2025-09-22 01:21:23,Platinum,Best Buy,Technology,158.54,USD,approved,US,False,CH-10110,US,Healthcare,195.03,,325ec2e6,2026-05-12 01:21:23,,,True
2997af7f-81b2-4dc8-8afc-e77e0ebbbcda,2026-02-23 01:21:23,Green,Shell Gas,Fuel,66.54,USD,approved,GB,False,CH-10080,GB,Transportation,47.3,,325ec2e6,2026-05-12 01:21:23,,,True
8ed80c55-e40a-4460-9f73-193f4310501b,2025-11-03 01:21:23,Blue Cash,Walmart,Retail,393.65,USD,approved,US,False,CH-10021,US,Transportation,241.88,,325ec2e6,2026-05-12 01:21:23,,,True
9782a7ae-fb0a-455e-afe0-f33b4a4bfd70,2025-10-14 01:21:23,Green,Whole Foods,Food & Beverage,113.71,USD,approved,US,False,CH-10143,US,Fuel,156.22,,325ec2e6,2026-05-12 01:21:23,,,True
fe124daf-4b29-4735-b4e3-66e81c55103c,2025-11-13 01:21:23,Green,Amazon,Retail,83.64,USD,approved,US,False,CH-10184,US,Travel,382.03,,325ec2e6,2026-05-12 01:21:23,,,True
6a1f6ab5-0aa8-4dfc-ad5f-568ef8be9c85,2025-08-01 01:21:23,Gold,Starbucks,Food & Beverage,141.77,USD,approved,US,False,CH-10123,US,Healthcare,188.55,,325ec2e6,2026-05-12 01:21:23,,,True
d0439e9c-824b-426f-bf41-5f2cf88b238a,2025-06-10 01:21:23,Gold,Netflix,Entertainment,376.26,USD,approved,GB,False,CH-10109,GB,Transportation,226.3,,325ec2e6,2026-05-12 01:21:23,,,True
483ee965-2394-46a1-81fc-3973465fb748,2025-11-14 01:21:23,Green,McDonald's,Food & Beverage,7.88,USD,declined,US,False,CH-10179,US,Food & Beverage,238.26,,325ec2e6,2026-05-12 01:21:23,,,True
ba76779c-b15b-4754-827f-08f41c172d29,2026-04-27 01:21:23,Platinum,Walmart,Retail,16.34,USD,approved,US,False,CH-10102,US,Travel,64.3,,325ec2e6,2026-05-12 01:21:23,,,True
32d8da74-0962-43a5-ae79-e2534ea9ea2c,2025-11-27 01:21:23,Platinum,Marriott Hotels,Travel,630.47,USD,approved,US,False,CH-10116,US,Retail,405.07,,325ec2e6,2026-05-12 01:21:23,,,True
76270dc2-6889-4864-9646-09cf55ecad28,2026-04-17 01:21:23,Platinum,Target,Retail,385.76,USD,approved,CA,False,CH-10013,CA,Fuel,284.98,,325ec2e6,2026-05-12 01:21:23,,,True
943891b6-ca71-4014-96fd-dbdc09418b88,2026-01-22 01:21:23,Blue Cash,Uber,Transportation,4949.91,USD,approved,GB,False,CH-10124,GB,Retail,346.17,HIGH_VALUE_OUTLIER,325ec2e6,2026-05-12 01:21:23,,AMOUNT_ANOMALY:z=8.16,True
a5ae62c6-cc7b-41e4-9814-22d4935eb19a,2025-12-06 01:21:23,Blue Cash,Uber,Transportation,35.75,USD,approved,CA,False,CH-10173,CA,Entertainment,341.06,,325ec2e6,2026-05-12 01:21:23,,,True
c4b02d57-2229-4d44-8d3b-df0d7329d0e1,2026-03-03 01:21:23,Green,Starbucks,Food & Beverage,134.11,USD,declined,US,False,CH-10001,US,Food & Beverage,86.98,,325ec2e6,2026-05-12 01:21:23,,,True
c524db76-adad-4707-b7ed-0fe5811a3c13,2025-10-30 01:21:23,Blue Cash,CVS Pharmacy,Healthcare,79.06,USD,approved,US,False,CH-10127,US,Travel,72.03,,325ec2e6,2026-05-12 01:21:23,,,True
e6bcd59f-7507-4bd3-8a1d-8f6a6a250e0d,2026-04-21 01:21:23,Green,McDonald's,Food & Beverage,224.72,USD,approved,CA,False,CH-10171,CA,Food & Beverage,254.35,,325ec2e6,2026-05-12 01:21:23,,,True
e18efbbc-8bf7-481d-911a-f36cfd8e2728,2025-05-14 01:21:23,Blue Cash,Uber,Transportation,62.36,USD,approved,GB,False,CH-10080,GB,Transportation,47.3,,325ec2e6,2026-05-12 01:21:23,,,True
3d679fd3-e270-487a-8cbb-e6c68948387d,2025-11-08 01:21:23,Blue Cash,Target,Retail,18.23,USD,approved,US,False,CH-10083,US,Retail,77.55,,325ec2e6,2026-05-12 01:21:23,,,True
a1f4357d-8451-4510-832b-d1e0a107d843,2025-12-05 01:21:23,Gold,Apple Store,Technology,317.24,USD,approved,CA,False,CH-10150,CA,Technology,211.83,,325ec2e6,2026-05-12 01:21:23,,,True
b08bfd5c-8830-4c2e-8a53-50a37ecd195a,2026-02-02 01:21:23,Gold,Whole Foods,Food & Beverage,647.07,USD,approved,US,False,CH-10019,US,Healthcare,356.87,,325ec2e6,2026-05-12 01:21:23,,,True
86dac024-c679-4cab-bb34-f8c00622d195,2026-02-27 01:21:23,Platinum,Netflix,Entertainment,115.9,USD,approved,US,False,CH-10165,US,Fuel,219.14,,325ec2e6,2026-05-12 01:21:23,,,True
fd5bdb7f-98f0-43f4-80f9-e75a3ffa69bb,2025-06-25 01:21:23,Gold,Shell Gas,Fuel,353.01,USD,approved,US,False,CH-10194,US,Fuel,354.65,,325ec2e6,2026-05-12 01:21:23,,,True
9832f3db-f71f-4292-88de-2f989aadda10,2025-06-25 01:21:23,Green,Shell Gas,Fuel,278.47,USD,declined,US,False,CH-10114,US,Food & Beverage,435.01,,325ec2e6,2026-05-12 01:21:23,,,True
ca6e8356-a28e-48ef-ba2b-4dd768184a09,2025-11-13 01:21:23,Green,Delta Airlines,Travel,60.49,USD,approved,US,False,CH-10161,US,Technology,57.19,,325ec2e6,2026-05-12 01:21:23,,,True
07882b02-9c87-478a-bf92-f52dbba849c9,2026-03-27 01:21:23,Green,Marriott Hotels,Travel,367.4,USD,approved,GB,False,CH-10014,GB,Entertainment,297.13,,325ec2e6,2026-05-12 01:21:23,,,True
b4c3e6ed-7f4d-42c5-bc34-34ba0884b79f,2025-07-24 01:21:23,Gold,McDonald's,Food & Beverage,318.79,USD,approved,CA,False,CH-10141,CA,Entertainment,243.19,,325ec2e6,2026-05-12 01:21:23,,,True
144d52fc-46b4-4ffe-a6b0-088f7d9f24ab,2025-11-18 01:21:23,Blue Cash,McDonald's,Food & Beverage,42.44,USD,approved,US,False,CH-10038,US,Technology,21.56,CATEGORY_MISMATCH,325ec2e6,2026-05-12 01:21:23,,,True
a88da759-f860-4eaf-b0e5-5a5f8e0e813b,2025-08-17 01:21:23,Blue Cash,CVS Pharmacy,Healthcare,456.8,USD,pending,CA,False,CH-10063,CA,Technology,434.64,,325ec2e6,2026-05-12 01:21:23,,,True
fcda6575-58bf-4da1-a421-5b8d1471d2f0,2025-05-30 01:21:23,Blue Cash,Apple Store,Technology,522.21,USD,approved,CA,False,CH-10072,CA,Food & Beverage,435.03,,325ec2e6,2026-05-12 01:21:23,,,True
0e0b630b-b449-4c3d-80f1-0c710b44371e,2025-10-27 01:21:23,Gold,Marriott Hotels,Travel,248.26,USD,approved,US,False,CH-10016,US,Fuel,430.55,,325ec2e6,2026-05-12 01:21:23,,,True
d09a66ed-b404-4e52-baf7-ab5f327ad6b9,2025-07-18 01:21:23,Platinum,Netflix,Entertainment,319.02,USD,approved,US,False,CH-10154,US,Fuel,239.1,,325ec2e6,2026-05-12 01:21:23,,,True
3ad04090-1afa-4c7d-a338-c20c1852cc93,2025-05-15 01:21:23,Blue Cash,CVS Pharmacy,Healthcare,388.55,USD,approved,US,False,CH-10167,US,Retail,206.95,,325ec2e6,2026-05-12 01:21:23,,,True
70b679bf-4817-43c7-b0fc-8620d82038b8,2025-05-27 01:21:23,Platinum,Netflix,Entertainment,544.04,USD,approved,GB,False,CH-10084,GB,Food & Beverage,297.88,CATEGORY_MISMATCH,325ec2e6,2026-05-12 01:21:23,,,True
8739a318-619e-4851-b346-aa9e1c0eba94,2026-01-23 01:21:23,Green,Amazon,Retail,60.41,USD,approved,US,False,CH-10092,US,Healthcare,83.58,,325ec2e6,2026-05-12 01:21:23,,,True
62c3051f-0bc5-45cf-8f30-b5c9b82bb1d7,2026-03-22 01:21:23,Gold,Target,Retail,355.02,USD,approved,US,False,CH-10035,US,Fuel,347.22,,325ec2e6,2026-05-12 01:21:23,,,True
44ccf497-5985-4a93-9440-f26f98bf34d2,2025-06-30 01:21:23,Green,Amazon,Retail,87.98,USD,declined,US,False,CH-10134,US,Entertainment,319.11,,325ec2e6,2026-05-12 01:21:23,,,True
20b8017c-eccf-41ec-aade-52d62fe0e1db,2026-04-20 01:21:23,Platinum,McDonald's,Food & Beverage,361.29,USD,approved,CA,False,CH-10177,CA,Transportation,436.09,,325ec2e6,2026-05-12 01:21:23,,,True
5c99e26c-2eb9-4317-9f36-c6f270880fb7,2025-09-25 01:21:23,Green,Uber,Transportation,231.96,USD,approved,GB,False,CH-10113,GB,Retail,487.44,,325ec2e6,2026-05-12 01:21:23,,,True
50e2fe12-db10-42e7-9aeb-9c1aa4ed1382,2025-07-24 01:21:23,Platinum,Spotify,Entertainment,327.88,USD,approved,CA,False,CH-10120,CA,Entertainment,166.49,,325ec2e6,2026-05-12 01:21:23,,,True
70c0a508-adc9-41bb-8471-b216aaca4dd4,2026-01-30 01:21:23,Blue Cash,Whole Foods,Food & Beverage,749.76,USD,pending,GB,False,CH-10097,GB,Healthcare,467.24,,325ec2e6,2026-05-12 01:21:23,,,True
336ad8a6-686c-482e-b7ff-eaab8b25d3f4,2026-03-21 01:21:23,Green,Best Buy,Technology,503.83,USD,approved,US,False,CH-10164,US,Retail,353.1,,325ec2e6,2026-05-12 01:21:23,,,True
b43c9ed3-225e-40f6-ada1-f1779ba6367f,2025-08-23 01:21:23,Platinum,McDonald's,Food & Beverage,75.55,USD,approved,US,False,CH-10021,US,Transportation,241.88,,325ec2e6,2026-05-12 01:21:23,,,True
2dd0122d-303f-4690-8ab8-fe6acbe4a916,2026-04-29 01:21:23,Blue Cash,Netflix,Entertainment,46.37,USD,declined,US,False,CH-10056,US,Food & Beverage,52.35,,325ec2e6,2026-05-12 01:21:23,,,True
4e505ab8-64d8-45fe-8348-0cc32e047f74,2025-11-30 01:21:23,Green,Walmart,Retail,273.9,USD,approved,US,False,CH-10098,US,Transportation,146.94,,325ec2e6,2026-05-12 01:21:23,,,True
a9c41c70-4d2c-4be3-993e-2e9c538a5d03,2025-09-13 01:21:23,Gold,Target,Retail,225.49,USD,approved,US,False,CH-10037,US,Fuel,160.88,,325ec2e6,2026-05-12 01:21:23,,,True
dbc25744-3bd7-47a1-a750-04aac71f489e,2026-05-03 01:21:23,Gold,Uber,Transportation,226.38,USD,declined,US,False,CH-10114,US,Food & Beverage,435.01,,325ec2e6,2026-05-12 01:21:23,,,True
5af5ae3e-c53e-4b42-b8c3-9d6ee5d58612,2025-12-16 01:21:23,Blue Cash,Uber,Transportation,67.74,USD,approved,GB,False,CH-10186,GB,Transportation,134.5,,325ec2e6,2026-05-12 01:21:23,,,True
d32f2c8e-4014-4546-8c78-d53c9184bc60,2026-05-08 01:24:04,Blue Cash,McDonald's,Food & Beverage,105.16,USD,approved,US,False,CH-10163,US,Fuel,86.42,VELOCITY,325ec2e6,2026-05-12 01:21:23,,,True
33911bb5-abea-4973-a6f9-0cd0abf43034,2025-07-02 01:21:23,Green,Target,Retail,93.29,USD,approved,US,False,CH-10183,US,Entertainment,127.63,,325ec2e6,2026-05-12 01:21:23,,,True
990b17fa-4aac-4436-a716-00dd0d2f3591,2025-08-16 01:21:23,Green,Walmart,Retail,279.05,USD,approved,CA,False,CH-10171,CA,Food & Beverage,254.35,,325ec2e6,2026-05-12 01:21:23,,,True
f3a6116f-5bfd-4d1d-b657-42a1a2802c62,2025-10-26 01:21:23,Blue Cash,Apple Store,Technology,246.95,USD,approved,GB,False,CH-10005,GB,Retail,125.81,,325ec2e6,2026-05-12 01:21:23,,,True
4145d393-fc01-43d2-925a-445b7a69a408,2025-11-13 01:21:23,Green,Walmart,Retail,352.64,USD,approved,GB,False,CH-10160,GB,Technology,320.84,,325ec2e6,2026-05-12 01:21:23,,,True
291e6225-c532-40b4-8762-4ac0cf43fad2,2025-09-09 01:21:23,Blue Cash,Shell Gas,Fuel,290.03,USD,pending,CA,False,CH-10199,CA,Fuel,228.09,,325ec2e6,2026-05-12 01:21:23,,,True
68a28065-e96d-4c06-b196-b3e454312ded,2026-04-20 01:21:23,Gold,Best Buy,Technology,677.91,USD,approved,US,False,CH-10198,US,Travel,427.8,,325ec2e6,2026-05-12 01:21:23,,,True
adf8ff24-62bd-4488-b0a8-5bb4c2165f95,2025-08-07 01:21:23,Blue Cash,McDonald's,Food & Beverage,287.06,USD,pending,US,False,CH-10079,US,Travel,300.41,CATEGORY_MISMATCH,325ec2e6,2026-05-12 01:21:23,,,True
98a1e793-5e9b-4d14-9280-0223b8113a48,2025-11-24 01:21:23,Gold,Netflix,Entertainment,33.78,USD,declined,GB,False,CH-10091,GB,Fuel,55.17,,325ec2e6,2026-05-12 01:21:23,,,True
57834b93-bde4-4100-bd60-d39228188800,2025-10-27 01:21:23,Blue Cash,CVS Pharmacy,Healthcare,46.91,USD,declined,US,False,CH-10102,US,Travel,64.3,,325ec2e6,2026-05-12 01:21:23,,,True
03f4c27c-7147-41f5-aaac-96e279b98ea4,2025-10-07 01:21:23,Green,Spotify,Entertainment,19.71,USD,approved,US,False,CH-10094,US,Healthcare,95.72,,325ec2e6,2026-05-12 01:21:23,,,True
1586f09d-f796-48d0-baf3-6caaa083998d,2025-11-26 01:21:23,Green,Delta Airlines,Travel,375.79,USD,approved,US,False,CH-10139,US,Retail,283.01,,325ec2e6,2026-05-12 01:21:23,,,True
8764bf3a-3c33-42b1-80aa-5239aed96d68,2026-04-21 01:21:23,Blue Cash,Target,Retail,330.32,USD,approved,GB,False,CH-10109,GB,Transportation,226.3,,325ec2e6,2026-05-12 01:21:23,,,True
f4d670cb-c6a3-4a69-adec-5fd3312c5299,2025-06-20 01:21:23,Gold,Delta Airlines,Travel,101.14,USD,approved,US,False,CH-10111,US,Entertainment,120.84,,325ec2e6,2026-05-12 01:21:23,,,True
eafcb6f6-1b7d-4d8b-b81b-e25e9286f42b,2026-01-06 01:22:10,Platinum,Amazon,Retail,663.65,USD,approved,US,False,CH-10040,US,Healthcare,424.0,VELOCITY,325ec2e6,2026-05-12 01:21:23,,,True
4d819fba-6373-420c-85aa-367a8f12a66e,2025-07-26 01:21:23,Green,Marriott Hotels,Travel,19.03,USD,approved,US,False,CH-10165,US,Fuel,219.14,,325ec2e6,2026-05-12 01:21:23,,,True
30f9d9d3-2088-4f96-9f67-43b0ef936354,2025-07-23 01:21:23,Blue Cash,Marriott Hotels,Travel,30.67,USD,approved,US,False,CH-10094,US,Healthcare,95.72,,325ec2e6,2026-05-12 01:21:23,,,True
fa05698d-70fa-4aa2-80bc-ba5038bef549,2026-02-06 01:21:23,Gold,Starbucks,Food & Beverage,217.17,USD,approved,US,False,CH-10071,US,Transportation,215.08,,325ec2e6,2026-05-12 01:21:23,,,True
0cc36a6e-19ca-4891-882a-bd74e4d1c500,2026-01-23 01:21:23,Green,McDonald's,Food & Beverage,482.38,USD,approved,US,False,CH-10067,US,Healthcare,242.06,,325ec2e6,2026-05-12 01:21:23,,,True
ec7cb268-cd74-47ab-87e3-ca844c89fff5,2026-04-05 01:21:23,Gold,Starbucks,Food & Beverage,428.41,USD,approved,GB,False,CH-10125,GB,Entertainment,470.83,,325ec2e6,2026-05-12 01:21:23,,,True
80166516-72c9-481f-bf9b-6822316945ce,2025-05-14 01:21:23,Green,McDonald's,Food & Beverage,49.95,USD,approved,US,False,CH-10022,US,Food & Beverage,348.61,,325ec2e6,2026-05-12 01:21:23,,,True
56086322-1636-4885-82cd-3daf65403a07,2025-08-25 01:21:23,Platinum,CVS Pharmacy,Healthcare,194.04,USD,approved,US,False,CH-10040,US,Healthcare,424.0,,325ec2e6,2026-05-12 01:21:23,,,True
27107b96-f07d-4e80-a9e7-ec30ac282189,2025-08-02 01:21:23,Blue Cash,McDonald's,Food & Beverage,158.53,USD,approved,GB,False,CH-10060,GB,Technology,136.64,,325ec2e6,2026-05-12 01:21:23,,,True
281c3a48-bd3a-4893-9f39-8cb528b4955d,2025-10-21 01:21:23,Gold,Uber,Transportation,611.81,USD,approved,CA,False,CH-10033,CA,Retail,306.03,,325ec2e6,2026-05-12 01:21:23,,,True
662cff69-b97b-41ff-8e8a-bc87005a3324,2025-12-01 01:21:23,Gold,Apple Store,Technology,241.58,USD,approved,GB,False,CH-10196,GB,Travel,186.66,,325ec2e6,2026-05-12 01:21:23,,,True
702d1005-4af2-4cd9-a74f-38e0eaa5e5c7,2026-03-07 01:21:23,Platinum,Target,Retail,299.1,USD,approved,CA,False,CH-10088,CA,Transportation,342.41,,325ec2e6,2026-05-12 01:21:23,,,True
6d3033ef-688e-4d3e-89b5-1642d1958e88,2026-02-19 01:21:23,Platinum,Whole Foods,Food & Beverage,63.64,USD,approved,US,False,CH-10031,US,Fuel,93.36,,325ec2e6,2026-05-12 01:21:23,,,True
5f420f2d-1160-4c0d-8d50-3dad9e221883,2026-01-04 01:21:23,Green,Spotify,Entertainment,109.85,USD,approved,CA,False,CH-10132,CA,Travel,269.56,,325ec2e6,2026-05-12 01:21:23,,,True
c6f9787d-6d22-4989-8606-f52e56b28259,2026-02-15 01:21:23,Gold,Delta Airlines,Travel,381.79,USD,approved,GB,False,CH-10160,GB,Technology,320.84,,325ec2e6,2026-05-12 01:21:23,,,True
11be0e7b-a47e-41a2-a82d-13cdecf16f45,2025-07-28 01:21:23,Green,CVS Pharmacy,Healthcare,36.73,USD,approved,US,False,CH-10159,US,Healthcare,387.59,,325ec2e6,2026-05-12 01:21:23,,,True
2c67defc-bffb-4aab-a6b9-f1e84c71d0a4,2025-07-24 01:21:23,Green,McDonald's,Food & Beverage,297.11,USD,approved,US,False,CH-10164,US,Retail,353.1,,325ec2e6,2026-05-12 01:21:23,,,True
80dd2ff0-502d-4711-9128-af5c602b976c,2025-12-09 01:21:23,Green,Whole Foods,Food & Beverage,312.48,USD,approved,GB,False,CH-10160,GB,Technology,320.84,,325ec2e6,2026-05-12 01:21:23,,,True
779c054d-956b-44ab-aff3-22011bc1d73c,2026-02-21 01:21:23,Gold,Best Buy,Technology,85.71,USD,approved,GB,False,CH-10076,GB,Technology,94.3,,325ec2e6,2026-05-12 01:21:23,,,True
77d18fe0-596e-4d6b-9258-1d79836df327,2025-11-30 01:21:23,Green,Target,Retail,700.32,USD,declined,CA,False,CH-10155,CA,Entertainment,476.02,,325ec2e6,2026-05-12 01:21:23,,,True
cd87705a-7a4c-49a7-8ac2-44f81333e1a3,2026-03-19 01:21:23,Green,McDonald's,Food & Beverage,198.72,USD,approved,CA,False,CH-10033,CA,Retail,306.03,,325ec2e6,2026-05-12 01:21:23,,,True
79112107-77e8-45ab-ade8-c2753f2dc104,2025-10-28 01:21:23,Gold,Target,Retail,751.88,USD,approved,CA,False,CH-10063,CA,Technology,434.64,,325ec2e6,2026-05-12 01:21:23,,,True
d152dbce-8350-4620-b915-af63e740683f,2025-12-03 01:21:23,Green,Netflix,Entertainment,165.03,USD,declined,US,False,CH-10040,US,Healthcare,424.0,,325ec2e6,2026-05-12 01:21:23,,,True
9a79ba3e-f694-4f7d-ba96-699d4acabd89,2026-03-27 01:21:23,Green,Best Buy,Technology,219.18,USD,approved,CA,False,CH-10119,CA,Food & Beverage,115.79,,325ec2e6,2026-05-12 01:21:23,,,True
d004b3e6-89c0-4c07-ba6f-3042d084620e,2025-12-19 01:21:23,Green,Uber,Transportation,358.62,USD,approved,US,False,CH-10055,US,Fuel,359.76,,325ec2e6,2026-05-12 01:21:23,,,True
03830f6c-20cf-43db-9a60-00f70c43b1c0,2025-10-04 01:21:23,Gold,Delta Airlines,Travel,48.93,USD,approved,CA,False,CH-10120,CA,Entertainment,166.49,,325ec2e6,2026-05-12 01:21:23,,,True
d8f6710c-b1fa-4909-a440-7747f59011b2,2025-07-25 01:21:23,Gold,Marriott Hotels,Travel,48.44,USD,approved,CA,False,CH-10103,CA,Healthcare,41.16,,325ec2e6,2026-05-12 01:21:23,,,True
37311cd2-8262-4b0a-8635-d02f11631cb8,2025-12-20 01:21:23,Blue Cash,Whole Foods,Food & Beverage,243.42,USD,approved,US,False,CH-10098,US,Transportation,146.94,,325ec2e6,2026-05-12 01:21:23,,,True
481376f9-f9cc-452b-bc04-97173dda890d,2025-11-20 01:21:23,Blue Cash,Walmart,Retail,343.91,USD,approved,US,False,CH-10032,US,Retail,306.28,,325ec2e6,2026-05-12 01:21:23,,,True
6696e55e-fbeb-4e5a-bcb7-52fd2b6cdd3d,2026-04-19 01:21:23,Blue Cash,Whole Foods,Food & Beverage,23.41,USD,approved,US,False,CH-10154,US,Fuel,239.1,,325ec2e6,2026-05-12 01:21:23,,,True
5815e48f-e7b0-4f4b-a4ac-7c6e0af6b518,2025-08-22 01:21:23,Platinum,Best Buy,Technology,79.66,USD,approved,CA,False,CH-10132,CA,Travel,269.56,,325ec2e6,2026-05-12 01:21:23,,,True
f8da859c-2080-4120-b993-c48b68183984,2025-08-26 01:21:23,Green,Uber,Transportation,604.61,USD,approved,GB,False,CH-10100,GB,Food & Beverage,364.45,,325ec2e6,2026-05-12 01:21:23,,,True
045a9f22-48a9-4a02-8835-f775e5e9154f,2025-06-02 01:21:23,Gold,Best Buy,Technology,25.12,USD,approved,GB,False,CH-10076,GB,Technology,94.3,,325ec2e6,2026-05-12 01:21:23,,,True
cb7e885e-2844-46e3-a4af-cce76bb0c783,2025-12-28 01:21:23,Gold,Netflix,Entertainment,817.98,USD,approved,US,False,CH-10185,US,Food & Beverage,422.83,,325ec2e6,2026-05-12 01:21:23,,,True
9798f861-fb5f-45ff-b088-7e06baf71a2f,2026-02-14 01:21:23,Gold,Starbucks,Food & Beverage,330.98,USD,approved,US,False,CH-10147,US,Technology,313.41,,325ec2e6,2026-05-12 01:21:23,,,True
5c1522a9-8085-4701-9bab-4a0c3bb73a94,2026-01-30 01:23:13,Platinum,Target,Retail,107.15,USD,approved,GB,False,CH-10097,GB,Healthcare,467.24,VELOCITY,325ec2e6,2026-05-12 01:21:23,,,True
f8f0d3d0-b5e5-4150-b441-dfd6c37688b4,2025-07-03 01:21:23,Platinum,CVS Pharmacy,Healthcare,692.24,USD,approved,US,False,CH-10105,US,Transportation,375.79,,325ec2e6,2026-05-12 01:21:23,,,True
882e7474-7788-47b7-8b7f-bda4bea80ab6,2025-07-29 01:21:23,Platinum,CVS Pharmacy,Healthcare,222.72,USD,approved,US,False,CH-10015,US,Travel,337.41,,325ec2e6,2026-05-12 01:21:23,,,True
c09a4883-0699-4a47-b68f-5b9510803395,2025-11-18 01:21:23,Blue Cash,Target,Retail,53.95,USD,declined,GB,False,CH-10080,GB,Transportation,47.3,,325ec2e6,2026-05-12 01:21:23,,,True
e055127f-6248-4095-a71f-e7548d500ef4,2026-02-03 01:21:23,Green,Shell Gas,Fuel,810.97,USD,approved,CA,False,CH-10174,CA,Transportation,423.44,,325ec2e6,2026-05-12 01:21:23,,,True
3f4305a2-751d-4985-840f-b677380793d9,2025-05-24 01:21:23,Green,McDonald's,Food & Beverage,134.44,USD,approved,GB,False,CH-10076,GB,Technology,94.3,,325ec2e6,2026-05-12 01:21:23,,,True
1e43b5db-84fc-4e77-bfdb-b3d91e33cf3e,2025-05-31 01:21:23,Green,Delta Airlines,Travel,417.32,USD,approved,US,False,CH-10184,US,Travel,382.03,,325ec2e6,2026-05-12 01:21:23,,,True
7e9c16fb-d766-4456-b7ff-c0897dae5349,2025-12-16 01:21:23,Platinum,Best Buy,Technology,654.44,USD,approved,CA,False,CH-10088,CA,Transportation,342.41,CATEGORY_MISMATCH,325ec2e6,2026-05-12 01:21:23,,,True
c53f0455-b3e5-4fe0-acdf-6169d18f4c29,2025-08-10 01:21:23,Platinum,Best Buy,Technology,256.27,USD,approved,US,False,CH-10191,US,Travel,465.87,,325ec2e6,2026-05-12 01:21:23,,,True
5123970b-7925-42d4-87ff-c4b1307fb224,2025-06-04 01:21:23,Platinum,Uber,Transportation,266.86,USD,approved,CA,False,CH-10027,CA,Transportation,147.14,,325ec2e6,2026-05-12 01:21:23,,,True
c5b146da-091b-460d-a01e-d9a91d0f0d4d,2026-03-22 01:21:23,Green,Apple Store,Technology,167.89,USD,approved,US,False,CH-10025,US,Entertainment,122.06,,325ec2e6,2026-05-12 01:21:23,,,True
93f8ce3e-e1fa-4c08-b815-26aaaa98651b,2026-01-30 01:21:23,Blue Cash,Apple Store,Technology,642.23,USD,approved,US,False,CH-10040,US,Healthcare,424.0,,325ec2e6,2026-05-12 01:21:23,,,True
dfd12740-bb55-403d-8b9f-eb8688f30b1f,2026-01-14 01:21:23,Gold,Spotify,Entertainment,363.45,USD,approved,US,False,CH-10015,US,Travel,337.41,,325ec2e6,2026-05-12 01:21:23,,,True
c9ca75e8-d01b-4d90-a436-413ffe04e2ce,2026-04-24 01:21:23,Platinum,Apple Store,Technology,269.13,USD,declined,US,False,CH-10044,US,Healthcare,134.94,,325ec2e6,2026-05-12 01:21:23,,,True
33af24ff-46eb-4084-8a6a-1fe4c37c2485,2026-05-08 01:21:23,Green,Netflix,Entertainment,281.53,USD,declined,US,False,CH-10191,US,Travel,465.87,,325ec2e6,2026-05-12 01:21:23,,,True
e6bc65d8-e817-4b82-9818-16361983269d,2025-08-07 01:21:23,Blue Cash,Delta Airlines,Travel,234.37,USD,pending,US,False,CH-10085,US,Fuel,221.23,,325ec2e6,2026-05-12 01:21:23,,,True
aa1e6286-9547-4a8b-aea4-4918d905f717,2026-03-16 01:21:23,Green,Best Buy,Technology,209.02,USD,approved,US,False,CH-10129,US,Retail,310.98,,325ec2e6,2026-05-12 01:21:23,,,True
d9fa465f-962f-4dc3-a3d5-3eec94bfaf74,2025-12-12 01:21:23,Gold,Target,Retail,147.09,USD,approved,US,False,CH-10183,US,Entertainment,127.63,,325ec2e6,2026-05-12 01:21:23,,,True
aa4ce52f-6087-4d6d-9997-6e50ff1cad8d,2025-08-22 01:21:23,Blue Cash,Spotify,Entertainment,60.04,USD,approved,US,False,CH-10163,US,Fuel,86.42,,325ec2e6,2026-05-12 01:21:23,,,True
9a71b4f3-f2f7-44bf-ad44-74ae0e0b85eb,2026-05-09 01:21:23,Green,Best Buy,Technology,184.8,USD,declined,US,False,CH-10035,US,Fuel,347.22,,325ec2e6,2026-05-12 01:21:23,,,True
ac6d5949-2450-47fa-a72c-9c8661f3e102,2025-05-27 03:05:23,Gold,Delta Airlines,Travel,414.26,USD,approved,US,True,CH-10084,GB,Food & Beverage,297.88,GEO_IMPOSSIBLE,325ec2e6,2026-05-12 01:21:23,,,True
546a24c1-16c5-46f3-93c4-45d8501684a3,2025-06-19 01:21:23,Green,Shell Gas,Fuel,75.84,USD,approved,CA,False,CH-10103,CA,Healthcare,41.16,,325ec2e6,2026-05-12 01:21:23,,,True
f0600505-86c3-4a4c-a124-73b7c05c206e,2025-07-06 01:21:23,Blue Cash,Target,Retail,42.25,USD,approved,US,False,CH-10056,US,Food & Beverage,52.35,,325ec2e6,2026-05-12 01:21:23,,,True
834c10b0-bd5f-4d93-9712-b7aaf4192028,2025-05-29 01:21:23,Platinum,Whole Foods,Food & Beverage,460.42,USD,approved,US,False,CH-10193,US,Fuel,304.21,,325ec2e6,2026-05-12 01:21:23,,,True
6cd8fdca-d0d4-4fa0-bc9e-96611de12ff2,2025-07-28 01:21:23,Green,Whole Foods,Food & Beverage,102.06,USD,approved,US,False,CH-10114,US,Food & Beverage,435.01,,325ec2e6,2026-05-12 01:21:23,,,True
c344cc66-677c-457f-95f6-b5969c0e9629,2025-08-19 01:21:23,Platinum,Uber,Transportation,206.29,USD,approved,CA,False,CH-10051,CA,Entertainment,230.29,,325ec2e6,2026-05-12 01:21:23,,,True
c16644ee-9089-41af-b41f-21005a3eea5b,2025-09-22 01:21:23,Blue Cash,Walmart,Retail,128.59,USD,approved,GB,False,CH-10125,GB,Entertainment,470.83,,325ec2e6,2026-05-12 01:21:23,,,True
cc40d008-5231-451e-8bb8-304be376355f,2025-10-14 01:22:48,Green,Best Buy,Technology,83.23,USD,approved,US,False,CH-10143,US,Fuel,156.22,VELOCITY,325ec2e6,2026-05-12 01:21:23,,,True
c6880ee6-1e5b-443c-8f17-570118fd8dba,2025-08-08 01:21:23,Green,Apple Store,Technology,810.08,USD,approved,GB,False,CH-10011,GB,Healthcare,407.42,,325ec2e6,2026-05-12 01:21:23,,,True
520a62d7-3286-4234-bb75-8a9ce6db28b2,2026-03-04 01:21:23,Green,Amazon,Retail,256.18,USD,approved,CA,False,CH-10120,CA,Entertainment,166.49,,325ec2e6,2026-05-12 01:21:23,,,True
f71dfe36-38fd-4f68-95b7-f524d3704c11,2025-10-31 01:21:23,Blue Cash,Marriott Hotels,Travel,358.95,USD,approved,US,False,CH-10107,US,Fuel,473.62,,325ec2e6,2026-05-12 01:21:23,,,True
048eb699-826d-48c8-afb7-ea9c03bccca6,2025-08-10 01:21:23,Green,Target,Retail,251.01,USD,approved,CA,False,CH-10138,CA,Transportation,315.45,,325ec2e6,2026-05-12 01:21:23,,,True
53ec65ac-eebb-483c-8e59-479887fb22e3,2025-09-17 01:21:23,Gold,McDonald's,Food & Beverage,508.03,USD,pending,US,False,CH-10000,US,Travel,375.94,,325ec2e6,2026-05-12 01:21:23,,,True
e4b7359c-0249-4c25-b6e6-dbd798812ff6,2025-12-22 01:21:23,Blue Cash,Starbucks,Food & Beverage,132.64,USD,approved,US,False,CH-10058,US,Healthcare,341.11,,325ec2e6,2026-05-12 01:21:23,,,True
7c334923-e0df-4009-b971-9c03098f25dc,2026-01-11 02:10:23,Blue Cash,McDonald's,Food & Beverage,49.35,USD,approved,RU,True,CH-10008,US,Healthcare,94.63,GEO_IMPOSSIBLE,325ec2e6,2026-05-12 01:21:23,,,True
41fab1b0-3e4b-4179-ab12-4bc360e0b08e,2026-04-20 01:21:23,Gold,CVS Pharmacy,Healthcare,206.62,USD,approved,US,False,CH-10172,US,Retail,253.11,,325ec2e6,2026-05-12 01:21:23,,,True
ffada129-f1c9-4941-a4da-d4eac9e31d6b,2025-12-15 01:21:23,Platinum,Amazon,Retail,204.18,USD,approved,US,False,CH-10198,US,Travel,427.8,,325ec2e6,2026-05-12 01:21:23,,,True
2230918a-195c-438b-8b53-78e9cd139da2,2026-02-28 01:21:23,Green,Uber,Transportation,617.93,USD,approved,US,False,CH-10147,US,Technology,313.41,,325ec2e6,2026-05-12 01:21:23,,,True
8a06c849-f5a0-40a6-9e87-977514bd1afb,2025-08-31 02:54:23,Platinum,Amazon,Retail,541.53,USD,approved,AU,True,CH-10070,GB,Travel,485.12,GEO_IMPOSSIBLE,325ec2e6,2026-05-12 01:21:23,,,True
9fb220cd-21b4-4fb9-9476-2ca4ef805821,2025-12-10 01:21:23,Blue Cash,CVS Pharmacy,Healthcare,325.85,USD,approved,GB,False,CH-10081,GB,Fuel,428.64,,325ec2e6,2026-05-12 01:21:23,,,True
7256c516-4024-47f0-8260-b1497976b9e6,2026-04-13 01:21:23,Platinum,Delta Airlines,Travel,62.94,USD,approved,US,False,CH-10057,US,Entertainment,54.01,,325ec2e6,2026-05-12 01:21:23,,,True
b497e06a-ef98-412c-b4cd-c27c47f123de,2025-11-24 01:21:23,Platinum,Apple Store,Technology,630.52,USD,approved,CA,False,CH-10034,CA,Healthcare,486.12,,325ec2e6,2026-05-12 01:21:23,,,True
5c60a895-6548-4ba8-aa9c-48750de9616d,2025-10-31 01:21:23,Platinum,Whole Foods,Food & Beverage,560.06,USD,approved,US,False,CH-10023,US,Food & Beverage,414.47,,325ec2e6,2026-05-12 01:21:23,,,True
c60f3c23-27c5-4587-b9d6-5b3a76c69e9f,2025-11-23 01:21:23,Platinum,McDonald's,Food & Beverage,92.76,USD,approved,CA,False,CH-10048,CA,Transportation,147.23,,325ec2e6,2026-05-12 01:21:23,,,True
991784e1-0fbe-498c-a322-2132ac3c7a5a,2025-09-09 01:21:23,Gold,CVS Pharmacy,Healthcare,269.69,USD,approved,CA,False,CH-10048,CA,Transportation,147.23,,325ec2e6,2026-05-12 01:21:23,,,True
dd09ad3a-fc2d-45dd-8b7f-46330c0bb7c4,2025-12-19 01:21:23,Platinum,Spotify,Entertainment,203.02,USD,approved,US,False,CH-10101,US,Healthcare,262.6,,325ec2e6,2026-05-12 01:21:23,,,True
77136b78-25da-4545-8026-65317bd73f3c,2025-09-14 01:21:23,Blue Cash,Marriott Hotels,Travel,134.15,USD,approved,US,False,CH-10066,US,Technology,87.29,,325ec2e6,2026-05-12 01:21:23,,,True
154c91aa-9d10-4cab-8a55-93c0a8462fea,2025-11-18 01:24:14,Gold,Apple Store,Technology,71.42,USD,approved,GB,False,CH-10080,GB,Transportation,47.3,VELOCITY,325ec2e6,2026-05-12 01:21:23,,,True
d47229c3-9897-4088-92b1-adcf51f50263,2026-02-01 01:21:23,Blue Cash,CVS Pharmacy,Healthcare,147.79,USD,approved,US,False,CH-10148,US,Technology,218.93,,325ec2e6,2026-05-12 01:21:23,,,True
371b5a6f-db3a-4794-98c9-9b10c98d4ed1,2025-09-04 01:21:23,Green,Whole Foods,Food & Beverage,139.41,USD,approved,US,False,CH-10127,US,Travel,72.03,,325ec2e6,2026-05-12 01:21:23,,,True
a9f7a9a4-cc09-40c0-805d-b6dd7a63f5c4,2025-08-06 01:21:23,Green,CVS Pharmacy,Healthcare,74.53,USD,approved,CA,False,CH-10043,CA,Travel,73.7,,325ec2e6,2026-05-12 01:21:23,,,True
7a85405a-9eca-49e2-ae8a-3dac1238bc1c,2026-04-04 01:21:23,Gold,Amazon,Retail,667.76,USD,approved,US,False,CH-10164,US,Retail,353.1,,325ec2e6,2026-05-12 01:21:23,,,True
9fd1addd-9512-4886-95b7-9ce51431be0a,2026-02-24 01:21:23,Platinum,Target,Retail,11.82,USD,approved,US,False,CH-10105,US,Transportation,375.79,,325ec2e6,2026-05-12 01:21:23,,,True
e8d5b6f1-e388-4290-a779-7d14eb3ca989,2026-02-10 01:21:23,Blue Cash,Target,Retail,66.41,USD,approved,US,False,CH-10004,US,Travel,289.4,CATEGORY_MISMATCH,325ec2e6,2026-05-12 01:21:23,,,True
18a63fa8-a98b-44a1-8b37-22675ff6a0bf,2025-12-27 01:21:23,Green,Whole Foods,Food & Beverage,230.62,USD,approved,CA,False,CH-10158,CA,Technology,144.41,CATEGORY_MISMATCH,325ec2e6,2026-05-12 01:21:23,,,True
ede8afe3-8e24-440c-bb6b-eda04bdef090,2026-04-01 01:21:23,Platinum,CVS Pharmacy,Healthcare,250.23,USD,approved,US,False,CH-10062,US,Retail,190.06,,325ec2e6,2026-05-12 01:21:23,,,True
c53bd812-be85-49a1-8652-13bd67914428,2025-10-31 01:22:36,Blue Cash,Apple Store,Technology,51.23,USD,approved,US,False,CH-10023,US,Food & Beverage,414.47,VELOCITY,325ec2e6,2026-05-12 01:21:23,,,True
1ac45e36-c0ea-4258-996c-dd24099ded6e,2026-03-25 01:21:23,Green,Shell Gas,Fuel,216.77,USD,approved,US,False,CH-10111,US,Entertainment,120.84,,325ec2e6,2026-05-12 01:21:23,,,True
e15167f6-1383-4969-a99c-393d54526e52,2026-04-04 01:21:23,Blue Cash,Spotify,Entertainment,598.52,USD,approved,CA,False,CH-10177,CA,Transportation,436.09,,325ec2e6,2026-05-12 01:21:23,,,True
a0067835-e939-4b47-8a09-2551457ea5e3,2025-12-02 01:21:23,Platinum,Amazon,Retail,18.43,USD,declined,GB,False,CH-10168,GB,Travel,431.23,,325ec2e6,2026-05-12 01:21:23,,,True
bfd56eb0-b275-45f0-969e-bf51ac44e05e,2025-12-10 01:21:23,Blue Cash,Netflix,Entertainment,127.5,USD,declined,CA,False,CH-10182,CA,Travel,379.53,,325ec2e6,2026-05-12 01:21:23,,,True
2830ffc9-b44c-47ac-aa94-74b13e4d5c18,2026-03-02 01:21:23,Green,Shell Gas,Fuel,239.35,USD,approved,US,False,CH-10099,US,Transportation,150.73,,325ec2e6,2026-05-12 01:21:23,,,True
5705aeab-27e6-4a35-b22e-fe979304c209,2026-01-14 01:21:23,Gold,Marriott Hotels,Travel,811.08,USD,approved,US,False,CH-10190,US,Transportation,483.07,,325ec2e6,2026-05-12 01:21:23,,,True
6cf424d9-39b3-4c2c-82f1-da2dda66c54e,2025-12-24 01:21:23,Green,Apple Store,Technology,197.04,USD,approved,US,False,CH-10152,US,Retail,125.04,,325ec2e6,2026-05-12 01:21:23,,,True
1eb57bef-6ae0-43f2-a654-8593ec95840a,2025-07-17 01:21:23,Blue Cash,Uber,Transportation,323.04,USD,approved,CA,False,CH-10141,CA,Entertainment,243.19,CATEGORY_MISMATCH,325ec2e6,2026-05-12 01:21:23,,,True
486344f0-9033-4d49-b004-0549610774a5,2026-02-23 01:21:23,Gold,CVS Pharmacy,Healthcare,333.43,USD,approved,CA,False,CH-10063,CA,Technology,434.64,,325ec2e6,2026-05-12 01:21:23,,,True
a5cf045b-0aa8-4727-8fdc-ce74667dda05,2026-05-10 01:21:23,Green,Marriott Hotels,Travel,284.54,USD,approved,US,False,CH-10099,US,Transportation,150.73,,325ec2e6,2026-05-12 01:21:23,,,True
6ade29ba-5993-4e53-822c-89aa186efa8d,2025-09-25 01:21:23,Gold,Target,Retail,497.54,USD,approved,CA,False,CH-10026,CA,Retail,444.65,,325ec2e6,2026-05-12 01:21:23,,,True
d0be677c-4edc-42a5-872d-a75e88bd1a59,2025-05-14 01:23:38,Gold,Marriott Hotels,Travel,602.89,USD,approved,US,False,CH-10022,US,Food & Beverage,348.61,VELOCITY,325ec2e6,2026-05-12 01:21:23,,,True
c5dc7132-4174-486a-9b88-93ae7a519da7,2026-02-15 01:21:23,Platinum,CVS Pharmacy,Healthcare,333.11,USD,approved,US,False,CH-10021,US,Transportation,241.88,,325ec2e6,2026-05-12 01:21:23,,,True
70efaef3-8635-47a5-bdd1-ce6da40e4913,2025-10-02 01:21:23,Platinum,Best Buy,Technology,228.72,USD,approved,US,False,CH-10068,US,Technology,407.85,,325ec2e6,2026-05-12 01:21:23,,,True
f6e08376-08cf-493c-9352-85bbd535935f,2025-09-01 01:21:23,Platinum,Delta Airlines,Travel,101.29,USD,approved,US,False,CH-10092,US,Healthcare,83.58,,325ec2e6,2026-05-12 01:21:23,,,True
f7ef429c-248e-4a24-8983-f44f16bb81cf,2025-06-29 01:21:23,Blue Cash,Amazon,Retail,371.58,USD,approved,US,False,CH-10077,US,Food & Beverage,484.98,,325ec2e6,2026-05-12 01:21:23,,,True
b5e05415-d654-4612-bd8b-f0116a746a7c,2025-07-08 01:21:23,Platinum,Netflix,Entertainment,369.76,USD,approved,US,False,CH-10110,US,Healthcare,195.03,,325ec2e6,2026-05-12 01:21:23,,,True
9654e7da-eba6-4d6a-ab56-a7c73633799f,2025-06-22 01:21:23,Green,Marriott Hotels,Travel,260.42,USD,approved,US,False,CH-10101,US,Healthcare,262.6,,325ec2e6,2026-05-12 01:21:23,,,True
e8fa2572-dc22-4d13-83ef-7dc0736cf97d,2025-07-28 01:21:23,Blue Cash,Delta Airlines,Travel,140.09,USD,approved,GB,False,CH-10096,GB,Travel,340.57,,325ec2e6,2026-05-12 01:21:23,,,True
84021c6f-9587-4da8-9bc7-c19c4a8cedc7,2025-09-18 01:21:23,Gold,Whole Foods,Food & Beverage,352.31,USD,pending,GB,False,CH-10196,GB,Travel,186.66,,325ec2e6,2026-05-12 01:21:23,,,True
fec6b941-cf70-4484-8117-fecf665b4c61,2026-03-02 01:21:23,Blue Cash,Walmart,Retail,554.21,USD,approved,CA,False,CH-10177,CA,Transportation,436.09,,325ec2e6,2026-05-12 01:21:23,,,True
3b6f8ad1-eb2f-4fb5-8932-5fbb16b2fe6d,2025-07-10 01:21:23,Blue Cash,Apple Store,Technology,124.93,USD,approved,US,False,CH-10183,US,Entertainment,127.63,,325ec2e6,2026-05-12 01:21:23,,,True
5b0e031a-cb0a-4778-941d-b636e4a90409,2025-11-09 01:21:23,Gold,Apple Store,Technology,613.44,USD,approved,CA,False,CH-10177,CA,Transportation,436.09,,325ec2e6,2026-05-12 01:21:23,,,True
edceac42-3b02-4239-923b-99ce5e05b9cd,2025-11-12 01:21:23,Platinum,Walmart,Retail,84.64,USD,approved,US,False,CH-10021,US,Transportation,241.88,,325ec2e6,2026-05-12 01:21:23,,,True
45bdf4d6-34a6-4e35-b101-a8ef9b5ab013,2025-10-24 01:21:23,Platinum,CVS Pharmacy,Healthcare,205.44,USD,approved,US,False,CH-10148,US,Technology,218.93,,325ec2e6,2026-05-12 01:21:23,,,True
eeacbb41-112f-4d6e-8d8b-3a38b4b330e7,2025-12-12 01:21:23,Gold,Marriott Hotels,Travel,20.86,USD,approved,US,False,CH-10038,US,Technology,21.56,,325ec2e6,2026-05-12 01:21:23,,,True
6626a192-24c6-482c-88e0-cffc08dcdfda,2025-09-21 01:21:23,Green,Target,Retail,212.05,USD,approved,GB,False,CH-10186,GB,Transportation,134.5,,325ec2e6,2026-05-12 01:21:23,,,True
c355f5af-551a-4c4c-a3f1-f1e0f87d427e,2025-11-24 01:21:23,Platinum,Starbucks,Food & Beverage,350.23,USD,approved,US,False,CH-10189,US,Transportation,310.83,,325ec2e6,2026-05-12 01:21:23,,,True
b78eb37e-b32a-41b4-9174-7f5443d7c3c5,2025-06-19 01:22:43,Platinum,Shell Gas,Fuel,38.41,USD,approved,CA,False,CH-10103,CA,Healthcare,41.16,VELOCITY,325ec2e6,2026-05-12 01:21:23,,,True
9062aaf3-531c-4dce-ad92-0e9ecf386cf1,2026-01-27 01:21:23,Gold,Apple Store,Technology,129.59,USD,approved,GB,False,CH-10109,GB,Transportation,226.3,,325ec2e6,2026-05-12 01:21:23,,,True
dbfa19c7-20d5-464a-8c65-5833b7e0d5f8,2026-02-01 01:21:23,Platinum,Walmart,Retail,289.52,USD,approved,US,False,CH-10147,US,Technology,313.41,,325ec2e6,2026-05-12 01:21:23,,,True
3013431c-5983-470e-9f6b-5a001607ca70,2025-07-04 01:21:23,Green,Shell Gas,Fuel,3561.38,USD,approved,US,False,CH-10135,US,Healthcare,263.42,HIGH_VALUE_OUTLIER,325ec2e6,2026-05-12 01:21:23,,AMOUNT_ANOMALY:z=5.72,True
0b6ab1d2-c6af-41b7-b028-367f1548f463,2025-07-14 01:21:23,Green,Netflix,Entertainment,27.45,USD,declined,US,False,CH-10044,US,Healthcare,134.94,,325ec2e6,2026-05-12 01:21:23,,,True
9032e78c-4a9b-4348-86ba-6620765679de,2026-03-01 01:21:23,Platinum,Walmart,Retail,389.68,USD,approved,GB,False,CH-10078,GB,Travel,379.03,,325ec2e6,2026-05-12 01:21:23,,,True
24e17857-bb95-4650-b516-906e54d363c8,2025-08-10 01:21:23,Platinum,Apple Store,Technology,205.32,USD,approved,US,False,CH-10098,US,Transportation,146.94,,325ec2e6,2026-05-12 01:21:23,,,True
d50f6272-6efe-44ca-9d8c-641444e9d3ff,2026-02-06 01:21:23,Blue Cash,Target,Retail,170.38,USD,approved,CA,False,CH-10142,CA,Food & Beverage,265.36,,325ec2e6,2026-05-12 01:21:23,,,True
3a026323-c3cd-4a77-b4b4-ff0f7ba0d93f,2025-10-28 01:21:23,Blue Cash,Amazon,Retail,106.52,USD,approved,GB,False,CH-10091,GB,Fuel,55.17,,325ec2e6,2026-05-12 01:21:23,,,True
e66fa25a-97dd-4ed0-b3e8-74b5ac7bed81,2025-09-27 01:21:23,Blue Cash,Amazon,Retail,447.59,USD,approved,US,False,CH-10175,US,Travel,455.33,CATEGORY_MISMATCH,325ec2e6,2026-05-12 01:21:23,,,True
80e3a422-c92b-4add-a3cb-13ea9de39eb0,2025-08-10 01:21:23,Gold,Delta Airlines,Travel,33.78,USD,approved,US,False,CH-10056,US,Food & Beverage,52.35,,325ec2e6,2026-05-12 01:21:23,,,True
8059f8ba-a7a6-40ed-9e8c-344def6053b7,2026-03-16 01:21:23,Blue Cash,McDonald's,Food & Beverage,62.96,USD,approved,CA,False,CH-10197,CA,Entertainment,53.1,,325ec2e6,2026-05-12 01:21:23,,,True
85ad6971-be8c-40c5-b0ee-0d2cc6c46d97,2025-09-29 01:21:23,Gold,Whole Foods,Food & Beverage,485.3,USD,approved,US,False,CH-10093,US,Fuel,442.05,,325ec2e6,2026-05-12 01:21:23,,,True
cc401291-c304-439e-8708-8c9fd20bc82b,2026-04-26 01:21:23,Platinum,McDonald's,Food & Beverage,188.89,USD,approved,US,False,CH-10167,US,Retail,206.95,,325ec2e6,2026-05-12 01:21:23,,,True
9d8e172e-2de1-4b90-963c-e14e450623bd,2026-01-11 01:21:23,Gold,Netflix,Entertainment,83.61,USD,approved,US,False,CH-10112,US,Fuel,189.77,,325ec2e6,2026-05-12 01:21:23,,,True
4b8b56cf-1657-4f72-8d7c-a7cd1cf7e824,2026-03-02 01:21:23,Blue Cash,Uber,Transportation,661.54,USD,approved,CA,False,CH-10181,CA,Healthcare,420.76,,325ec2e6,2026-05-12 01:21:23,,,True
a07bbcbb-1e0f-45c1-8d9a-b9a7ca4cc63c,2026-02-15 01:21:23,Green,Marriott Hotels,Travel,86.13,USD,approved,US,False,CH-10145,US,Healthcare,127.83,,325ec2e6,2026-05-12 01:21:23,,,True
9de81e52-1ce7-4daf-b19a-437ca3b6d55b,2025-10-14 01:21:23,Gold,Netflix,Entertainment,749.85,USD,approved,US,False,CH-10068,US,Technology,407.85,,325ec2e6,2026-05-12 01:21:23,,,True
857d14ba-9ea5-4224-9ec0-f11036ed3b35,2025-05-13 01:21:23,Platinum,CVS Pharmacy,Healthcare,200.69,USD,approved,US,False,CH-10032,US,Retail,306.28,,325ec2e6,2026-05-12 01:21:23,,,True
2a6b1a98-bcb2-440f-abbe-45d4e40fc4ef,2025-12-26 01:21:23,Platinum,Best Buy,Technology,459.48,USD,approved,GB,False,CH-10100,GB,Food & Beverage,364.45,,325ec2e6,2026-05-12 01:21:23,,,True
6f5acf9a-8b1d-452a-af46-53d676602989,2025-12-21 01:21:23,Blue Cash,Walmart,Retail,260.87,USD,approved,GB,False,CH-10196,GB,Travel,186.66,,325ec2e6,2026-05-12 01:21:23,,,True
24b33c4d-1bb8-401f-ac9b-1d68c3a01f4b,2026-03-26 01:21:23,Gold,Marriott Hotels,Travel,507.4,USD,declined,GB,False,CH-10124,GB,Retail,346.17,,325ec2e6,2026-05-12 01:21:23,,,True
eb66fb4c-5fef-49d9-82ce-2ea7ddeb14e0,2025-10-21 01:21:23,Gold,Netflix,Entertainment,27.94,USD,approved,GB,False,CH-10091,GB,Fuel,55.17,,325ec2e6,2026-05-12 01:21:23,,,True
ba2378fa-ce8f-4313-91a5-50bbbd044777,2025-07-21 01:21:23,Green,Marriott Hotels,Travel,110.87,USD,approved,US,False,CH-10068,US,Technology,407.85,,325ec2e6,2026-05-12 01:21:23,,,True
08a44184-ce75-442d-83c8-cf96be5b1f54,2025-06-26 01:21:23,Gold,McDonald's,Food & Beverage,664.95,USD,approved,CA,False,CH-10174,CA,Transportation,423.44,,325ec2e6,2026-05-12 01:21:23,,,True
d816b281-85a0-4cef-87b7-a945ff0a6eca,2025-10-05 01:21:23,Blue Cash,Best Buy,Technology,175.55,USD,approved,US,False,CH-10040,US,Healthcare,424.0,,325ec2e6,2026-05-12 01:21:23,,,True
39810374-e6b4-4eff-add9-3ddeb015a34b,2025-12-23 01:21:23,Platinum,Delta Airlines,Travel,45.52,USD,declined,US,False,CH-10166,US,Technology,219.57,,325ec2e6,2026-05-12 01:21:23,,,True
ba910fcc-1db7-4f97-a343-e8c902b42746,2025-06-26 01:21:23,Platinum,Spotify,Entertainment,236.68,USD,approved,US,False,CH-10170,US,Healthcare,381.67,,325ec2e6,2026-05-12 01:21:23,,,True
0da87ced-6697-4da2-b8d2-b9cf5ccbaefd,2025-09-10 01:21:23,Gold,Walmart,Retail,36.87,USD,approved,US,False,CH-10167,US,Retail,206.95,,325ec2e6,2026-05-12 01:21:23,,,True
12fe5022-b9b7-4bdb-8827-4df22d97bfca,2026-03-12 01:21:23,Gold,Amazon,Retail,963.4,USD,approved,GB,False,CH-10113,GB,Retail,487.44,,325ec2e6,2026-05-12 01:21:23,,,True
0ef747d4-bd51-4f1c-b69f-fc6f3ab02de5,2026-03-21 01:21:23,Blue Cash,Starbucks,Food & Beverage,45.29,USD,approved,US,False,CH-10018,US,Transportation,197.69,,325ec2e6,2026-05-12 01:21:23,,,True
36fb8a2b-0c92-4dd0-be04-8ef981284c84,2025-05-31 01:21:23,Platinum,McDonald's,Food & Beverage,137.78,USD,approved,GB,False,CH-10097,GB,Healthcare,467.24,,325ec2e6,2026-05-12 01:21:23,,,True
3378b4e8-ddf1-4b1c-9bde-46ccd56a7658,2025-07-01 01:21:23,Platinum,CVS Pharmacy,Healthcare,442.12,USD,declined,GB,False,CH-10160,GB,Technology,320.84,,325ec2e6,2026-05-12 01:21:23,,,True
3871ae20-76ed-4cfe-b522-100488c50f7b,2025-10-28 01:21:23,Gold,Target,Retail,89.06,USD,approved,US,False,CH-10025,US,Entertainment,122.06,,325ec2e6,2026-05-12 01:21:23,,,True
a797c201-57dd-46f1-9b0b-a4ad646c5a02,2025-07-09 01:21:23,Gold,Delta Airlines,Travel,523.58,USD,approved,CA,False,CH-10063,CA,Technology,434.64,,325ec2e6,2026-05-12 01:21:23,,,True
5eba1772-32d1-41bb-993f-2d524dafb8b9,2025-07-06 01:21:23,Green,Amazon,Retail,63.9,USD,approved,GB,False,CH-10176,GB,Travel,60.29,,325ec2e6,2026-05-12 01:21:23,,,True
110d94f0-fbff-4b20-b12f-77c3a90f2e0c,2026-03-16 01:21:23,Platinum,McDonald's,Food & Beverage,141.2,USD,approved,CA,False,CH-10013,CA,Fuel,284.98,,325ec2e6,2026-05-12 01:21:23,,,True
11258428-3e20-4c7c-ab57-312b9f82a11d,2025-07-25 01:21:23,Green,Marriott Hotels,Travel,57.59,USD,approved,US,False,CH-10003,US,Travel,64.97,,325ec2e6,2026-05-12 01:21:23,,,True
035f495e-7b34-47a1-99af-25a9376b66b6,2026-04-08 01:21:23,Gold,McDonald's,Food & Beverage,9.52,USD,approved,CA,False,CH-10120,CA,Entertainment,166.49,,325ec2e6,2026-05-12 01:21:23,,,True
b993301b-d60f-451c-92ce-03e76439a5cc,2025-08-29 01:21:23,Green,Whole Foods,Food & Beverage,404.05,USD,approved,US,False,CH-10101,US,Healthcare,262.6,,325ec2e6,2026-05-12 01:21:23,,,True
3fb173c8-a034-46d9-b865-1b10ea93b758,2025-12-05 01:21:23,Platinum,Whole Foods,Food & Beverage,18.26,USD,approved,US,False,CH-10163,US,Fuel,86.42,,325ec2e6,2026-05-12 01:21:23,,,True
f87a212d-d223-426f-9b24-3a1de5e420f1,2025-06-22 01:21:23,Green,Whole Foods,Food & Beverage,403.69,USD,approved,US,False,CH-10039,US,Transportation,263.69,,325ec2e6,2026-05-12 01:21:23,,,True
922d3754-b53a-4a88-ae02-c3c55d9fce6e,2026-01-10 01:21:23,Blue Cash,Whole Foods,Food & Beverage,39.5,USD,approved,US,False,CH-10079,US,Travel,300.41,CATEGORY_MISMATCH,325ec2e6,2026-05-12 01:21:23,,,True
dbad7c88-3b1a-4fc0-8412-4dbb2c5e8c3b,2025-06-10 01:21:23,Gold,Uber,Transportation,7150.52,USD,approved,CA,False,CH-10156,CA,Retail,418.67,HIGH_VALUE_OUTLIER,325ec2e6,2026-05-12 01:21:23,,AMOUNT_ANOMALY:z=12.04,True
00024df8-c4cb-4ae3-9725-0b72d9a436d0,2025-12-31 01:21:23,Green,Best Buy,Technology,35.34,USD,approved,GB,False,CH-10041,GB,Food & Beverage,93.36,,325ec2e6,2026-05-12 01:21:23,,,True
b4d537f6-3c38-4d96-9ae1-02cbeeb5862b,2026-04-27 01:21:23,Gold,CVS Pharmacy,Healthcare,276.59,USD,approved,US,False,CH-10068,US,Technology,407.85,,325ec2e6,2026-05-12 01:21:23,,,True
76e94a7d-8c89-4847-afcc-8fd2119f09a8,2025-08-24 01:21:23,Gold,CVS Pharmacy,Healthcare,177.54,USD,approved,US,False,CH-10067,US,Healthcare,242.06,,325ec2e6,2026-05-12 01:21:23,,,True
e050e300-aa80-4236-9a07-146c82089466,2026-04-24 01:21:23,Platinum,Apple Store,Technology,491.02,USD,approved,US,False,CH-10093,US,Fuel,442.05,,325ec2e6,2026-05-12 01:21:23,,,True
09cb8567-d8d9-4667-9a0d-c27c97150e83,2025-11-30 01:21:23,Green,Marriott Hotels,Travel,260.59,USD,approved,US,False,CH-10107,US,Fuel,473.62,CATEGORY_MISMATCH,325ec2e6,2026-05-12 01:21:23,,,True
b8be3a33-be6d-4294-aeda-56e87f977ef2,2025-08-21 01:21:23,Gold,Spotify,Entertainment,496.9,USD,approved,US,False,CH-10172,US,Retail,253.11,,325ec2e6,2026-05-12 01:21:23,,,True
5b112655-9a2d-4faa-8b37-288c78b2e82d,2025-09-02 01:21:23,Blue Cash,Starbucks,Food & Beverage,773.48,USD,approved,US,False,CH-10159,US,Healthcare,387.59,,325ec2e6,2026-05-12 01:21:23,,,True
993b2dce-b95d-4c22-b2ec-b4a2c1b43eb2,2025-10-15 01:21:23,Platinum,McDonald's,Food & Beverage,18.41,USD,approved,US,False,CH-10139,US,Retail,283.01,,325ec2e6,2026-05-12 01:21:23,,,True
562d9ed2-fdac-4a23-936d-f5f174e7d2d3,2026-05-12 01:21:23,Gold,Spotify,Entertainment,663.13,USD,pending,CA,False,CH-10177,CA,Transportation,436.09,,325ec2e6,2026-05-12 01:21:23,,,True
6db98442-4870-4902-9ead-8fcf44532970,2026-01-11 01:21:23,Platinum,Walmart,Retail,321.15,USD,approved,GB,False,CH-10078,GB,Travel,379.03,,325ec2e6,2026-05-12 01:21:23,,,True
6afdda6c-e78b-44dc-aedf-e38e24195e22,2026-01-14 01:21:23,Green,CVS Pharmacy,Healthcare,698.47,USD,approved,GB,False,CH-10036,GB,Healthcare,388.93,,325ec2e6,2026-05-12 01:21:23,,,True
c6fcafe9-8e2b-4ef3-964c-ec6d19714dcb,2025-08-27 01:21:23,Gold,Best Buy,Technology,88.07,USD,approved,GB,False,CH-10095,GB,Healthcare,313.61,,325ec2e6,2026-05-12 01:21:23,,,True
3e8ee208-5759-467c-a0c2-73744115321b,2026-03-07 01:21:23,Blue Cash,Amazon,Retail,64.35,USD,approved,US,False,CH-10145,US,Healthcare,127.83,,325ec2e6,2026-05-12 01:21:23,,,True
8b79b6e8-f1fe-443c-a64f-3ab8faa6460b,2025-12-24 01:21:23,Green,CVS Pharmacy,Healthcare,174.11,USD,approved,GB,False,CH-10100,GB,Food & Beverage,364.45,,325ec2e6,2026-05-12 01:21:23,,,True
e3329c5b-65f2-4022-bee0-4bd4404ce145,2026-02-17 01:21:23,Gold,Uber,Transportation,50.5,USD,approved,CA,False,CH-10197,CA,Entertainment,53.1,,325ec2e6,2026-05-12 01:21:23,,,True
237d1037-799f-47a8-9dfa-0a0c3adbf1a8,2025-09-17 01:21:23,Platinum,McDonald's,Food & Beverage,638.6,USD,approved,GB,False,CH-10091,GB,Fuel,55.17,HIGH_VALUE_OUTLIER,325ec2e6,2026-05-12 01:21:23,,,True
763b85f5-2c4e-43c3-87c6-819129f2d482,2025-11-26 01:21:23,Gold,CVS Pharmacy,Healthcare,49.81,USD,approved,US,False,CH-10180,US,Retail,153.56,,325ec2e6,2026-05-12 01:21:23,,,True
50c8f198-8dc6-40fd-93ac-87928c94fee3,2025-12-30 01:21:23,Gold,Whole Foods,Food & Beverage,431.6,USD,approved,US,False,CH-10101,US,Healthcare,262.6,,325ec2e6,2026-05-12 01:21:23,,,True
53302d9b-8129-4b73-b72e-7bc1fac6c5ac,2025-12-31 01:21:23,Gold,Walmart,Retail,118.4,USD,approved,US,False,CH-10102,US,Travel,64.3,CATEGORY_MISMATCH,325ec2e6,2026-05-12 01:21:23,,,True
445789a9-c6b4-497e-910a-5551957d9b02,2025-11-24 01:21:23,Platinum,Best Buy,Technology,58.09,USD,approved,US,False,CH-10165,US,Fuel,219.14,,325ec2e6,2026-05-12 01:21:23,,,True
0db1eb8d-cbd9-48a9-bcbb-2f3f607f6619,2025-10-29 01:21:23,Blue Cash,Apple Store,Technology,44.93,USD,approved,US,False,CH-10146,US,Transportation,31.72,,325ec2e6,2026-05-12 01:21:23,,,True
f3517248-8e7b-402b-a911-7106ab1687f8,2026-02-25 01:21:23,Green,Delta Airlines,Travel,10.48,USD,approved,GB,False,CH-10047,GB,Transportation,81.63,,325ec2e6,2026-05-12 01:21:23,,,True
78d3ca86-1d99-4ee6-a4de-f99fc011901a,2025-09-09 01:21:23,Blue Cash,Best Buy,Technology,31.9,USD,declined,CA,False,CH-10075,CA,Healthcare,223.04,,325ec2e6,2026-05-12 01:21:23,,,True
78ffcf5d-55dc-42e1-8b06-9ec8d959c633,2025-08-07 01:21:23,Platinum,Shell Gas,Fuel,367.11,USD,approved,CA,False,CH-10051,CA,Entertainment,230.29,,325ec2e6,2026-05-12 01:21:23,,,True
545d3bb7-0ed9-484b-a237-d3a84d541715,2025-07-27 01:21:23,Blue Cash,Best Buy,Technology,57.92,USD,approved,GB,False,CH-10091,GB,Fuel,55.17,,325ec2e6,2026-05-12 01:21:23,,,True
e521e50f-51e7-4da5-9b30-7c987a3cb64b,2025-12-20 01:21:23,Platinum,Uber,Transportation,54.94,USD,approved,GB,False,CH-10081,GB,Fuel,428.64,,325ec2e6,2026-05-12 01:21:23,,,True
9cbc5fc2-8017-4ca0-980b-dc28d11319df,2026-03-22 01:21:23,Platinum,Uber,Transportation,96.29,USD,pending,GB,False,CH-10196,GB,Travel,186.66,,325ec2e6,2026-05-12 01:21:23,,,True
76f41bde-e1a4-4dde-9025-230fa8e43f60,2025-10-26 01:21:23,Platinum,Amazon,Retail,255.66,USD,approved,US,False,CH-10188,US,Technology,355.74,,325ec2e6,2026-05-12 01:21:23,,,True
030208f6-7591-494e-8f8f-2f99236d8397,2025-05-20 01:21:23,Green,Starbucks,Food & Beverage,47.06,USD,approved,US,False,CH-10045,US,Fuel,61.11,,325ec2e6,2026-05-12 01:21:23,,,True
0ad6410b-4c48-4729-ae64-3dff0ba27771,2026-02-05 01:21:23,Platinum,Uber,Transportation,402.39,USD,approved,US,False,CH-10090,US,Travel,239.98,,325ec2e6,2026-05-12 01:21:23,,,True
5ce2fbc8-41cd-42b5-a500-8fb97300f83c,2026-03-27 01:21:23,Platinum,Delta Airlines,Travel,40.16,USD,approved,CA,False,CH-10138,CA,Transportation,315.45,,325ec2e6,2026-05-12 01:21:23,,,True
be925bff-3b27-47f0-930c-e6322df7cf31,2025-11-28 01:21:23,Platinum,Marriott Hotels,Travel,41.15,USD,declined,CA,False,CH-10033,CA,Retail,306.03,,325ec2e6,2026-05-12 01:21:23,,,True
91456f00-55f6-4706-abd4-2d57431c37c2,2025-11-07 01:21:23,Gold,McDonald's,Food & Beverage,747.37,USD,approved,GB,False,CH-10036,GB,Healthcare,388.93,,325ec2e6,2026-05-12 01:21:23,,,True
ef1202e7-6af8-4c72-a796-30b3f1453dc9,2025-11-28 01:21:23,Gold,Uber,Transportation,75.98,USD,approved,US,False,CH-10101,US,Healthcare,262.6,,325ec2e6,2026-05-12 01:21:23,,,True
21086827-bb00-4f92-9ae0-8f78472d0587,2025-07-29 01:21:23,Green,Best Buy,Technology,121.41,USD,approved,US,False,CH-10163,US,Fuel,86.42,,325ec2e6,2026-05-12 01:21:23,,,True
630b99cf-9f1b-452b-a7d1-54272bd69f65,2025-05-25 01:21:23,Platinum,Shell Gas,Fuel,35.34,USD,approved,US,False,CH-10057,US,Entertainment,54.01,,325ec2e6,2026-05-12 01:21:23,,,True
a6a097dd-e022-4e62-af33-78f890e68732,2025-12-01 01:21:23,Gold,Uber,Transportation,98.21,USD,approved,CA,False,CH-10197,CA,Entertainment,53.1,,325ec2e6,2026-05-12 01:21:23,,,True
d303f752-17e5-4fa1-8331-ed1b95b710cb,2026-04-03 01:21:23,Blue Cash,Walmart,Retail,34.67,USD,approved,GB,False,CH-10144,GB,Entertainment,64.83,,325ec2e6,2026-05-12 01:21:23,,,True
023fef91-c0de-4ea8-ace0-16ef8af43876,2025-12-28 01:21:23,Green,Netflix,Entertainment,150.15,USD,approved,US,False,CH-10022,US,Food & Beverage,348.61,,325ec2e6,2026-05-12 01:21:23,,,True
08b1322b-fed5-4821-8c55-87c9e934ad6e,2025-09-30 01:21:23,Gold,CVS Pharmacy,Healthcare,216.93,USD,approved,CA,False,CH-10027,CA,Transportation,147.14,,325ec2e6,2026-05-12 01:21:23,,,True
125f39ae-3c6d-449e-8746-ed95c8ab609e,2025-11-01 01:21:23,Blue Cash,Spotify,Entertainment,25.94,USD,approved,US,False,CH-10126,US,Healthcare,105.71,,325ec2e6,2026-05-12 01:21:23,,,True
24eb6829-d996-403a-a3d1-7b0cf0c3859e,2025-12-23 01:21:58,Platinum,McDonald's,Food & Beverage,351.96,USD,approved,US,False,CH-10166,US,Technology,219.57,VELOCITY,325ec2e6,2026-05-12 01:21:23,,,True
d5bb9438-033a-486f-8f27-e858c9692b67,2025-11-01 01:21:23,Green,Delta Airlines,Travel,147.29,USD,approved,CA,False,CH-10026,CA,Retail,444.65,CATEGORY_MISMATCH,325ec2e6,2026-05-12 01:21:23,,,True
616b9d6e-40d5-4bc6-a7fd-b09e25d76d96,2025-10-04 01:21:23,Blue Cash,Spotify,Entertainment,849.73,USD,approved,GB,False,CH-10157,GB,Technology,450.66,,325ec2e6,2026-05-12 01:21:23,,,True
a6aebff8-706a-4aa7-98b8-ec82dd01e1f4,2026-02-04 01:21:23,Gold,Amazon,Retail,350.02,USD,approved,US,False,CH-10040,US,Healthcare,424.0,,325ec2e6,2026-05-12 01:21:23,,,True
7d73dc28-37b4-4876-9110-64eff78766ea,2026-03-24 01:21:23,Green,Delta Airlines,Travel,36.07,USD,approved,CA,False,CH-10138,CA,Transportation,315.45,,325ec2e6,2026-05-12 01:21:23,,,True
dd3f97e2-8af5-48d2-92e3-32954bd6eac4,2026-03-29 01:21:23,Green,Amazon,Retail,158.87,USD,approved,US,False,CH-10039,US,Transportation,263.69,,325ec2e6,2026-05-12 01:21:23,,,True
65de9c8c-a385-4ecc-ae50-c7258885ca1d,2025-06-20 01:21:23,Gold,Walmart,Retail,137.94,USD,approved,CA,False,CH-10051,CA,Entertainment,230.29,CATEGORY_MISMATCH,325ec2e6,2026-05-12 01:21:23,,,True
9e00c77b-9b92-4e3e-b36b-57deea97e85b,2025-12-28 01:21:23,Blue Cash,Best Buy,Technology,52.41,USD,declined,US,False,CH-10101,US,Healthcare,262.6,,325ec2e6,2026-05-12 01:21:23,,,True
9990e475-1591-4970-9924-815db55d7dae,2025-12-29 01:21:23,Platinum,Marriott Hotels,Travel,413.73,USD,approved,GB,False,CH-10097,GB,Healthcare,467.24,,325ec2e6,2026-05-12 01:21:23,,,True
8098f108-7fe7-40ed-820d-929f51bd6e3f,2025-06-05 01:21:23,Platinum,Amazon,Retail,17.05,USD,approved,GB,False,CH-10144,GB,Entertainment,64.83,,325ec2e6,2026-05-12 01:21:23,,,True
97a9011a-59a5-487e-a412-a476589bc60e,2025-10-26 01:21:23,Platinum,McDonald's,Food & Beverage,616.01,USD,approved,US,False,CH-10105,US,Transportation,375.79,,325ec2e6,2026-05-12 01:21:23,,,True
e6f55a95-be95-452f-add8-03bfccca7c0f,2026-04-02 01:21:23,Platinum,Uber,Transportation,27.79,USD,approved,US,False,CH-10121,US,Food & Beverage,31.36,,325ec2e6,2026-05-12 01:21:23,,,True
f38f4cd0-4b9b-4da2-a700-4f3c5ca83f1d,2025-09-25 01:21:23,Gold,Target,Retail,54.07,USD,declined,CA,False,CH-10158,CA,Technology,144.41,,325ec2e6,2026-05-12 01:21:23,,,True
2ba284ec-0cb4-4de7-a1cd-11fede6ec096,2025-05-28 01:21:23,Gold,Target,Retail,423.32,USD,approved,GB,False,CH-10049,GB,Retail,482.89,,325ec2e6,2026-05-12 01:21:23,,,True
528ee7c6-f9aa-4ef6-9422-63bd76e46911,2026-04-08 01:21:23,Green,Delta Airlines,Travel,26.33,USD,declined,US,False,CH-10152,US,Retail,125.04,,325ec2e6,2026-05-12 01:21:23,,,True
5f2399d8-65ce-433f-a365-bc3667bc3861,2026-05-06 01:21:23,Blue Cash,Whole Foods,Food & Beverage,764.21,USD,declined,GB,False,CH-10070,GB,Travel,485.12,,325ec2e6,2026-05-12 01:21:23,,,True
57087f70-40f9-4532-8a60-42535f7666df,2025-07-26 01:21:23,Blue Cash,Walmart,Retail,558.98,USD,approved,US,False,CH-10107,US,Fuel,473.62,,325ec2e6,2026-05-12 01:21:23,,,True
3d18451c-fbd2-4d8f-a4ed-b280571a7381,2025-08-11 01:21:23,Gold,Uber,Transportation,259.61,USD,approved,CA,False,CH-10027,CA,Transportation,147.14,,325ec2e6,2026-05-12 01:21:23,,,True
23635a5f-053b-4cd6-8018-3ae21b08c349,2025-12-22 01:21:23,Blue Cash,Best Buy,Technology,169.78,USD,approved,US,False,CH-10167,US,Retail,206.95,,325ec2e6,2026-05-12 01:21:23,,,True
cfa3c063-4a2a-4eb4-8512-64850842b2bf,2025-12-31 02:40:23,Blue Cash,Amazon,Retail,90.35,USD,declined,AU,True,CH-10102,US,Travel,64.3,GEO_IMPOSSIBLE,325ec2e6,2026-05-12 01:21:23,,,True
031e23da-e0bd-4c95-b52b-2e424e9278b3,2025-09-03 01:21:23,Green,Marriott Hotels,Travel,216.66,USD,approved,GB,False,CH-10005,GB,Retail,125.81,,325ec2e6,2026-05-12 01:21:23,,,True
413739a0-eb6a-4796-bee8-f6a961e4ac54,2025-09-28 01:21:23,Green,Target,Retail,529.19,USD,pending,US,False,CH-10058,US,Healthcare,341.11,,325ec2e6,2026-05-12 01:21:23,,,True
3576a8a1-b1ce-4289-890f-5924cac8b491,2026-01-24 01:21:23,Gold,Shell Gas,Fuel,437.24,USD,approved,US,False,CH-10154,US,Fuel,239.1,,325ec2e6,2026-05-12 01:21:23,,,True
509f271a-f48d-4904-b483-432da0db34ae,2025-08-22 03:10:23,Green,Netflix,Entertainment,427.75,USD,approved,CN,True,CH-10132,CA,Travel,269.56,GEO_IMPOSSIBLE,325ec2e6,2026-05-12 01:21:23,,,True
e036c2ca-f2a2-4943-a75d-72102d4c720a,2026-01-30 01:21:23,Gold,Netflix,Entertainment,382.63,USD,approved,CA,False,CH-10199,CA,Fuel,228.09,,325ec2e6,2026-05-12 01:21:23,,,True
efb33f9f-c93b-439d-81f0-4ab61a8acb48,2025-09-17 01:21:23,Platinum,CVS Pharmacy,Healthcare,86.91,USD,approved,US,False,CH-10092,US,Healthcare,83.58,,325ec2e6,2026-05-12 01:21:23,,,True
9dfba49c-7905-4e03-8c3b-9df26889f99d,2025-09-26 01:21:23,Green,Starbucks,Food & Beverage,130.23,USD,approved,US,False,CH-10007,US,Transportation,355.11,,325ec2e6,2026-05-12 01:21:23,,,True
0f92f953-d318-426d-81c7-72ef8fb9acff,2025-12-31 01:21:23,Platinum,Marriott Hotels,Travel,258.55,USD,approved,US,False,CH-10089,US,Technology,171.77,,325ec2e6,2026-05-12 01:21:23,,,True
78e15a00-f376-4eca-b1e6-ae54efcb399a,2026-01-23 01:21:23,Platinum,Amazon,Retail,252.61,USD,declined,US,False,CH-10098,US,Transportation,146.94,,325ec2e6,2026-05-12 01:21:23,,,True
b1534d09-b732-4bda-b272-367e647901a3,2025-05-28 01:21:23,Blue Cash,Shell Gas,Fuel,12.21,USD,approved,US,False,CH-10068,US,Technology,407.85,,325ec2e6,2026-05-12 01:21:23,,,True
95df64f5-4b5c-4894-9ffa-af65769ef66e,2025-07-05 01:21:23,Gold,McDonald's,Food & Beverage,71.99,USD,approved,GB,False,CH-10153,GB,Technology,44.1,,325ec2e6,2026-05-12 01:21:23,,,True
627fea1d-1f4f-4587-b177-ee09dd49637b,2025-11-15 01:21:23,Blue Cash,Delta Airlines,Travel,326.85,USD,declined,US,False,CH-10164,US,Retail,353.1,,325ec2e6,2026-05-12 01:21:23,,,True
823815e3-f4bb-46c0-95a1-101e775fd3f3,2026-05-09 01:21:23,Blue Cash,Netflix,Entertainment,201.76,USD,approved,GB,False,CH-10133,GB,Food & Beverage,194.83,,325ec2e6,2026-05-12 01:21:23,,,True
f8ba97c0-7a3c-4078-8377-e90ee074800a,2026-03-18 01:21:23,Green,Whole Foods,Food & Beverage,304.74,USD,approved,GB,False,CH-10095,GB,Healthcare,313.61,,325ec2e6,2026-05-12 01:21:23,,,True
f78d0ad4-f96f-4f7a-985d-a22d64c86305,2025-05-13 01:21:23,Green,Netflix,Entertainment,147.91,USD,approved,US,False,CH-10083,US,Retail,77.55,,325ec2e6,2026-05-12 01:21:23,,,True
bc6ec61d-1867-48ac-8120-c39845a93f32,2025-07-09 01:21:23,Platinum,McDonald's,Food & Beverage,220.84,USD,declined,CA,False,CH-10132,CA,Travel,269.56,,325ec2e6,2026-05-12 01:21:23,,,True
db070bf1-18ce-43db-a4a1-ee57cb2e963d,2025-12-31 01:21:23,Blue Cash,Shell Gas,Fuel,741.46,USD,pending,GB,False,CH-10006,GB,Healthcare,408.53,,325ec2e6,2026-05-12 01:21:23,,,True
10a108e7-381d-4bb1-b7cb-959a9cdc632c,2025-05-12 01:21:23,Platinum,CVS Pharmacy,Healthcare,166.13,USD,approved,GB,False,CH-10149,GB,Food & Beverage,364.81,,325ec2e6,2026-05-12 01:21:23,,,True
54673eb9-f1d3-426e-a368-8b5adbe57fbd,2025-06-10 01:21:23,Green,Marriott Hotels,Travel,446.49,USD,approved,CA,False,CH-10171,CA,Food & Beverage,254.35,,325ec2e6,2026-05-12 01:21:23,,,True
1c8d8efd-7570-48b5-bbc0-ca54777382be,2025-07-30 01:21:23,Green,CVS Pharmacy,Healthcare,468.51,USD,approved,US,False,CH-10032,US,Retail,306.28,,325ec2e6,2026-05-12 01:21:23,,,True
6cffbfa6-dbf7-4e5e-b070-ae518e4f98cb,2026-01-18 01:21:23,Gold,Shell Gas,Fuel,330.56,USD,approved,US,False,CH-10085,US,Fuel,221.23,,325ec2e6,2026-05-12 01:21:23,,,True
a3c6bd5f-d117-42ea-9b9c-239889ddca74,2025-09-17 01:21:23,Green,Marriott Hotels,Travel,507.87,USD,approved,GB,False,CH-10084,GB,Food & Beverage,297.88,,325ec2e6,2026-05-12 01:21:23,,,True
16c65c56-d859-4688-8009-16e59b6f9618,2026-02-02 01:21:23,Gold,Uber,Transportation,367.65,USD,approved,GB,False,CH-10149,GB,Food & Beverage,364.81,,325ec2e6,2026-05-12 01:21:23,,,True
3549cc63-dc0e-4e2a-a8b2-32d9667112e3,2026-02-24 01:21:23,Gold,Apple Store,Technology,30.22,USD,declined,GB,False,CH-10076,GB,Technology,94.3,,325ec2e6,2026-05-12 01:21:23,,,True
425747cf-53da-4960-b40e-6765e7c57715,2026-02-09 01:21:23,Blue Cash,Spotify,Entertainment,200.25,USD,approved,US,False,CH-10145,US,Healthcare,127.83,,325ec2e6,2026-05-12 01:21:23,,,True
bd4b09de-dee1-4f4c-ba8b-90bec8698d0c,2025-12-23 01:21:23,Gold,Marriott Hotels,Travel,29.55,USD,approved,US,False,CH-10045,US,Fuel,61.11,,325ec2e6,2026-05-12 01:21:23,,,True
0f1a1204-cf2d-4244-9877-fc120505c4cc,2025-10-02 01:21:23,Gold,Best Buy,Technology,539.03,USD,approved,US,False,CH-10040,US,Healthcare,424.0,,325ec2e6,2026-05-12 01:21:23,,,True
74a042e6-bb71-459f-b4f5-440fdb25cfc8,2025-11-02 01:21:23,Gold,Amazon,Retail,279.46,USD,approved,US,False,CH-10098,US,Transportation,146.94,,325ec2e6,2026-05-12 01:21:23,,,True
d598f228-4362-4997-8a0a-fef952787eb8,2025-06-26 01:21:23,Gold,Starbucks,Food & Beverage,387.82,USD,approved,US,False,CH-10135,US,Healthcare,263.42,,325ec2e6,2026-05-12 01:21:23,,,True
5e839aa8-c5ba-42d5-8baf-b04fd0841c57,2026-01-10 02:44:23,Gold,Target,Retail,187.39,USD,approved,GB,True,CH-10079,US,Travel,300.41,GEO_IMPOSSIBLE,325ec2e6,2026-05-12 01:21:23,,,True
83472ee1-2611-48ca-8722-bada278943ab,2025-05-26 01:21:23,Green,CVS Pharmacy,Healthcare,806.5,USD,approved,US,False,CH-10116,US,Retail,405.07,,325ec2e6,2026-05-12 01:21:23,,,True
efe9255c-efaa-4ec3-a7a0-e2a463286e90,2025-10-18 01:21:23,Platinum,McDonald's,Food & Beverage,7.01,USD,approved,GB,False,CH-10091,GB,Fuel,55.17,,325ec2e6,2026-05-12 01:21:23,,,True
5f855629-2037-45e2-ac1c-e62fc37f2f9e,2026-02-15 01:21:23,Gold,CVS Pharmacy,Healthcare,78.89,USD,approved,GB,False,CH-10054,GB,Food & Beverage,302.45,,325ec2e6,2026-05-12 01:21:23,,,True
511432b6-ed7f-4f57-a912-85127357bd22,2025-06-27 01:21:23,Green,Spotify,Entertainment,37.85,USD,approved,GB,False,CH-10096,GB,Travel,340.57,,325ec2e6,2026-05-12 01:21:23,,,True
d28e1261-4d93-43ac-a644-710098097f61,2026-03-14 01:21:23,Gold,Netflix,Entertainment,175.42,USD,approved,US,False,CH-10167,US,Retail,206.95,,325ec2e6,2026-05-12 01:21:23,,,True
65dd531d-3969-4ffa-81c8-3fed84d60214,2025-05-26 01:21:23,Platinum,CVS Pharmacy,Healthcare,41.38,USD,approved,US,False,CH-10121,US,Food & Beverage,31.36,,325ec2e6,2026-05-12 01:21:23,,,True
dfb92e87-4ef8-4cbf-94cd-03201e8473cc,2025-05-19 01:21:23,Green,Whole Foods,Food & Beverage,72.61,USD,approved,GB,False,CH-10169,GB,Retail,248.95,,325ec2e6,2026-05-12 01:21:23,,,True
7f44c78d-2d56-4ddd-b782-80112232bc29,2026-03-19 01:21:23,Gold,Uber,Transportation,382.82,USD,approved,US,False,CH-10184,US,Travel,382.03,,325ec2e6,2026-05-12 01:21:23,,,True
4c32c5d1-216c-4981-8a13-8ad4225723af,2025-12-12 01:21:23,Green,Starbucks,Food & Beverage,66.69,USD,approved,GB,False,CH-10133,GB,Food & Beverage,194.83,,325ec2e6,2026-05-12 01:21:23,,,True
b96d9168-ee97-4ea0-816b-bbee9fb3d422,2026-05-11 01:21:23,Blue Cash,Walmart,Retail,6.47,USD,approved,GB,False,CH-10176,GB,Travel,60.29,CATEGORY_MISMATCH,325ec2e6,2026-05-12 01:21:23,,,True
541e8f3a-bba1-46e0-9448-541d18ac5842,2025-08-24 01:21:23,Platinum,Best Buy,Technology,42.8,USD,declined,CA,False,CH-10171,CA,Food & Beverage,254.35,,325ec2e6,2026-05-12 01:21:23,,,True
dd3c2d97-523c-4c84-9561-41bcd751a53c,2025-11-15 02:11:23,Blue Cash,Starbucks,Food & Beverage,190.2,USD,pending,DE,True,CH-10164,US,Retail,353.1,GEO_IMPOSSIBLE,325ec2e6,2026-05-12 01:21:23,,,True
dbc3e43c-af30-415c-813a-80f9ac77b5f6,2025-12-26 01:21:23,Blue Cash,Spotify,Entertainment,97.53,USD,pending,GB,False,CH-10091,GB,Fuel,55.17,CATEGORY_MISMATCH,325ec2e6,2026-05-12 01:21:23,,,True
8bb63aa0-48d2-430f-9871-e16e48db09f2,2025-12-24 01:21:23,Blue Cash,Apple Store,Technology,324.67,USD,pending,CA,False,CH-10029,CA,Retail,193.76,,325ec2e6,2026-05-12 01:21:23,,,True
e7a7115f-2b31-475d-b0a6-e101b6fee91a,2025-05-21 01:21:23,Platinum,Shell Gas,Fuel,689.46,USD,approved,US,False,CH-10107,US,Fuel,473.62,,325ec2e6,2026-05-12 01:21:23,,,True
9bca3be4-f29b-4904-bc06-3a08bc110103,2025-05-30 01:21:23,Blue Cash,Apple Store,Technology,392.47,USD,approved,CA,False,CH-10026,CA,Retail,444.65,,325ec2e6,2026-05-12 01:21:23,,,True
45b4e6b5-6c7c-48c0-9964-ad2ef080ad72,2025-06-04 01:21:23,Platinum,Whole Foods,Food & Beverage,596.22,USD,pending,CA,False,CH-10173,CA,Entertainment,341.06,,325ec2e6,2026-05-12 01:21:23,,,True
502e98cc-38a8-4626-b7da-6dcc4109c30a,2026-01-05 01:21:23,Blue Cash,Walmart,Retail,141.78,USD,approved,CA,False,CH-10158,CA,Technology,144.41,,325ec2e6,2026-05-12 01:21:23,,,True
c924062d-3783-4538-949a-3b8820cbfa31,2026-02-21 01:21:23,Gold,Netflix,Entertainment,24.27,USD,approved,US,False,CH-10038,US,Technology,21.56,,325ec2e6,2026-05-12 01:21:23,,,True
3d21c24b-8829-4261-a775-c5258def0c51,2025-11-24 01:21:23,Blue Cash,Starbucks,Food & Beverage,596.78,USD,approved,US,False,CH-10042,US,Travel,307.49,CATEGORY_MISMATCH,325ec2e6,2026-05-12 01:21:23,,,True
8e1ccc88-a02f-4f48-b47d-036250ed5a26,2025-09-27 01:21:23,Platinum,Apple Store,Technology,546.77,USD,approved,GB,False,CH-10096,GB,Travel,340.57,,325ec2e6,2026-05-12 01:21:23,,,True
64e1d752-86c1-4672-aa8e-9cb03ca9877f,2025-06-12 01:21:23,Gold,Marriott Hotels,Travel,20.37,USD,pending,US,False,CH-10114,US,Food & Beverage,435.01,,325ec2e6,2026-05-12 01:21:23,,,True
6301b092-3bb4-4342-b23b-355079419d03,2025-07-29 01:21:23,Green,Shell Gas,Fuel,63.71,USD,declined,CA,False,CH-10158,CA,Technology,144.41,,325ec2e6,2026-05-12 01:21:23,,,True
7ad1a52f-7e9c-4d74-86fd-40b4e7ce645e,2025-09-22 01:21:23,Gold,Netflix,Entertainment,296.84,USD,approved,US,False,CH-10093,US,Fuel,442.05,,325ec2e6,2026-05-12 01:21:23,,,True
b59fb6da-cab3-4a6d-904b-5a1efbef25d6,2026-03-15 01:21:23,Green,Shell Gas,Fuel,29.38,USD,approved,US,False,CH-10183,US,Entertainment,127.63,,325ec2e6,2026-05-12 01:21:23,,,True
d2e6e356-a882-4b78-ae8c-ba5d07a5c794,2026-04-19 01:21:23,Green,Whole Foods,Food & Beverage,283.42,USD,approved,US,False,CH-10140,US,Healthcare,157.72,,325ec2e6,2026-05-12 01:21:23,,,True
6f020ec0-1194-4587-a244-862225879c12,2025-07-04 01:21:23,Blue Cash,CVS Pharmacy,Healthcare,193.31,USD,approved,US,False,CH-10190,US,Transportation,483.07,,325ec2e6,2026-05-12 01:21:23,,,True
f545e46a-d4de-42ec-a309-f9aee30f036e,2025-12-19 02:21:23,Platinum,Best Buy,Technology,546.0,USD,approved,CN,True,CH-10055,US,Fuel,359.76,GEO_IMPOSSIBLE,325ec2e6,2026-05-12 01:21:23,,,True
0c399c99-8b77-4957-b413-ab0c152b2c86,2026-03-21 03:20:23,Platinum,Best Buy,Technology,36.18,USD,pending,AU,True,CH-10115,US,Retail,31.9,GEO_IMPOSSIBLE,325ec2e6,2026-05-12 01:21:23,,,True
0dd191a4-ed5b-4f03-8e3f-68c8a31d5467,2026-02-13 01:21:23,Platinum,McDonald's,Food & Beverage,300.7,USD,approved,GB,False,CH-10130,GB,Fuel,204.89,,325ec2e6,2026-05-12 01:21:23,,,True
770800b2-0a4d-4fc5-b9fa-9b467f8a88d1,2025-10-28 01:21:23,Green,Uber,Transportation,39.84,USD,approved,GB,False,CH-10153,GB,Technology,44.1,,325ec2e6,2026-05-12 01:21:23,,,True
a767a45b-ccc5-4102-b850-baddcfb51eec,2025-12-13 01:21:23,Blue Cash,Delta Airlines,Travel,396.39,USD,pending,CA,False,CH-10063,CA,Technology,434.64,,325ec2e6,2026-05-12 01:21:23,,,True
b76c4b0c-6622-4681-9bbb-ae7e207bb97e,2025-08-05 01:21:23,Green,Spotify,Entertainment,410.83,USD,approved,US,False,CH-10179,US,Food & Beverage,238.26,,325ec2e6,2026-05-12 01:21:23,,,True
8fd9b2df-0da6-49ef-a599-ac65bdd17c89,2025-05-12 01:21:23,Platinum,Starbucks,Food & Beverage,36.78,USD,approved,US,False,CH-10161,US,Technology,57.19,,325ec2e6,2026-05-12 01:21:23,,,True
f7b1fe6e-05c6-4cfa-8c3b-f21bfc23c318,2025-05-22 01:21:23,Platinum,Shell Gas,Fuel,537.76,USD,approved,CA,False,CH-10181,CA,Healthcare,420.76,,325ec2e6,2026-05-12 01:21:23,,,True
c2d8438c-aa30-4f17-82c9-9c6dfff7df20,2025-08-12 01:21:23,Blue Cash,Best Buy,Technology,92.9,USD,approved,US,False,CH-10143,US,Fuel,156.22,,325ec2e6,2026-05-12 01:21:23,,,True
623d1061-ad64-4d86-bac0-b729e6478695,2026-04-15 01:21:23,Gold,Walmart,Retail,262.82,USD,approved,GB,False,CH-10133,GB,Food & Beverage,194.83,,325ec2e6,2026-05-12 01:21:23,,,True
7a108a3f-33fd-4c65-a1a0-52acb6e816a8,2026-04-11 01:21:23,Green,Delta Airlines,Travel,130.5,USD,approved,GB,False,CH-10041,GB,Food & Beverage,93.36,,325ec2e6,2026-05-12 01:21:23,,,True
f7199d16-bdef-4629-8bae-8f3ec6370c2d,2025-06-01 01:21:23,Blue Cash,Marriott Hotels,Travel,141.26,USD,approved,US,False,CH-10008,US,Healthcare,94.63,,325ec2e6,2026-05-12 01:21:23,,,True
89600d69-a2c3-4a89-a978-e08765fe6099,2025-05-21 01:21:23,Platinum,Apple Store,Technology,93.43,USD,approved,US,False,CH-10143,US,Fuel,156.22,,325ec2e6,2026-05-12 01:21:23,,,True
a93f9195-f547-4907-bb1d-828785e9726a,2026-04-15 01:21:23,Green,Apple Store,Technology,8.84,USD,pending,US,False,CH-10099,US,Transportation,150.73,,325ec2e6,2026-05-12 01:21:23,,,True
fc523a0e-4d1b-4c1a-bf1d-6227bfd1753d,2025-06-22 01:21:23,Blue Cash,Netflix,Entertainment,322.92,USD,approved,CA,False,CH-10199,CA,Fuel,228.09,,325ec2e6,2026-05-12 01:21:23,,,True
8bff133f-b00e-4078-b11f-b5701447fba3,2026-02-02 01:21:23,Platinum,CVS Pharmacy,Healthcare,170.04,USD,approved,US,False,CH-10139,US,Retail,283.01,,325ec2e6,2026-05-12 01:21:23,,,True
abe6ddc8-5855-4a88-9e5c-70254d362272,2025-10-05 01:21:23,Gold,Target,Retail,49.17,USD,approved,GB,False,CH-10047,GB,Transportation,81.63,,325ec2e6,2026-05-12 01:21:23,,,True
bb4bf645-906c-4628-9223-6f939e5987ec,2026-02-22 01:21:23,Green,Amazon,Retail,15.93,USD,approved,US,False,CH-10065,US,Fuel,139.36,,325ec2e6,2026-05-12 01:21:23,,,True
b855b703-16ad-4833-be12-b4644b02e7ea,2025-07-23 01:21:23,Green,Netflix,Entertainment,472.96,USD,approved,US,False,CH-10198,US,Travel,427.8,CATEGORY_MISMATCH,325ec2e6,2026-05-12 01:21:23,,,True
f81557ec-5f1f-4f02-94fb-49198317e356,2026-02-20 01:21:23,Gold,Target,Retail,46.47,USD,approved,US,False,CH-10056,US,Food & Beverage,52.35,,325ec2e6,2026-05-12 01:21:23,,,True
e3e1f63a-2685-477f-b79f-30f9ff0593c4,2025-11-24 01:21:23,Platinum,Spotify,Entertainment,40.97,USD,approved,US,False,CH-10056,US,Food & Beverage,52.35,,325ec2e6,2026-05-12 01:21:23,,,True
2351c653-d3db-43be-a32c-6a5ecc714062,2025-11-16 01:21:23,Gold,Best Buy,Technology,237.57,USD,approved,US,False,CH-10135,US,Healthcare,263.42,,325ec2e6,2026-05-12 01:21:23,,,True
ee5706a0-4750-4baa-b964-a0f1eeec0fe1,2025-11-29 01:21:23,Gold,Starbucks,Food & Beverage,298.73,USD,approved,US,False,CH-10159,US,Healthcare,387.59,,325ec2e6,2026-05-12 01:21:23,,,True
2416905c-a58d-4363-b553-fd830b912254,2025-08-21 01:21:23,Green,Whole Foods,Food & Beverage,230.02,USD,approved,US,False,CH-10065,US,Fuel,139.36,,325ec2e6,2026-05-12 01:21:23,,,True
934f3ff0-6ea8-43b1-a3a7-33d35d9aafcb,2025-06-13 01:21:23,Gold,Best Buy,Technology,171.53,USD,approved,US,False,CH-10114,US,Food & Beverage,435.01,,325ec2e6,2026-05-12 01:21:23,,,True
fa8a97cd-d83d-4997-bb6b-9be1acff7726,2026-01-25 01:21:23,Gold,McDonald's,Food & Beverage,413.9,USD,approved,US,False,CH-10042,US,Travel,307.49,,325ec2e6,2026-05-12 01:21:23,,,True
9d3bba03-7bd4-4b5c-9006-959cbf5ff087,2025-05-18 01:21:23,Gold,Netflix,Entertainment,739.73,USD,approved,US,False,CH-10108,US,Travel,420.61,,325ec2e6,2026-05-12 01:21:23,,,True
2388e6cd-b6d0-470a-80bd-78e27489b74a,2025-11-24 01:21:23,Platinum,Target,Retail,19.79,USD,approved,US,False,CH-10018,US,Transportation,197.69,CATEGORY_MISMATCH,325ec2e6,2026-05-12 01:21:23,,,True
12f3b0b2-2991-44b7-89ea-3c1b281a941c,2025-10-16 01:21:23,Platinum,Walmart,Retail,209.0,USD,declined,CA,False,CH-10142,CA,Food & Beverage,265.36,,325ec2e6,2026-05-12 01:21:23,,,True
33503b0d-81b9-400d-9565-65053cf6d6ad,2026-02-10 03:20:23,Gold,Apple Store,Technology,418.3,USD,approved,CN,True,CH-10004,US,Travel,289.4,GEO_IMPOSSIBLE,325ec2e6,2026-05-12 01:21:23,,,True
f2037258-c006-4c9a-8f0b-a5f8b959699d,2025-12-19 01:21:23,Green,McDonald's,Food & Beverage,712.46,USD,approved,CA,False,CH-10074,CA,Healthcare,464.73,,325ec2e6,2026-05-12 01:21:23,,,True
601dfa05-6adf-41e4-b136-3049b5c883ef,2026-01-20 01:21:23,Blue Cash,Amazon,Retail,72.22,USD,approved,GB,False,CH-10169,GB,Retail,248.95,,325ec2e6,2026-05-12 01:21:23,,,True
179b5478-e421-429e-9f67-b6eb4df2cf22,2025-06-15 01:21:23,Platinum,Delta Airlines,Travel,214.33,USD,approved,US,False,CH-10139,US,Retail,283.01,,325ec2e6,2026-05-12 01:21:23,,,True
141adc09-ff4a-482f-b458-a05af3e09a07,2025-07-23 01:21:23,Gold,Target,Retail,318.68,USD,approved,CA,False,CH-10142,CA,Food & Beverage,265.36,,325ec2e6,2026-05-12 01:21:23,,,True
10e708f0-6991-4f2d-9114-6df03cde5741,2025-06-16 01:21:23,Green,Starbucks,Food & Beverage,646.2,USD,approved,GB,False,CH-10078,GB,Travel,379.03,,325ec2e6,2026-05-12 01:21:23,,,True
dc5c7b4f-da2a-4c4e-8d7d-427e7fccac53,2026-02-09 01:21:23,Green,Netflix,Entertainment,606.41,USD,approved,GB,False,CH-10157,GB,Technology,450.66,,325ec2e6,2026-05-12 01:21:23,,,True
847c2934-a3d4-41ea-a521-6d7437b4efd4,2026-01-31 02:31:23,Blue Cash,Spotify,Entertainment,125.85,USD,approved,US,True,CH-10192,GB,Retail,210.39,GEO_IMPOSSIBLE,325ec2e6,2026-05-12 01:21:23,,,True
1b0dc30d-47d2-4655-9c5b-7d703a1703b4,2025-06-11 01:21:23,Green,Marriott Hotels,Travel,166.2,USD,approved,GB,False,CH-10124,GB,Retail,346.17,,325ec2e6,2026-05-12 01:21:23,,,True
95a68030-5264-4988-9655-c30c3a9e4b04,2025-07-01 01:21:23,Blue Cash,Marriott Hotels,Travel,638.57,USD,approved,GB,False,CH-10049,GB,Retail,482.89,,325ec2e6,2026-05-12 01:21:23,,,True
0472eb60-385b-4062-ac68-d88a199ef35c,2026-02-15 01:21:23,Green,Marriott Hotels,Travel,6.21,USD,pending,US,False,CH-10145,US,Healthcare,127.83,,325ec2e6,2026-05-12 01:21:23,,,True
5e11c24e-1b92-4f14-a2f2-bb5d19a57547,2025-11-09 01:21:23,Blue Cash,Shell Gas,Fuel,87.82,USD,approved,US,False,CH-10189,US,Transportation,310.83,,325ec2e6,2026-05-12 01:21:23,,,True
18ea24f1-bd3b-4c64-91be-7abefabf7849,2025-09-05 01:21:23,Green,Best Buy,Technology,486.21,USD,approved,US,False,CH-10118,US,Retail,438.64,,325ec2e6,2026-05-12 01:21:23,,,True
60f715a2-276c-4ac1-83c9-71dda9193a25,2026-02-01 01:21:23,Platinum,Netflix,Entertainment,116.92,USD,declined,US,False,CH-10071,US,Transportation,215.08,,325ec2e6,2026-05-12 01:21:23,,,True
b0b24820-0d18-4c14-bfed-3b29a581b4d1,2025-06-23 01:21:23,Gold,Spotify,Entertainment,27.11,USD,approved,US,False,CH-10019,US,Healthcare,356.87,,325ec2e6,2026-05-12 01:21:23,,,True
c8a99592-b2b8-43f9-af29-2c656226bacb,2025-08-07 01:21:23,Gold,Starbucks,Food & Beverage,802.39,USD,approved,US,False,CH-10151,US,Travel,448.48,,325ec2e6,2026-05-12 01:21:23,,,True
75950fa3-262b-489c-91d7-a38c8182c0cc,2025-07-15 01:21:23,Blue Cash,Marriott Hotels,Travel,32.95,USD,approved,US,False,CH-10038,US,Technology,21.56,,325ec2e6,2026-05-12 01:21:23,,,True
e44ef294-ec51-4c1d-b988-cc963cac3498,2026-05-07 01:21:23,Blue Cash,Walmart,Retail,273.24,USD,approved,GB,False,CH-10130,GB,Fuel,204.89,,325ec2e6,2026-05-12 01:21:23,,,True
a12005c1-9c46-4c42-a456-bada60164e0d,2026-03-02 01:21:23,Platinum,Shell Gas,Fuel,404.96,USD,approved,GB,False,CH-10157,GB,Technology,450.66,,325ec2e6,2026-05-12 01:21:23,,,True
610bd596-d0dc-4efd-b0b8-61398247385a,2025-12-02 02:35:23,Platinum,Netflix,Entertainment,810.31,USD,approved,RU,True,CH-10168,GB,Travel,431.23,GEO_IMPOSSIBLE,325ec2e6,2026-05-12 01:21:23,,,True
5bf36361-2f77-48c0-b135-b31f018727c1,2025-08-20 01:21:23,Gold,Starbucks,Food & Beverage,174.23,USD,approved,US,False,CH-10094,US,Healthcare,95.72,,325ec2e6,2026-05-12 01:21:23,,,True
dd5939c8-8886-4361-9b00-4168e863f681,2025-06-14 01:21:23,Gold,Spotify,Entertainment,265.92,USD,approved,US,False,CH-10116,US,Retail,405.07,,325ec2e6,2026-05-12 01:21:23,,,True
c037055b-8224-4141-af11-7da862b08ce3,2025-07-25 01:21:23,Green,Netflix,Entertainment,172.81,USD,approved,GB,False,CH-10070,GB,Travel,485.12,,325ec2e6,2026-05-12 01:21:23,,,True
98832fcd-3a83-43d3-b0ff-37544011476b,2025-11-01 01:21:23,Gold,Spotify,Entertainment,402.72,USD,approved,US,False,CH-10167,US,Retail,206.95,,325ec2e6,2026-05-12 01:21:23,,,True
9205da78-7e03-495a-90b7-8d1524080da4,2026-05-09 01:21:23,Blue Cash,Best Buy,Technology,346.16,USD,declined,CA,False,CH-10088,CA,Transportation,342.41,,325ec2e6,2026-05-12 01:21:23,,,True
86549104-16f1-4943-9fda-5c14aa16426f,2026-02-06 01:21:23,Green,Whole Foods,Food & Beverage,116.53,USD,approved,US,False,CH-10019,US,Healthcare,356.87,,325ec2e6,2026-05-12 01:21:23,,,True
f7db9979-3929-4413-a7b6-ba1c34c92e28,2026-03-15 01:21:23,Blue Cash,Starbucks,Food & Beverage,242.34,USD,approved,GB,False,CH-10169,GB,Retail,248.95,,325ec2e6,2026-05-12 01:21:23,,,True
e2945cd9-4828-4457-a275-5dde5eeb79ec,2026-04-20 01:21:23,Blue Cash,Shell Gas,Fuel,28.24,USD,approved,GB,False,CH-10041,GB,Food & Beverage,93.36,,325ec2e6,2026-05-12 01:21:23,,,True
658b491b-6770-4273-9cad-03e36c2c2c29,2025-12-31 01:21:23,Platinum,Amazon,Retail,262.85,USD,approved,GB,False,CH-10131,GB,Food & Beverage,142.27,,325ec2e6,2026-05-12 01:21:23,,,True
65484e7c-09f7-4bb6-b3dc-41c5372b5803,2025-06-08 01:21:23,Gold,Shell Gas,Fuel,107.38,USD,declined,GB,False,CH-10144,GB,Entertainment,64.83,,325ec2e6,2026-05-12 01:21:23,,,True
feaf712e-9ea2-4ef7-8f3b-4c05eafdc63a,2025-10-14 01:21:23,Blue Cash,Best Buy,Technology,574.02,USD,approved,CA,False,CH-10155,CA,Entertainment,476.02,,325ec2e6,2026-05-12 01:21:23,,,True
52e321af-a9f4-4460-a1bf-2767d9a1ef56,2025-05-26 01:21:23,Green,Uber,Transportation,338.72,USD,approved,CA,False,CH-10046,CA,Fuel,489.43,,325ec2e6,2026-05-12 01:21:23,,,True
128be1d7-a6cb-4f94-bed8-032995f079aa,2026-05-04 01:21:23,Blue Cash,Apple Store,Technology,142.03,USD,approved,US,False,CH-10058,US,Healthcare,341.11,,325ec2e6,2026-05-12 01:21:23,,,True
19fa69eb-5e04-4757-926f-eb2288e175a9,2025-08-09 01:21:23,Platinum,Shell Gas,Fuel,312.92,USD,declined,US,False,CH-10123,US,Healthcare,188.55,,325ec2e6,2026-05-12 01:21:23,,,True
aa7efda5-1625-4561-9a1a-befb60d0881f,2026-04-20 01:21:23,Blue Cash,Apple Store,Technology,307.88,USD,approved,US,False,CH-10166,US,Technology,219.57,,325ec2e6,2026-05-12 01:21:23,,,True
f9b04ef0-ad1e-4df3-8def-912246012c39,2025-05-21 01:21:23,Blue Cash,McDonald's,Food & Beverage,219.37,USD,approved,US,False,CH-10123,US,Healthcare,188.55,,325ec2e6,2026-05-12 01:21:23,,,True
15f170d3-a6bc-4a9f-8790-81200f40f0ad,2025-08-07 01:21:23,Gold,Starbucks,Food & Beverage,155.51,USD,approved,GB,False,CH-10196,GB,Travel,186.66,,325ec2e6,2026-05-12 01:21:23,,,True
08276d3a-319c-413f-a41d-d84b995ab8d3,2025-11-01 01:21:23,Gold,Uber,Transportation,115.59,USD,approved,US,False,CH-10001,US,Food & Beverage,86.98,,325ec2e6,2026-05-12 01:21:23,,,True
39a26d1a-77a6-47a7-b62e-ba8a062760a9,2025-07-17 01:21:23,Platinum,Walmart,Retail,46.13,USD,approved,US,False,CH-10092,US,Healthcare,83.58,,325ec2e6,2026-05-12 01:21:23,,,True
a1628b6e-4857-4485-9a58-967567c2c012,2025-10-21 01:21:23,Green,Uber,Transportation,668.7,USD,pending,US,False,CH-10093,US,Fuel,442.05,,325ec2e6,2026-05-12 01:21:23,,,True
f76b3f90-ff7f-4e79-9194-903d5d3a134a,2025-09-07 01:21:23,Green,Target,Retail,99.43,USD,approved,US,False,CH-10123,US,Healthcare,188.55,,325ec2e6,2026-05-12 01:21:23,,,True
323a3905-cb81-4aa7-acce-8f61597f4977,2025-06-09 01:21:23,Platinum,Apple Store,Technology,40.98,USD,declined,US,False,CH-10180,US,Retail,153.56,,325ec2e6,2026-05-12 01:21:23,,,True
55c8ca58-cc88-4e13-9b83-890b1fc548de,2025-11-20 01:21:23,Platinum,Walmart,Retail,150.54,USD,approved,GB,False,CH-10041,GB,Food & Beverage,93.36,,325ec2e6,2026-05-12 01:21:23,,,True
d9bd894a-05c7-4b13-a1e3-dc5c98020461,2026-05-10 01:21:23,Blue Cash,Target,Retail,459.44,USD,pending,CA,False,CH-10013,CA,Fuel,284.98,,325ec2e6,2026-05-12 01:21:23,,,True
9f3f8e9b-d859-430a-a752-c82ee090a33f,2026-01-19 01:21:23,Gold,Apple Store,Technology,35.86,USD,approved,GB,False,CH-10153,GB,Technology,44.1,,325ec2e6,2026-05-12 01:21:23,,,True
718f66fc-a814-450f-9241-3f8d1de2221c,2025-07-11 01:21:23,Green,Uber,Transportation,12.1,USD,approved,US,False,CH-10102,US,Travel,64.3,,325ec2e6,2026-05-12 01:21:23,,,True
a5362251-76f1-40dc-9f8f-7bb69e03d8dd,2025-06-10 01:21:23,Gold,Best Buy,Technology,197.13,USD,approved,US,False,CH-10126,US,Healthcare,105.71,,325ec2e6,2026-05-12 01:21:23,,,True
5f67305c-9867-406d-a2ed-6bb24e063080,2026-01-30 01:21:23,Blue Cash,Shell Gas,Fuel,250.9,USD,approved,US,False,CH-10090,US,Travel,239.98,,325ec2e6,2026-05-12 01:21:23,,,True
6b4f14de-096e-4614-bef8-ef44bf2c1a50,2025-07-30 01:21:23,Green,Whole Foods,Food & Beverage,758.9,USD,approved,US,False,CH-10023,US,Food & Beverage,414.47,,325ec2e6,2026-05-12 01:21:23,,,True
3b9d88e9-558e-4160-b867-e7f48b5de6cc,2025-10-18 01:21:23,Platinum,Starbucks,Food & Beverage,559.92,USD,approved,GB,False,CH-10070,GB,Travel,485.12,,325ec2e6,2026-05-12 01:21:23,,,True
944dcc8c-ed29-48fd-ad51-1512024f841a,2025-11-19 01:21:23,Gold,Whole Foods,Food & Beverage,278.96,USD,approved,CA,False,CH-10027,CA,Transportation,147.14,,325ec2e6,2026-05-12 01:21:23,,,True
980efa79-c734-471a-ac65-9dc97b31edf1,2025-10-31 01:21:23,Green,Netflix,Entertainment,128.43,USD,approved,US,False,CH-10137,US,Transportation,112.08,,325ec2e6,2026-05-12 01:21:23,,,True
65bf796a-9b28-45f5-bf55-6ae88e3a2296,2026-04-28 01:21:23,Blue Cash,Best Buy,Technology,414.96,USD,declined,US,False,CH-10198,US,Travel,427.8,,325ec2e6,2026-05-12 01:21:23,,,True
712f4a94-7ad7-495e-a05e-7a3e4d261778,2026-02-10 01:21:23,Green,CVS Pharmacy,Healthcare,243.86,USD,approved,US,False,CH-10172,US,Retail,253.11,,325ec2e6,2026-05-12 01:21:23,,,True
91ca18ac-b3b4-4224-bd70-652467eca666,2026-01-30 01:21:23,Platinum,Target,Retail,195.4,USD,approved,US,False,CH-10068,US,Technology,407.85,,325ec2e6,2026-05-12 01:21:23,,,True
4df634d7-00bd-4a7c-9a1b-283e2c537c46,2025-11-11 01:21:23,Platinum,Starbucks,Food & Beverage,6549.94,USD,approved,US,False,CH-10058,US,Healthcare,341.11,HIGH_VALUE_OUTLIER,325ec2e6,2026-05-12 01:21:23,,AMOUNT_ANOMALY:z=10.98,True
4e697197-9a05-4820-81a9-d61516ce8336,2025-08-08 01:21:23,Gold,Best Buy,Technology,477.2,USD,approved,GB,False,CH-10169,GB,Retail,248.95,,325ec2e6,2026-05-12 01:21:23,,,True
3c68f49c-2d47-46b5-af6d-58f8738dfc29,2025-08-24 01:21:23,Green,Best Buy,Technology,30.11,USD,approved,GB,False,CH-10080,GB,Transportation,47.3,,325ec2e6,2026-05-12 01:21:23,,,True
3bbc513d-f333-4441-a120-de8f289a386f,2025-08-09 01:21:23,Blue Cash,Whole Foods,Food & Beverage,23.4,USD,approved,CA,False,CH-10013,CA,Fuel,284.98,,325ec2e6,2026-05-12 01:21:23,,,True
dded74ad-a3a9-4551-9280-1e560c0ab8bc,2025-12-29 01:21:23,Green,Uber,Transportation,43.45,USD,approved,US,False,CH-10092,US,Healthcare,83.58,,325ec2e6,2026-05-12 01:21:23,,,True
63fbfa08-3b85-4348-aa3a-5baee13598a4,2025-10-10 01:21:23,Blue Cash,Target,Retail,621.0,USD,approved,US,False,CH-10093,US,Fuel,442.05,,325ec2e6,2026-05-12 01:21:23,,,True
42bbd044-742f-45af-8d60-57513246eb93,2025-07-22 01:21:23,Platinum,Best Buy,Technology,296.66,USD,approved,US,False,CH-10071,US,Transportation,215.08,,325ec2e6,2026-05-12 01:21:23,,,True
28fd797e-3d4a-464f-a9f9-20d2d8951278,2026-02-01 01:21:23,Blue Cash,Whole Foods,Food & Beverage,44.13,USD,declined,GB,False,CH-10060,GB,Technology,136.64,,325ec2e6,2026-05-12 01:21:23,,,True
a0fe0cc2-c736-4b57-aa9c-279ff3b34d63,2025-06-24 01:21:23,Blue Cash,Target,Retail,316.17,USD,approved,US,False,CH-10002,US,Fuel,303.44,,325ec2e6,2026-05-12 01:21:23,,,True
6107af41-1119-4c43-8c63-2be865b6df26,2025-05-24 01:21:23,Gold,Delta Airlines,Travel,34.99,USD,approved,GB,False,CH-10076,GB,Technology,94.3,,325ec2e6,2026-05-12 01:21:23,,,True
265fd693-047f-4312-b63a-263379d1de9f,2025-12-30 01:21:23,Blue Cash,Walmart,Retail,44.48,USD,approved,US,False,CH-10161,US,Technology,57.19,,325ec2e6,2026-05-12 01:21:23,,,True
97f0f242-ea10-45a6-a561-336bca6b4f45,2025-11-14 01:21:23,Gold,Marriott Hotels,Travel,242.41,USD,approved,US,False,CH-10065,US,Fuel,139.36,,325ec2e6,2026-05-12 01:21:23,,,True
67551f23-fccf-4ad0-a00b-2fff20f3aa67,2025-12-18 01:21:23,Platinum,Shell Gas,Fuel,225.81,USD,pending,US,False,CH-10147,US,Technology,313.41,,325ec2e6,2026-05-12 01:21:23,,,True
012643fb-2b08-4078-b1dd-03ed7714677d,2025-12-17 01:21:23,Gold,Best Buy,Technology,332.63,USD,approved,US,False,CH-10188,US,Technology,355.74,,325ec2e6,2026-05-12 01:21:23,,,True
489c7afe-413c-46a7-b0e9-0df03ce9159f,2025-07-03 01:21:23,Green,McDonald's,Food & Beverage,100.94,USD,approved,US,False,CH-10163,US,Fuel,86.42,,325ec2e6,2026-05-12 01:21:23,,,True
aa35212f-dbc8-4269-ba45-ab3f3a364031,2025-06-12 01:21:23,Platinum,Marriott Hotels,Travel,57.95,USD,approved,GB,False,CH-10041,GB,Food & Beverage,93.36,,325ec2e6,2026-05-12 01:21:23,,,True
a5bd6e83-d9f7-4aad-bf4f-d4877c9a982c,2025-11-08 01:21:23,Blue Cash,Spotify,Entertainment,67.5,USD,approved,GB,False,CH-10069,GB,Fuel,44.28,,325ec2e6,2026-05-12 01:21:23,,,True
d3199850-26d3-4155-a09d-f15aec179855,2026-01-12 01:21:23,Gold,Target,Retail,408.83,USD,approved,US,False,CH-10042,US,Travel,307.49,,325ec2e6,2026-05-12 01:21:23,,,True
25f949dd-f980-4014-b2de-2c439242969f,2026-03-25 01:21:23,Platinum,Starbucks,Food & Beverage,39.94,USD,approved,US,False,CH-10020,US,Transportation,276.39,,325ec2e6,2026-05-12 01:21:23,,,True
915e4799-bdfc-4bdf-b6fb-e63f279f7af8,2026-03-31 01:21:23,Blue Cash,McDonald's,Food & Beverage,89.4,USD,approved,GB,False,CH-10006,GB,Healthcare,408.53,,325ec2e6,2026-05-12 01:21:23,,,True
0c2eacad-5c78-43ee-b44c-d36d6049c559,2025-12-18 01:21:23,Platinum,Delta Airlines,Travel,136.38,USD,approved,US,False,CH-10099,US,Transportation,150.73,,325ec2e6,2026-05-12 01:21:23,,,True
4aca5bc8-78fe-4b78-8eeb-0179495b3c59,2025-11-27 01:21:23,Gold,Amazon,Retail,128.06,USD,approved,CA,False,CH-10043,CA,Travel,73.7,,325ec2e6,2026-05-12 01:21:23,,,True
cdef82ad-e98d-41fd-af4b-acf9907e4eaa,2025-05-20 01:21:23,Blue Cash,Whole Foods,Food & Beverage,50.07,USD,approved,GB,False,CH-10069,GB,Fuel,44.28,,325ec2e6,2026-05-12 01:21:23,,,True
ce4c381c-8302-4c8d-888d-0b9044e2776c,2025-06-19 01:21:23,Blue Cash,Shell Gas,Fuel,499.67,USD,approved,US,False,CH-10191,US,Travel,465.87,,325ec2e6,2026-05-12 01:21:23,,,True
976ebcf6-33de-47a0-8251-3d384ddb6832,2025-07-29 01:21:23,Green,Whole Foods,Food & Beverage,78.85,USD,approved,US,False,CH-10001,US,Food & Beverage,86.98,,325ec2e6,2026-05-12 01:21:23,,,True
dc574fdc-1017-4474-8c41-5cfae148ecfa,2026-04-02 01:21:23,Blue Cash,Apple Store,Technology,187.95,USD,approved,US,False,CH-10165,US,Fuel,219.14,,325ec2e6,2026-05-12 01:21:23,,,True
25c378f3-e326-4c49-8660-fc758122a9e2,2025-08-13 01:21:23,Green,McDonald's,Food & Beverage,678.21,USD,approved,CA,False,CH-10156,CA,Retail,418.67,,325ec2e6,2026-05-12 01:21:23,,,True
6ef56022-0c1c-465d-849b-84843560ac25,2025-09-21 01:21:23,Green,Target,Retail,606.59,USD,approved,CA,False,CH-10046,CA,Fuel,489.43,,325ec2e6,2026-05-12 01:21:23,,,True
1dbbecbc-7dc9-4b12-980a-509f0f06950a,2025-08-12 01:21:23,Gold,Marriott Hotels,Travel,11.41,USD,approved,CA,False,CH-10048,CA,Transportation,147.23,,325ec2e6,2026-05-12 01:21:23,,,True
c85fed35-17fc-4b15-8ca3-4acfe91c09e2,2025-07-30 01:22:48,Blue Cash,CVS Pharmacy,Healthcare,59.8,USD,approved,US,False,CH-10032,US,Retail,306.28,VELOCITY,325ec2e6,2026-05-12 01:21:23,,,True
a0ab1ead-ddef-4a5b-80e6-7762181f646d,2026-01-10 02:45:13,Blue Cash,McDonald's,Food & Beverage,420.24,USD,pending,US,False,CH-10079,US,Travel,300.41,VELOCITY,325ec2e6,2026-05-12 01:21:23,,,True
d107f6f3-9eeb-4000-8389-cc14e2e9ee6d,2026-04-06 01:21:23,Green,Amazon,Retail,177.06,USD,approved,US,False,CH-10037,US,Fuel,160.88,,325ec2e6,2026-05-12 01:21:23,,,True
e59f767b-f017-40b3-be3b-7d445338aea9,2026-03-11 01:21:23,Blue Cash,Netflix,Entertainment,95.82,USD,approved,US,False,CH-10064,US,Fuel,49.09,,325ec2e6,2026-05-12 01:21:23,,,True
f507e2e3-d2f9-4ba2-876d-963bdea7f808,2026-03-25 01:21:23,Gold,Starbucks,Food & Beverage,510.44,USD,approved,GB,False,CH-10113,GB,Retail,487.44,,325ec2e6,2026-05-12 01:21:23,,,True
c0279977-3031-40e6-9f02-2e1b80586aff,2026-04-21 01:21:23,Green,Delta Airlines,Travel,631.97,USD,approved,CA,False,CH-10174,CA,Transportation,423.44,,325ec2e6,2026-05-12 01:21:23,,,True
be02daa3-fcfb-4a44-ba60-3f681bfcac8c,2026-04-16 01:21:23,Green,Shell Gas,Fuel,326.37,USD,approved,US,False,CH-10123,US,Healthcare,188.55,,325ec2e6,2026-05-12 01:21:23,,,True
d6c30090-f4b8-40fe-9c1e-4692c0e20b6f,2025-12-22 01:21:23,Green,Apple Store,Technology,177.98,USD,approved,US,False,CH-10162,US,Food & Beverage,150.42,,325ec2e6,2026-05-12 01:21:23,,,True
0a07bf65-efed-42d4-bb6e-26f8b5a60cfc,2026-02-22 01:21:23,Blue Cash,Target,Retail,320.17,USD,approved,US,False,CH-10010,US,Entertainment,426.8,CATEGORY_MISMATCH,325ec2e6,2026-05-12 01:21:23,,,True
948cd68b-469a-4ff3-88fe-8e7625f820b6,2025-06-26 01:21:23,Green,Uber,Transportation,59.39,USD,declined,US,False,CH-10175,US,Travel,455.33,,325ec2e6,2026-05-12 01:21:23,,,True
0e0ac1e9-065b-4256-bfbf-7c0a00450b22,2026-01-13 01:21:23,Gold,McDonald's,Food & Beverage,74.42,USD,approved,US,False,CH-10137,US,Transportation,112.08,,325ec2e6,2026-05-12 01:21:23,,,True
97f6d7a4-2b7f-4da5-ae04-93276402b38a,2026-05-02 01:21:23,Blue Cash,McDonald's,Food & Beverage,473.57,USD,approved,CA,False,CH-10088,CA,Transportation,342.41,,325ec2e6,2026-05-12 01:21:23,,,True
c5299e66-3ea1-4163-94bc-837808321fc3,2025-08-08 01:21:23,Blue Cash,Best Buy,Technology,596.5,USD,approved,US,False,CH-10010,US,Entertainment,426.8,,325ec2e6,2026-05-12 01:21:23,,,True
339a39b2-79a4-4f4e-bad5-5c928248e8c3,2025-07-10 01:21:23,Blue Cash,Marriott Hotels,Travel,314.58,USD,approved,US,False,CH-10089,US,Technology,171.77,,325ec2e6,2026-05-12 01:21:23,,,True
214c8ec3-b1f3-4bcb-83b9-5545ce8a0c9f,2026-03-29 01:24:02,Green,Best Buy,Technology,196.77,USD,approved,US,False,CH-10039,US,Transportation,263.69,VELOCITY,325ec2e6,2026-05-12 01:21:23,,,True
79b62616-bffc-4dce-a877-99d8cb3ad96e,2025-11-07 01:21:23,Gold,Spotify,Entertainment,127.81,USD,approved,GB,False,CH-10047,GB,Transportation,81.63,,325ec2e6,2026-05-12 01:21:23,,,True
ea1d98b8-d189-4886-bd87-8a696a21f7bb,2025-05-28 01:21:23,Blue Cash,Whole Foods,Food & Beverage,431.63,USD,approved,GB,False,CH-10168,GB,Travel,431.23,,325ec2e6,2026-05-12 01:21:23,,,True
45072ffc-8526-4726-adff-c812680f464a,2025-08-18 01:21:23,Green,Target,Retail,455.16,USD,approved,US,False,CH-10082,US,Fuel,344.1,CATEGORY_MISMATCH,325ec2e6,2026-05-12 01:21:23,,,True
c206f977-11cb-43ff-ad8b-0005685a1e12,2026-03-23 01:21:23,Gold,Starbucks,Food & Beverage,10.86,USD,approved,US,False,CH-10008,US,Healthcare,94.63,,325ec2e6,2026-05-12 01:21:23,,,True
8d8d9bfd-5f00-4fad-8020-4147a1b70c37,2026-01-19 01:21:23,Green,Starbucks,Food & Beverage,572.58,USD,approved,GB,False,CH-10125,GB,Entertainment,470.83,CATEGORY_MISMATCH,325ec2e6,2026-05-12 01:21:23,,,True
c8157aba-246e-433d-862a-48f05eb4dff0,2025-10-12 01:21:23,Gold,Best Buy,Technology,455.28,USD,approved,US,False,CH-10020,US,Transportation,276.39,,325ec2e6,2026-05-12 01:21:23,,,True
b9eb796d-c383-4d68-be7e-66da734f84d3,2025-12-08 01:21:23,Gold,Delta Airlines,Travel,74.86,USD,approved,GB,False,CH-10157,GB,Technology,450.66,,325ec2e6,2026-05-12 01:21:23,,,True
bf6f9979-c0ca-4b9f-b4e1-86b32f1c2a7b,2026-02-04 01:21:23,Platinum,CVS Pharmacy,Healthcare,51.18,USD,approved,US,False,CH-10025,US,Entertainment,122.06,,325ec2e6,2026-05-12 01:21:23,,,True
152b706f-2be9-4154-8725-6ede1c9fb0d0,2025-06-20 01:21:23,Blue Cash,Whole Foods,Food & Beverage,72.59,USD,approved,US,False,CH-10045,US,Fuel,61.11,,325ec2e6,2026-05-12 01:21:23,,,True
83353a22-0b90-45d1-a2e1-831cb436e674,2026-02-09 01:21:23,Gold,Spotify,Entertainment,251.16,USD,approved,GB,False,CH-10109,GB,Transportation,226.3,,325ec2e6,2026-05-12 01:21:23,,,True
62d166c3-477e-4e20-9b14-692d94934602,2025-12-02 01:21:23,Blue Cash,Uber,Transportation,236.75,USD,declined,CA,False,CH-10136,CA,Entertainment,213.15,,325ec2e6,2026-05-12 01:21:23,,,True
67955e2b-5de4-4f35-a374-e705c1148bfd,2025-11-28 01:21:23,Blue Cash,McDonald's,Food & Beverage,459.23,USD,approved,US,False,CH-10105,US,Transportation,375.79,,325ec2e6,2026-05-12 01:21:23,,,True
05e3d1f6-6304-4a26-9569-94ad21382a99,2025-09-23 01:21:23,Green,Whole Foods,Food & Beverage,169.82,USD,approved,GB,False,CH-10196,GB,Travel,186.66,,325ec2e6,2026-05-12 01:21:23,,,True
58aaa290-741c-41da-9ea1-0bdda453e09f,2025-12-09 01:21:23,Gold,Uber,Transportation,10.68,USD,approved,CA,False,CH-10072,CA,Food & Beverage,435.03,,325ec2e6,2026-05-12 01:21:23,,,True
4b97905c-0067-431b-b50a-1f15e24d3720,2025-08-24 01:21:23,Green,Amazon,Retail,54.85,USD,declined,GB,False,CH-10080,GB,Transportation,47.3,,325ec2e6,2026-05-12 01:21:23,,,True
8d54dbdc-1171-4193-b02f-df0f08f4e88a,2025-12-28 01:21:23,Green,Best Buy,Technology,50.53,USD,approved,US,False,CH-10009,US,Fuel,64.52,,325ec2e6,2026-05-12 01:21:23,,,True
bf9f4def-99b8-43c2-a1a5-9a735bca0392,2026-01-21 01:21:23,Blue Cash,Walmart,Retail,139.81,USD,approved,GB,False,CH-10076,GB,Technology,94.3,,325ec2e6,2026-05-12 01:21:23,,,True
10dd5a50-b264-4ba9-a50a-6ad92c43ee3d,2025-12-10 01:21:23,Gold,Best Buy,Technology,14.9,USD,approved,US,False,CH-10044,US,Healthcare,134.94,,325ec2e6,2026-05-12 01:21:23,,,True
8109fed6-63db-475e-827d-4c2cacbb4a31,2025-10-02 01:21:23,Green,Amazon,Retail,192.93,USD,approved,CA,False,CH-10199,CA,Fuel,228.09,,325ec2e6,2026-05-12 01:21:23,,,True
3b7cd202-aff8-409d-843e-a1c3707db05e,2025-10-23 01:21:23,Gold,Target,Retail,101.82,USD,approved,US,False,CH-10056,US,Food & Beverage,52.35,,325ec2e6,2026-05-12 01:21:23,,,True
b7578d71-9a79-4f65-b135-64ec29a5c604,2025-10-23 01:21:23,Blue Cash,Starbucks,Food & Beverage,126.95,USD,approved,US,False,CH-10023,US,Food & Beverage,414.47,,325ec2e6,2026-05-12 01:21:23,,,True
c6bf8b4e-369e-455e-8b39-f33a19b8f83d,2025-10-20 01:21:23,Blue Cash,Amazon,Retail,487.32,USD,approved,US,False,CH-10190,US,Transportation,483.07,,325ec2e6,2026-05-12 01:21:23,,,True
dc03b07d-dfc2-4043-9089-e7a4bb5ca567,2025-06-13 01:21:23,Platinum,Best Buy,Technology,557.61,USD,approved,CA,False,CH-10034,CA,Healthcare,486.12,,325ec2e6,2026-05-12 01:21:23,,,True
668e46bd-bec9-42d6-b716-1397455bbe7f,2025-10-04 01:21:23,Platinum,Starbucks,Food & Beverage,209.79,USD,approved,US,False,CH-10134,US,Entertainment,319.11,,325ec2e6,2026-05-12 01:21:23,,,True
789f7652-4fbc-4f7d-9051-f3db705d946d,2026-02-04 01:21:23,Blue Cash,Apple Store,Technology,166.56,USD,approved,CA,False,CH-10171,CA,Food & Beverage,254.35,,325ec2e6,2026-05-12 01:21:23,,,True
fcca3768-88c5-4490-8d27-ac0494d6f7af,2026-01-13 01:21:23,Platinum,Uber,Transportation,198.67,USD,approved,GB,False,CH-10113,GB,Retail,487.44,,325ec2e6,2026-05-12 01:21:23,,,True
720e8319-7edd-4690-b7af-6e153255837d,2025-06-29 01:21:23,Gold,Walmart,Retail,448.69,USD,approved,US,False,CH-10021,US,Transportation,241.88,,325ec2e6,2026-05-12 01:21:23,,,True
e73acd31-56f3-47e0-ab85-99a3b693e74e,2025-09-13 01:21:23,Gold,Marriott Hotels,Travel,7.84,USD,approved,US,False,CH-10003,US,Travel,64.97,,325ec2e6,2026-05-12 01:21:23,,,True
78cb7d33-26d1-496c-8087-7c9a79cfd078,2025-06-28 01:21:23,Green,Whole Foods,Food & Beverage,115.34,USD,approved,GB,False,CH-10052,GB,Technology,78.08,,325ec2e6,2026-05-12 01:21:23,,,True
fe4d8410-19d8-4bdc-84e2-6d62d6d375d6,2026-04-12 01:21:23,Gold,Apple Store,Technology,167.97,USD,approved,US,False,CH-10004,US,Travel,289.4,,325ec2e6,2026-05-12 01:21:23,,,True
a648cc30-ce3a-4afa-984b-4bf4ac64f9ee,2025-06-08 01:21:23,Gold,Best Buy,Technology,158.28,USD,approved,CA,False,CH-10013,CA,Fuel,284.98,,325ec2e6,2026-05-12 01:21:23,,,True
2bbcc665-6b53-459f-a027-9e2f98943673,2025-06-14 01:21:23,Green,Amazon,Retail,116.82,USD,declined,CA,False,CH-10027,CA,Transportation,147.14,,325ec2e6,2026-05-12 01:21:23,,,True
be24896c-bc3d-41f1-9741-26a59322ab4c,2025-07-11 01:21:23,Green,Walmart,Retail,449.66,USD,approved,CA,False,CH-10181,CA,Healthcare,420.76,,325ec2e6,2026-05-12 01:21:23,,,True
539f7034-b46b-4cdb-9147-d5f479e16bcb,2025-08-14 01:21:23,Gold,Whole Foods,Food & Beverage,62.27,USD,approved,US,False,CH-10117,US,Healthcare,96.41,,325ec2e6,2026-05-12 01:21:23,,,True
ea766530-8b54-4219-b7a2-d8ba7109eb0d,2025-12-09 01:21:23,Green,Marriott Hotels,Travel,140.53,USD,approved,US,False,CH-10004,US,Travel,289.4,,325ec2e6,2026-05-12 01:21:23,,,True
d20fbea4-6308-4c10-8aa6-3eb8fadadd16,2026-04-27 01:21:23,Green,Shell Gas,Fuel,637.39,USD,declined,US,False,CH-10015,US,Travel,337.41,,325ec2e6,2026-05-12 01:21:23,,,True
03728708-1dfe-4b97-9bdb-f1fbc8275f68,2026-03-29 01:21:23,Blue Cash,Spotify,Entertainment,197.79,USD,approved,US,False,CH-10087,US,Entertainment,134.57,,325ec2e6,2026-05-12 01:21:23,,,True
4d36f7d0-e0fb-40f2-b46e-20ea26be62bb,2025-07-23 01:21:23,Platinum,Shell Gas,Fuel,102.25,USD,approved,GB,False,CH-10160,GB,Technology,320.84,,325ec2e6,2026-05-12 01:21:23,,,True
0114e1ac-d694-4d6c-a14a-3a05c0915ab2,2026-03-03 01:21:23,Platinum,Best Buy,Technology,348.25,USD,approved,GB,False,CH-10084,GB,Food & Beverage,297.88,,325ec2e6,2026-05-12 01:21:23,,,True
09178b0b-b641-4a3a-93a5-947ae31d04c5,2026-02-27 01:21:23,Platinum,Delta Airlines,Travel,457.43,USD,approved,US,False,CH-10035,US,Fuel,347.22,,325ec2e6,2026-05-12 01:21:23,,,True
2027e362-2b6e-44b6-b3eb-7fb64c5a8745,2026-02-27 01:21:23,Gold,Whole Foods,Food & Beverage,224.47,USD,approved,US,False,CH-10017,US,Retail,153.43,,325ec2e6,2026-05-12 01:21:23,,,True
c1d10aa9-195c-4123-bc48-be2828e23adf,2025-06-20 01:21:23,Green,Apple Store,Technology,701.75,USD,approved,US,False,CH-10105,US,Transportation,375.79,,325ec2e6,2026-05-12 01:21:23,,,True
9435c087-2315-48dd-b62f-f05303297597,2025-07-03 01:21:23,Platinum,Target,Retail,183.47,USD,approved,CA,False,CH-10027,CA,Transportation,147.14,,325ec2e6,2026-05-12 01:21:23,,,True
1dcab75e-4fec-4dc6-9c94-31cae45053ad,2025-11-10 01:21:23,Platinum,Starbucks,Food & Beverage,24.48,USD,approved,US,False,CH-10152,US,Retail,125.04,,325ec2e6,2026-05-12 01:21:23,,,True
39dad3ee-701c-4712-8f1f-68ed5abded9d,2025-10-26 01:21:23,Green,Best Buy,Technology,237.55,USD,approved,US,False,CH-10154,US,Fuel,239.1,,325ec2e6,2026-05-12 01:21:23,,,True
ef645d32-2d4a-4e4a-86a2-7c288efb7438,2025-10-13 01:21:23,Gold,Apple Store,Technology,46.01,USD,declined,US,False,CH-10008,US,Healthcare,94.63,,325ec2e6,2026-05-12 01:21:23,,,True
5b4dc6c4-f074-4635-bdfd-765b52506728,2025-09-30 01:21:23,Platinum,Walmart,Retail,136.08,USD,declined,GB,False,CH-10052,GB,Technology,78.08,,325ec2e6,2026-05-12 01:21:23,,,True
f81bf96f-53a5-4d33-9f84-d2d6d3b15a73,2026-04-21 01:21:23,Platinum,Spotify,Entertainment,119.19,USD,approved,US,False,CH-10117,US,Healthcare,96.41,,325ec2e6,2026-05-12 01:21:23,,,True
67080234-8a4a-4494-b18a-d3b80480d739,2025-09-23 01:21:23,Gold,Uber,Transportation,335.75,USD,approved,GB,False,CH-10100,GB,Food & Beverage,364.45,,325ec2e6,2026-05-12 01:21:23,,,True
68da4b06-81d4-47bc-b047-42be7260596e,2026-04-22 01:21:23,Blue Cash,Whole Foods,Food & Beverage,214.21,USD,pending,US,False,CH-10062,US,Retail,190.06,,325ec2e6,2026-05-12 01:21:23,,,True
ede37be2-a93a-4dee-adaf-babbb639f2ef,2025-12-08 01:21:23,Green,Starbucks,Food & Beverage,754.84,USD,approved,CA,False,CH-10012,CA,Fuel,487.1,,325ec2e6,2026-05-12 01:21:23,,,True
4e4fd7df-7bed-44b4-9651-fe36ef112f5f,2026-03-01 01:21:23,Gold,Uber,Transportation,209.48,USD,approved,CA,False,CH-10075,CA,Healthcare,223.04,,325ec2e6,2026-05-12 01:21:23,,,True
d3570864-39e9-488c-ac9d-86187d70a4e3,2025-05-21 01:21:23,Platinum,Walmart,Retail,406.28,USD,approved,CA,False,CH-10128,CA,Entertainment,369.7,,325ec2e6,2026-05-12 01:21:23,,,True
168af205-9222-497c-9498-f03caaaa70e4,2025-05-13 01:21:23,Blue Cash,Target,Retail,732.43,USD,approved,GB,False,CH-10006,GB,Healthcare,408.53,,325ec2e6,2026-05-12 01:21:23,,,True
b1d9f1e8-07c3-4b4f-9fc0-754303071d47,2026-03-10 01:21:23,Platinum,CVS Pharmacy,Healthcare,67.3,USD,approved,US,False,CH-10082,US,Fuel,344.1,,325ec2e6,2026-05-12 01:21:23,,,True
37e510b1-9781-461a-9d21-da6f5a801325,2025-08-24 01:21:23,Blue Cash,Whole Foods,Food & Beverage,298.04,USD,approved,US,False,CH-10021,US,Transportation,241.88,,325ec2e6,2026-05-12 01:21:23,,,True
6b045375-d2e5-45af-8440-4f8fac8c48d4,2025-07-27 01:21:23,Platinum,McDonald's,Food & Beverage,710.62,USD,declined,GB,False,CH-10011,GB,Healthcare,407.42,,325ec2e6,2026-05-12 01:21:23,,,True
04e7b78b-21be-4c8a-93de-ffb551b26c48,2025-12-05 01:21:23,Gold,Target,Retail,236.29,USD,approved,US,False,CH-10037,US,Fuel,160.88,,325ec2e6,2026-05-12 01:21:23,,,True
4ca6c5f0-d679-49cd-ab69-502f8f2ce7d4,2026-05-11 01:21:23,Platinum,Walmart,Retail,611.29,USD,pending,CA,False,CH-10046,CA,Fuel,489.43,,325ec2e6,2026-05-12 01:21:23,,,True
96aa29e2-91dc-4ba8-93d1-44e43969fc4a,2025-09-02 01:21:23,Gold,Whole Foods,Food & Beverage,38.08,USD,approved,US,False,CH-10127,US,Travel,72.03,,325ec2e6,2026-05-12 01:21:23,,,True
7d747d00-8447-409a-b40f-b0dd0835f44e,2026-05-09 01:21:23,Gold,Best Buy,Technology,163.24,USD,approved,US,False,CH-10104,US,Transportation,325.81,,325ec2e6,2026-05-12 01:21:23,,,True
6721233b-7d8a-4f60-8a8e-e542000ad660,2026-02-26 01:21:23,Platinum,Netflix,Entertainment,33.95,USD,approved,CA,False,CH-10142,CA,Food & Beverage,265.36,,325ec2e6,2026-05-12 01:21:23,,,True
4234d8c5-bb2c-450c-9239-4d4d9b9cb9b2,2026-03-29 01:21:23,Green,Shell Gas,Fuel,14.03,USD,approved,US,False,CH-10008,US,Healthcare,94.63,,325ec2e6,2026-05-12 01:21:23,,,True
648cc621-8885-480e-bfc3-edf3ac822ea3,2026-02-10 01:23:09,Platinum,Delta Airlines,Travel,185.53,USD,pending,US,False,CH-10172,US,Retail,253.11,VELOCITY,325ec2e6,2026-05-12 01:21:23,,,True
6dbe6a46-0ed0-4405-aa2d-58438e7c6aae,2025-08-04 01:21:23,Gold,Netflix,Entertainment,65.35,USD,approved,GB,False,CH-10097,GB,Healthcare,467.24,,325ec2e6,2026-05-12 01:21:23,,,True
ffd26c8f-659d-4ab9-9866-c030a2c0976c,2025-10-18 03:13:23,Blue Cash,Marriott Hotels,Travel,206.78,USD,approved,CN,True,CH-10070,GB,Travel,485.12,GEO_IMPOSSIBLE,325ec2e6,2026-05-12 01:21:23,,,True
a8ea0218-14db-4e22-945d-2f70a3003a70,2025-12-01 01:21:23,Green,CVS Pharmacy,Healthcare,101.62,USD,approved,US,False,CH-10123,US,Healthcare,188.55,,325ec2e6,2026-05-12 01:21:23,,,True
9d40c7dd-aa1c-4dbb-832d-0ea8b74db91c,2025-06-23 01:21:23,Blue Cash,Uber,Transportation,307.16,USD,approved,CA,False,CH-10033,CA,Retail,306.03,,325ec2e6,2026-05-12 01:21:23,,,True
a68642a7-9918-41d6-992b-df57d92acc88,2026-05-12 01:21:23,Green,CVS Pharmacy,Healthcare,91.22,USD,pending,US,False,CH-10059,US,Transportation,367.21,,325ec2e6,2026-05-12 01:21:23,,,True
15b55e8d-33dc-4710-96ae-7a245bf565b3,2025-10-12 01:21:23,Platinum,Netflix,Entertainment,297.51,USD,approved,US,False,CH-10188,US,Technology,355.74,,325ec2e6,2026-05-12 01:21:23,,,True
cace35ef-b3ae-4f8d-ab67-a1e577a3ad6b,2025-05-24 01:21:23,Gold,Starbucks,Food & Beverage,52.27,USD,approved,US,False,CH-10163,US,Fuel,86.42,,325ec2e6,2026-05-12 01:21:23,,,True
47d48449-e635-4cf0-84b2-43d712919a1a,2026-03-15 01:21:23,Green,Whole Foods,Food & Beverage,428.13,USD,approved,US,False,CH-10129,US,Retail,310.98,,325ec2e6,2026-05-12 01:21:23,,,True
48b413e1-42ac-4b64-a079-5789389898a7,2025-11-20 01:21:23,Platinum,Amazon,Retail,831.66,USD,approved,GB,False,CH-10157,GB,Technology,450.66,,325ec2e6,2026-05-12 01:21:23,,,True
a2fdf878-9348-40b8-b576-275fb71b7086,2025-06-25 01:21:23,Platinum,Shell Gas,Fuel,62.13,USD,approved,US,False,CH-10009,US,Fuel,64.52,,325ec2e6,2026-05-12 01:21:23,,,True
34ca659f-0c56-4ac9-9952-0a73f727e60e,2026-04-14 01:21:23,Blue Cash,McDonald's,Food & Beverage,733.45,USD,declined,US,False,CH-10118,US,Retail,438.64,,325ec2e6,2026-05-12 01:21:23,,,True
6ec7afd0-8e3d-4b3f-a302-f7e34a230eba,2025-05-27 01:21:23,Gold,Whole Foods,Food & Beverage,34.72,USD,approved,GB,False,CH-10080,GB,Transportation,47.3,,325ec2e6,2026-05-12 01:21:23,,,True
19c0f7c1-bbfd-4247-bd3a-051c390f133d,2025-11-20 01:21:23,Green,Target,Retail,847.08,USD,approved,US,False,CH-10016,US,Fuel,430.55,,325ec2e6,2026-05-12 01:21:23,,,True
acd49ab4-4505-4418-b880-8425462fdba6,2026-03-14 01:21:23,Blue Cash,Uber,Transportation,55.53,USD,approved,US,False,CH-10146,US,Transportation,31.72,,325ec2e6,2026-05-12 01:21:23,,,True
12643064-bc88-4cb0-93d7-e2919bb891d3,2026-03-29 01:21:23,Gold,CVS Pharmacy,Healthcare,49.54,USD,approved,GB,False,CH-10080,GB,Transportation,47.3,,325ec2e6,2026-05-12 01:21:23,,,True
fdd70533-6fd6-49da-ad05-5199b74897c7,2025-11-02 01:21:23,Green,Starbucks,Food & Beverage,762.44,USD,approved,US,False,CH-10077,US,Food & Beverage,484.98,,325ec2e6,2026-05-12 01:21:23,,,True
9403c4ab-1d2d-4136-afe8-be926200e1b2,2025-08-29 01:21:23,Gold,Whole Foods,Food & Beverage,154.44,USD,approved,GB,False,CH-10113,GB,Retail,487.44,,325ec2e6,2026-05-12 01:21:23,,,True
10e42e8b-ce99-4b67-9672-eca3eefc510c,2026-03-23 01:21:23,Green,Delta Airlines,Travel,525.6,USD,approved,US,False,CH-10134,US,Entertainment,319.11,,325ec2e6,2026-05-12 01:21:23,,,True
e7b60528-a762-4f74-8320-53fcc46a79da,2025-05-12 01:21:23,Gold,Starbucks,Food & Beverage,4011.95,USD,approved,CA,False,CH-10033,CA,Retail,306.03,HIGH_VALUE_OUTLIER,325ec2e6,2026-05-12 01:21:23,,AMOUNT_ANOMALY:z=6.51,True
4b5e8f09-9769-4f23-a5d8-1ec69f26531b,2025-12-04 01:21:23,Green,Walmart,Retail,522.37,USD,approved,GB,False,CH-10011,GB,Healthcare,407.42,,325ec2e6,2026-05-12 01:21:23,,,True
a9997f15-43b9-450c-b5b4-832ff518da15,2025-06-03 01:21:23,Green,Delta Airlines,Travel,51.92,USD,approved,US,False,CH-10073,US,Transportation,201.91,,325ec2e6,2026-05-12 01:21:23,,,True
e20632e0-9c68-4425-b9e7-4aff434fd0f8,2025-11-14 01:21:23,Gold,Uber,Transportation,73.64,USD,approved,US,False,CH-10003,US,Travel,64.97,,325ec2e6,2026-05-12 01:21:23,,,True
1cda9260-91f2-4ef1-b187-329977658936,2025-12-04 01:21:23,Platinum,Uber,Transportation,535.51,USD,approved,CA,False,CH-10072,CA,Food & Beverage,435.03,,325ec2e6,2026-05-12 01:21:23,,,True
6ece1507-9743-4af6-8941-3ec45305712b,2025-05-12 02:56:23,Blue Cash,Amazon,Retail,69.3,USD,declined,AU,True,CH-10033,CA,Retail,306.03,GEO_IMPOSSIBLE,325ec2e6,2026-05-12 01:21:23,,,True
913783b6-bc31-4b05-9bad-146c85630384,2025-12-04 01:21:23,Blue Cash,Spotify,Entertainment,86.45,USD,approved,US,False,CH-10152,US,Retail,125.04,,325ec2e6,2026-05-12 01:21:23,,,True
54ba792a-5248-41c2-9dc0-fd633ae90ce5,2026-03-26 01:21:23,Blue Cash,Walmart,Retail,347.46,USD,approved,CA,False,CH-10136,CA,Entertainment,213.15,,325ec2e6,2026-05-12 01:21:23,,,True
ecc9df0f-98c2-4636-9a2a-7aeedaa66000,2026-01-18 01:21:23,Blue Cash,Delta Airlines,Travel,120.72,USD,approved,US,False,CH-10116,US,Retail,405.07,,325ec2e6,2026-05-12 01:21:23,,,True
ad932d89-57c9-48b2-bfd8-26497e6523fa,2025-06-06 01:21:23,Platinum,Apple Store,Technology,295.39,USD,approved,US,False,CH-10093,US,Fuel,442.05,,325ec2e6,2026-05-12 01:21:23,,,True
ca158f58-50e3-4814-956f-22d1c448cd75,2025-11-14 01:21:23,Gold,Amazon,Retail,334.0,USD,approved,GB,False,CH-10124,GB,Retail,346.17,,325ec2e6,2026-05-12 01:21:23,,,True
32e4bcdd-a7e1-4546-b465-37fe925c5927,2025-10-17 01:21:23,Platinum,Uber,Transportation,281.77,USD,approved,US,False,CH-10089,US,Technology,171.77,,325ec2e6,2026-05-12 01:21:23,,,True
bab28786-1431-4fac-b1be-78d5be3c2a18,2025-10-19 01:21:23,Green,Walmart,Retail,261.38,USD,approved,US,False,CH-10166,US,Technology,219.57,,325ec2e6,2026-05-12 01:21:23,,,True
164059bd-7daf-4b82-99a2-57b681ccd17f,2026-01-26 01:21:23,Blue Cash,Best Buy,Technology,691.13,USD,approved,US,False,CH-10040,US,Healthcare,424.0,,325ec2e6,2026-05-12 01:21:23,,,True
e6635023-71a9-440e-ac92-9fe1c39bbdc6,2026-01-12 01:21:23,Green,Uber,Transportation,45.96,USD,approved,US,False,CH-10111,US,Entertainment,120.84,,325ec2e6,2026-05-12 01:21:23,,,True
6413366c-16d7-41de-a3c9-c475466b9de5,2025-07-11 01:21:23,Blue Cash,Uber,Transportation,354.06,USD,approved,CA,False,CH-10182,CA,Travel,379.53,,325ec2e6,2026-05-12 01:21:23,,,True
be528bf3-cdf0-413b-8122-9f69e97514ec,2026-03-18 01:21:23,Blue Cash,Delta Airlines,Travel,85.36,USD,approved,US,False,CH-10045,US,Fuel,61.11,,325ec2e6,2026-05-12 01:21:23,,,True
e9d44b64-7bad-4bbb-907a-32ada3d73720,2026-03-02 01:21:23,Gold,Best Buy,Technology,138.17,USD,approved,US,False,CH-10083,US,Retail,77.55,,325ec2e6,2026-05-12 01:21:23,,,True
1709c7d8-8e62-4e99-b745-10e0bb7eb0dc,2025-09-23 01:21:23,Platinum,McDonald's,Food & Beverage,401.79,USD,approved,US,False,CH-10000,US,Travel,375.94,,325ec2e6,2026-05-12 01:21:23,,,True
033e85ca-aa11-42f0-8928-8b9024368480,2025-05-30 01:21:23,Green,Starbucks,Food & Beverage,224.1,USD,approved,GB,False,CH-10050,GB,Food & Beverage,362.22,,325ec2e6,2026-05-12 01:21:23,,,True
6f4bcdfd-50d4-4856-bba0-95811357925e,2025-08-24 01:21:23,Gold,Walmart,Retail,279.78,USD,approved,CA,False,CH-10088,CA,Transportation,342.41,,325ec2e6,2026-05-12 01:21:23,,,True
4fdcc62f-0e65-44d3-975f-e518a48161f5,2025-07-30 01:21:23,Gold,Spotify,Entertainment,158.02,USD,approved,US,False,CH-10094,US,Healthcare,95.72,,325ec2e6,2026-05-12 01:21:23,,,True
99283720-d92d-4f56-9ab2-a4a4221ef3ba,2025-10-23 01:21:23,Blue Cash,Starbucks,Food & Beverage,445.91,USD,approved,US,False,CH-10007,US,Transportation,355.11,,325ec2e6,2026-05-12 01:21:23,,,True
ed136b46-d235-4c28-8259-db5095be58e0,2025-09-11 01:21:23,Platinum,Whole Foods,Food & Beverage,37.91,USD,approved,US,False,CH-10111,US,Entertainment,120.84,,325ec2e6,2026-05-12 01:21:23,,,True
a8eb8cfe-16b6-4826-90d2-43c1f41ddba6,2025-12-29 01:21:57,Blue Cash,Netflix,Entertainment,25.36,USD,approved,US,False,CH-10092,US,Healthcare,83.58,VELOCITY,325ec2e6,2026-05-12 01:21:23,,,True
18fcbbee-9bec-4c40-98b7-028935020826,2026-03-04 01:21:23,Blue Cash,Shell Gas,Fuel,63.19,USD,pending,GB,False,CH-10124,GB,Retail,346.17,,325ec2e6,2026-05-12 01:21:23,,,True
284fa01b-ce56-4e9c-a6dc-1185af6ab8c1,2025-09-22 01:21:23,Blue Cash,Spotify,Entertainment,415.15,USD,approved,US,False,CH-10116,US,Retail,405.07,,325ec2e6,2026-05-12 01:21:23,,,True
0da2b5e8-b0a0-4e7a-bfa5-2411d7d946a6,2026-05-09 01:21:23,Platinum,Starbucks,Food & Beverage,279.49,USD,approved,US,False,CH-10090,US,Travel,239.98,,325ec2e6,2026-05-12 01:21:23,,,True
05aaf5a8-cffe-4f35-886b-882a132d1f4b,2025-07-21 01:21:23,Blue Cash,Delta Airlines,Travel,274.5,USD,declined,CA,False,CH-10128,CA,Entertainment,369.7,,325ec2e6,2026-05-12 01:21:23,,,True
6a0adb76-f432-4fdb-836e-856e1e9c3ba4,2025-05-24 01:21:23,Gold,Marriott Hotels,Travel,29.19,USD,approved,US,False,CH-10180,US,Retail,153.56,,325ec2e6,2026-05-12 01:21:23,,,True
e703c1e4-a4db-479f-abd2-73223fb71563,2026-04-02 01:21:23,Green,McDonald's,Food & Beverage,222.61,USD,approved,GB,False,CH-10192,GB,Retail,210.39,,325ec2e6,2026-05-12 01:21:23,,,True
eba1d51d-efef-4e1c-a48a-e36c711186a8,2025-08-09 01:21:23,Gold,CVS Pharmacy,Healthcare,92.3,USD,approved,US,False,CH-10161,US,Technology,57.19,,325ec2e6,2026-05-12 01:21:23,,,True
a013327b-5272-44cb-8300-6a28829bf471,2025-08-23 01:21:23,Gold,Whole Foods,Food & Beverage,244.32,USD,approved,US,False,CH-10087,US,Entertainment,134.57,,325ec2e6,2026-05-12 01:21:23,,,True
30424428-d0ae-4771-aa37-6026fbdf250a,2026-04-24 01:21:23,Green,McDonald's,Food & Beverage,335.12,USD,approved,US,False,CH-10090,US,Travel,239.98,,325ec2e6,2026-05-12 01:21:23,,,True
d68f6a2f-6a0a-47f2-b300-488c430d1ab8,2025-06-08 02:09:23,Gold,Delta Airlines,Travel,26.08,USD,approved,AU,True,CH-10144,GB,Entertainment,64.83,GEO_IMPOSSIBLE,325ec2e6,2026-05-12 01:21:23,,,True
969c7963-ad79-4ed8-b219-eb49ca8518f1,2025-12-21 01:21:23,Gold,Target,Retail,125.67,USD,declined,US,False,CH-10021,US,Transportation,241.88,,325ec2e6,2026-05-12 01:21:23,,,True
c0fe69fd-eeaf-4b19-ab95-ba85d9dc7adf,2025-07-14 01:21:23,Gold,Amazon,Retail,207.26,USD,approved,US,False,CH-10065,US,Fuel,139.36,,325ec2e6,2026-05-12 01:21:23,,,True
42cc099e-2906-420f-b022-e32ff2206966,2025-08-15 01:21:23,Platinum,Delta Airlines,Travel,233.33,USD,approved,US,False,CH-10044,US,Healthcare,134.94,,325ec2e6,2026-05-12 01:21:23,,,True
d1a57050-1f79-420d-8fec-d2afc0c55d0b,2025-10-13 01:21:23,Platinum,Uber,Transportation,249.02,USD,approved,US,False,CH-10037,US,Fuel,160.88,,325ec2e6,2026-05-12 01:21:23,,,True
86b134af-c6bc-41fa-baf0-9935c2b02b17,2025-11-17 01:21:23,Platinum,Target,Retail,14.12,USD,approved,US,False,CH-10163,US,Fuel,86.42,,325ec2e6,2026-05-12 01:21:23,,,True
13b69b34-0efd-40a0-a778-f3684a2f7ea1,2025-12-09 01:21:23,Blue Cash,Target,Retail,274.07,USD,approved,CA,False,CH-10013,CA,Fuel,284.98,,325ec2e6,2026-05-12 01:21:23,,,True
94abba9c-0364-4762-9cda-4997c5e4f32c,2026-02-27 01:21:23,Blue Cash,Apple Store,Technology,391.91,USD,approved,US,False,CH-10059,US,Transportation,367.21,,325ec2e6,2026-05-12 01:21:23,,,True
4f4bf264-a9da-400c-8aea-e68e310383c2,2025-05-28 01:21:23,Green,Shell Gas,Fuel,831.85,USD,pending,US,False,CH-10114,US,Food & Beverage,435.01,CATEGORY_MISMATCH,325ec2e6,2026-05-12 01:21:23,,,True
093e5aeb-4948-4416-93e5-7d0c4193acfc,2025-12-27 01:21:23,Green,Uber,Transportation,313.94,USD,approved,US,False,CH-10110,US,Healthcare,195.03,,325ec2e6,2026-05-12 01:21:23,,,True
a67041ee-3e4b-4951-9e5f-d1d676208654,2025-07-15 01:21:23,Platinum,McDonald's,Food & Beverage,677.09,USD,approved,US,False,CH-10118,US,Retail,438.64,,325ec2e6,2026-05-12 01:21:23,,,True
fe29f16d-fb45-4b45-b666-d014c2f6128e,2026-04-08 01:21:23,Gold,Walmart,Retail,16.65,USD,approved,CA,False,CH-10046,CA,Fuel,489.43,CATEGORY_MISMATCH,325ec2e6,2026-05-12 01:21:23,,,True
0bcf6785-763e-4dd1-8ace-5d47e88cf553,2026-04-25 01:21:23,Green,CVS Pharmacy,Healthcare,13.02,USD,approved,US,False,CH-10089,US,Technology,171.77,CATEGORY_MISMATCH,325ec2e6,2026-05-12 01:21:23,,,True
ac7b19b1-8410-4255-a25a-8af50a10d302,2026-03-12 01:21:23,Gold,Uber,Transportation,66.73,USD,approved,US,False,CH-10055,US,Fuel,359.76,,325ec2e6,2026-05-12 01:21:23,,,True
f863818a-3670-4f1d-8046-ae6156bcac1d,2025-05-21 01:21:23,Platinum,Spotify,Entertainment,152.3,USD,declined,US,False,CH-10195,US,Fuel,402.19,,325ec2e6,2026-05-12 01:21:23,,,True
296f6bc4-30fa-4d1b-aeed-a6794ef3bb1e,2025-12-22 01:21:23,Blue Cash,Shell Gas,Fuel,550.28,USD,declined,US,False,CH-10019,US,Healthcare,356.87,,325ec2e6,2026-05-12 01:21:23,,,True
781dc297-0465-4eb8-9906-ff6e9e669052,2025-12-01 02:48:23,Green,Marriott Hotels,Travel,33.06,USD,approved,AU,True,CH-10197,CA,Entertainment,53.1,GEO_IMPOSSIBLE,325ec2e6,2026-05-12 01:21:23,,,True
b4fcbcb2-f152-4820-a117-9debfc4681b1,2026-04-07 01:21:23,Green,Netflix,Entertainment,88.38,USD,approved,US,False,CH-10066,US,Technology,87.29,,325ec2e6,2026-05-12 01:21:23,,,True
bcea8819-2d45-4ef8-b99c-a69b3f766597,2025-08-09 01:21:23,Blue Cash,Shell Gas,Fuel,95.11,USD,approved,US,False,CH-10045,US,Fuel,61.11,,325ec2e6,2026-05-12 01:21:23,,,True
aecbd3d6-06cf-4797-927a-470b2367a48e,2026-04-05 01:21:23,Green,CVS Pharmacy,Healthcare,73.29,USD,approved,GB,False,CH-10113,GB,Retail,487.44,,325ec2e6,2026-05-12 01:21:23,,,True
27a608f2-f308-4548-a802-2b85d2a53c04,2025-12-09 01:23:32,Blue Cash,Spotify,Entertainment,5.5,USD,approved,US,False,CH-10004,US,Travel,289.4,VELOCITY,325ec2e6,2026-05-12 01:21:23,,,True
24b36cb6-2730-4754-a7ba-9fcd851a7a62,2025-08-22 01:21:23,Blue Cash,Marriott Hotels,Travel,338.64,USD,approved,US,False,CH-10179,US,Food & Beverage,238.26,,325ec2e6,2026-05-12 01:21:23,,,True
442c04a1-cdc5-40ee-8230-b999b27e12af,2026-05-11 01:21:23,Gold,Netflix,Entertainment,34.72,USD,approved,CA,False,CH-10103,CA,Healthcare,41.16,,325ec2e6,2026-05-12 01:21:23,,,True
265e8dab-996a-423a-8421-4e8d63b509ce,2025-12-08 01:21:23,Green,Uber,Transportation,77.8,USD,approved,US,False,CH-10031,US,Fuel,93.36,,325ec2e6,2026-05-12 01:21:23,,,True
029bb1e8-5eee-4291-8227-35b466d9b19b,2025-09-19 01:21:23,Green,Marriott Hotels,Travel,631.56,USD,approved,US,False,CH-10023,US,Food & Beverage,414.47,,325ec2e6,2026-05-12 01:21:23,,,True
14cbab4b-e6b7-412c-a327-423e772b60d1,2025-12-10 01:21:23,Blue Cash,Amazon,Retail,339.99,USD,approved,CA,False,CH-10141,CA,Entertainment,243.19,,325ec2e6,2026-05-12 01:21:23,,,True
9a258b66-c4a8-46e4-91b4-80df29f551c6,2025-09-30 01:21:23,Gold,Best Buy,Technology,82.45,USD,declined,GB,False,CH-10091,GB,Fuel,55.17,,325ec2e6,2026-05-12 01:21:23,,,True
5486324d-7528-4bf4-8e56-412607c8f52b,2026-04-10 01:21:23,Platinum,Uber,Transportation,606.74,USD,approved,US,False,CH-10184,US,Travel,382.03,,325ec2e6,2026-05-12 01:21:23,,,True
1d70fd95-d6bc-4263-aa07-e317768ea244,2026-03-21 04:32:23,Gold,Amazon,Retail,51.32,USD,approved,US,False,CH-10115,US,Retail,31.9,GEO_IMPOSSIBLE,325ec2e6,2026-05-12 01:21:23,,,True
b7538b59-8aa6-4ba9-9a8a-b098755eb866,2025-08-11 01:21:23,Blue Cash,Whole Foods,Food & Beverage,117.96,USD,declined,US,False,CH-10170,US,Healthcare,381.67,,325ec2e6,2026-05-12 01:21:23,,,True
1234988e-3106-4f94-b36d-6751f80c381d,2026-03-24 01:21:23,Green,Spotify,Entertainment,447.13,USD,approved,CA,False,CH-10012,CA,Fuel,487.1,,325ec2e6,2026-05-12 01:21:23,,,True
fe2d250a-6dff-4b7c-ba1a-285aa12f3ef4,2025-07-01 01:21:23,Blue Cash,Walmart,Retail,68.81,USD,approved,CA,False,CH-10027,CA,Transportation,147.14,,325ec2e6,2026-05-12 01:21:23,,,True
48905d0f-c169-41f9-8515-16437e1800ce,2025-05-27 01:21:23,Blue Cash,Shell Gas,Fuel,411.91,USD,approved,US,False,CH-10188,US,Technology,355.74,,325ec2e6,2026-05-12 01:21:23,,,True
bda9aba6-e408-432b-a743-1138140fb7da,2025-11-22 01:21:23,Gold,McDonald's,Food & Beverage,42.93,USD,approved,GB,False,CH-10054,GB,Food & Beverage,302.45,,325ec2e6,2026-05-12 01:21:23,,,True
20e41be6-6fb0-49dd-a5c6-593c281a107f,2025-09-30 01:21:23,Green,CVS Pharmacy,Healthcare,39.69,USD,approved,CA,False,CH-10043,CA,Travel,73.7,,325ec2e6,2026-05-12 01:21:23,,,True
3b6bb793-8b33-4127-a986-dfb5a17ceffb,2026-05-04 01:21:23,Blue Cash,Amazon,Retail,101.22,USD,approved,US,False,CH-10161,US,Technology,57.19,CATEGORY_MISMATCH,325ec2e6,2026-05-12 01:21:23,,,True
e312e48e-bafa-4563-bd02-40b45fad11ef,2025-09-11 01:21:23,Green,CVS Pharmacy,Healthcare,484.27,USD,approved,US,False,CH-10022,US,Food & Beverage,348.61,,325ec2e6,2026-05-12 01:21:23,,,True
02e0593c-c331-40e2-99c0-86e5201db5b3,2026-04-15 01:22:39,Blue Cash,Best Buy,Technology,239.85,USD,approved,GB,False,CH-10133,GB,Food & Beverage,194.83,VELOCITY,325ec2e6,2026-05-12 01:21:23,,,True
ad4e4a71-f0fb-4c5d-96ab-b2785a9ad808,2026-05-10 01:21:23,Green,Walmart,Retail,469.21,USD,approved,CA,False,CH-10156,CA,Retail,418.67,,325ec2e6,2026-05-12 01:21:23,,,True
dd09f000-b146-408e-ac99-525ee988bdd1,2025-08-09 01:21:23,Green,Uber,Transportation,153.22,USD,declined,US,False,CH-10024,US,Retail,148.52,,325ec2e6,2026-05-12 01:21:23,,,True
7ce202c2-b290-48a2-8d16-48dec89ff2ca,2026-02-25 01:21:23,Gold,Delta Airlines,Travel,251.39,USD,approved,US,False,CH-10053,US,Fuel,182.28,,325ec2e6,2026-05-12 01:21:23,,,True
52da3a73-2051-4ad3-9d3d-4b641217ef61,2025-11-07 01:21:23,Gold,Target,Retail,38.42,USD,approved,US,False,CH-10045,US,Fuel,61.11,,325ec2e6,2026-05-12 01:21:23,,,True
105f2b08-a439-45eb-b065-83e430ebb5aa,2026-04-16 01:21:23,Gold,Best Buy,Technology,656.38,USD,approved,US,False,CH-10194,US,Fuel,354.65,,325ec2e6,2026-05-12 01:21:23,,,True
e72c98bc-76b7-40d4-977c-e79e96ec0c2f,2026-01-12 01:21:23,Gold,Whole Foods,Food & Beverage,500.85,USD,approved,GB,False,CH-10124,GB,Retail,346.17,,325ec2e6,2026-05-12 01:21:23,,,True
02b414fd-f2f5-4990-a2fa-169a25daa312,2026-03-17 01:21:23,Green,Spotify,Entertainment,239.63,USD,approved,GB,False,CH-10050,GB,Food & Beverage,362.22,CATEGORY_MISMATCH,325ec2e6,2026-05-12 01:21:23,,,True
f07ae2a1-5b08-46bc-be8b-10fafb21536c,2025-07-17 01:21:23,Platinum,Apple Store,Technology,225.68,USD,approved,CA,False,CH-10051,CA,Entertainment,230.29,,325ec2e6,2026-05-12 01:21:23,,,True
2ad917b7-f8f4-4f4b-986f-381ebd2eaa9a,2026-03-04 01:21:23,Platinum,Best Buy,Technology,386.0,USD,approved,CA,False,CH-10156,CA,Retail,418.67,,325ec2e6,2026-05-12 01:21:23,,,True
105f4ecb-bdbb-4459-9dc6-7d32ce919e0d,2025-05-23 01:21:23,Green,Starbucks,Food & Beverage,52.52,USD,approved,GB,False,CH-10069,GB,Fuel,44.28,,325ec2e6,2026-05-12 01:21:23,,,True
a4363a81-768a-4ba2-acc1-121374502e7a,2025-11-18 01:21:23,Blue Cash,Best Buy,Technology,54.82,USD,approved,CA,False,CH-10119,CA,Food & Beverage,115.79,,325ec2e6,2026-05-12 01:21:23,,,True
bfa6547c-c8f9-4a60-98d3-dd09c3e5b685,2025-08-02 01:21:23,Platinum,Spotify,Entertainment,148.5,USD,approved,US,False,CH-10163,US,Fuel,86.42,CATEGORY_MISMATCH,325ec2e6,2026-05-12 01:21:23,,,True
c16d7894-058b-4a4c-843f-81ae70fd2d51,2025-12-21 01:21:23,Blue Cash,Uber,Transportation,15.36,USD,approved,US,False,CH-10055,US,Fuel,359.76,,325ec2e6,2026-05-12 01:21:23,,,True
f5005ce3-4346-47d0-8a0b-1acd2d7262d5,2025-07-14 01:21:23,Blue Cash,Marriott Hotels,Travel,822.83,USD,approved,CA,False,CH-10063,CA,Technology,434.64,,325ec2e6,2026-05-12 01:21:23,,,True
56a459fe-964e-4d29-892f-74e3acee3ee8,2025-08-27 01:21:23,Gold,Amazon,Retail,24.28,USD,pending,GB,False,CH-10106,GB,Retail,289.24,,325ec2e6,2026-05-12 01:21:23,,,True
14938f0e-e238-4d1e-9c14-76b88b7c57ee,2026-01-09 01:21:23,Gold,Netflix,Entertainment,28.66,USD,approved,US,False,CH-10178,US,Travel,144.88,,325ec2e6,2026-05-12 01:21:23,,,True
0c392d48-ce8b-45fe-9313-5fcd678db900,2026-01-10 01:21:23,Platinum,Best Buy,Technology,423.78,USD,approved,US,False,CH-10104,US,Transportation,325.81,CATEGORY_MISMATCH,325ec2e6,2026-05-12 01:21:23,,,True
16f2f105-7c15-4b95-b57e-14cb10ddd954,2025-07-18 01:21:23,Blue Cash,CVS Pharmacy,Healthcare,9.44,USD,declined,GB,False,CH-10041,GB,Food & Beverage,93.36,,325ec2e6,2026-05-12 01:21:23,,,True
8f29068a-0e78-4cff-9be8-9f10fe1a9a44,2025-11-04 01:21:23,Platinum,Apple Store,Technology,194.38,USD,approved,US,False,CH-10180,US,Retail,153.56,,325ec2e6,2026-05-12 01:21:23,,,True
1cf6c5db-57a4-40db-ac2d-406177d6a858,2025-12-25 01:21:23,Green,Amazon,Retail,369.27,USD,approved,US,False,CH-10135,US,Healthcare,263.42,,325ec2e6,2026-05-12 01:21:23,,,True
e567c4e0-c18a-4df3-9abf-094cfb84109b,2026-02-25 02:52:23,Gold,McDonald's,Food & Beverage,269.55,USD,approved,CN,True,CH-10053,US,Fuel,182.28,GEO_IMPOSSIBLE,325ec2e6,2026-05-12 01:21:23,,,True
1ce07027-609b-433a-a278-c3f890487f5f,2026-04-22 01:21:23,Green,Apple Store,Technology,279.96,USD,approved,US,False,CH-10028,US,Healthcare,378.57,,325ec2e6,2026-05-12 01:21:23,,,True
63b1e06f-bf08-4a94-8ed7-88e2ff342f89,2025-11-22 01:21:23,Platinum,Whole Foods,Food & Beverage,2268.41,USD,approved,US,False,CH-10017,US,Retail,153.43,HIGH_VALUE_OUTLIER,325ec2e6,2026-05-12 01:21:23,,AMOUNT_ANOMALY:z=3.44,True
4b7fb2b0-d9f7-4e6f-8b11-c6e31b2fb39e,2026-01-17 01:21:23,Platinum,Netflix,Entertainment,143.72,USD,approved,US,False,CH-10148,US,Technology,218.93,,325ec2e6,2026-05-12 01:21:23,,,True
491be161-0eb9-4364-a3bd-f1e77a417799,2025-11-17 01:21:23,Gold,Delta Airlines,Travel,383.31,USD,approved,US,False,CH-10108,US,Travel,420.61,,325ec2e6,2026-05-12 01:21:23,,,True
f71c0040-ea1c-42b1-a0e1-570391a0118a,2025-11-05 01:21:23,Green,CVS Pharmacy,Healthcare,267.36,USD,approved,CA,False,CH-10120,CA,Entertainment,166.49,,325ec2e6,2026-05-12 01:21:23,,,True
4a58d44c-0019-426e-b5e2-f371efa5c77a,2025-10-24 01:21:23,Blue Cash,Starbucks,Food & Beverage,773.74,USD,approved,US,False,CH-10016,US,Fuel,430.55,,325ec2e6,2026-05-12 01:21:23,,,True
46cb358f-d70e-43a4-ab5b-7325d809814d,2026-02-26 01:21:23,Green,Target,Retail,148.58,USD,approved,CA,False,CH-10027,CA,Transportation,147.14,,325ec2e6,2026-05-12 01:21:23,,,True
43d8028c-a3ee-43c8-8268-b837d2938859,2025-05-28 01:21:23,Green,Amazon,Retail,349.72,USD,approved,GB,False,CH-10160,GB,Technology,320.84,,325ec2e6,2026-05-12 01:21:23,,,True
09482df7-8e45-49ca-8951-a28ef04a0b67,2026-04-10 01:21:23,Gold,CVS Pharmacy,Healthcare,26.37,USD,approved,GB,False,CH-10113,GB,Retail,487.44,,325ec2e6,2026-05-12 01:21:23,,,True
de0a160a-17c6-4a91-b88a-11e5f048db0e,2025-11-18 01:21:23,Green,Shell Gas,Fuel,257.24,USD,approved,GB,False,CH-10133,GB,Food & Beverage,194.83,,325ec2e6,2026-05-12 01:21:23,,,True
dc1196b2-d8b8-424d-b533-d51224a9072e,2025-07-26 01:21:23,Blue Cash,CVS Pharmacy,Healthcare,105.07,USD,approved,US,False,CH-10170,US,Healthcare,381.67,,325ec2e6,2026-05-12 01:21:23,,,True
dc8d1b14-7606-4e46-8f01-8a8cc97312be,2026-04-07 02:42:23,Blue Cash,Starbucks,Food & Beverage,135.53,USD,approved,FR,True,CH-10066,US,Technology,87.29,GEO_IMPOSSIBLE,325ec2e6,2026-05-12 01:21:23,,,True
fd61c73f-31b1-4908-a0a7-1c0f2d9bff03,2025-12-17 01:21:23,Platinum,Uber,Transportation,116.19,USD,approved,US,False,CH-10042,US,Travel,307.49,,325ec2e6,2026-05-12 01:21:23,,,True
8dbee8ce-11d4-45f8-ac78-51d4e638070c,2026-03-14 01:21:23,Platinum,McDonald's,Food & Beverage,36.21,USD,approved,US,False,CH-10170,US,Healthcare,381.67,,325ec2e6,2026-05-12 01:21:23,,,True
77136b22-5eef-4f27-b9cf-63be07a872a3,2025-05-15 01:21:23,Platinum,Marriott Hotels,Travel,10.88,USD,approved,US,False,CH-10066,US,Technology,87.29,,325ec2e6,2026-05-12 01:21:23,,,True
9b172158-2adc-4063-aef3-20701d44368d,2026-03-11 01:21:23,Platinum,Best Buy,Technology,577.7,USD,approved,GB,False,CH-10095,GB,Healthcare,313.61,,325ec2e6,2026-05-12 01:21:23,,,True
c2870651-c259-4ebe-8495-5fe4ef216f2c,2025-08-06 01:21:23,Green,Best Buy,Technology,314.03,USD,approved,US,False,CH-10037,US,Fuel,160.88,,325ec2e6,2026-05-12 01:21:23,,,True
7f80994a-cfde-4c52-8995-81f7513a03f6,2025-07-23 01:21:23,Green,Spotify,Entertainment,43.49,USD,pending,US,False,CH-10121,US,Food & Beverage,31.36,,325ec2e6,2026-05-12 01:21:23,,,True
45bb6c01-a875-4e27-944b-d19fc196fc05,2026-04-22 01:21:23,Gold,Marriott Hotels,Travel,140.22,USD,approved,GB,False,CH-10113,GB,Retail,487.44,,325ec2e6,2026-05-12 01:21:23,,,True
0bb0b274-5d08-40e5-a365-ebf5cb45fa22,2026-03-26 01:21:23,Platinum,Uber,Transportation,45.34,USD,approved,US,False,CH-10102,US,Travel,64.3,,325ec2e6,2026-05-12 01:21:23,,,True
6f891bd9-fed0-449e-8884-827a007ca1a1,2026-03-31 01:21:23,Green,Starbucks,Food & Beverage,345.94,USD,approved,US,False,CH-10134,US,Entertainment,319.11,,325ec2e6,2026-05-12 01:21:23,,,True
97f3dfb1-128d-4c62-aac8-0cdc95fd75b0,2025-12-01 01:21:23,Blue Cash,Whole Foods,Food & Beverage,422.53,USD,approved,US,False,CH-10022,US,Food & Beverage,348.61,,325ec2e6,2026-05-12 01:21:23,,,True
8bb195e2-5445-4ab3-8ef3-4cac6ee164b2,2025-10-06 01:21:23,Blue Cash,Marriott Hotels,Travel,285.3,USD,approved,US,False,CH-10170,US,Healthcare,381.67,,325ec2e6,2026-05-12 01:21:23,,,True
2b17c58d-eef1-4d25-b421-24b27cd7d9c6,2026-03-29 01:21:23,Blue Cash,Delta Airlines,Travel,78.02,USD,declined,US,False,CH-10089,US,Technology,171.77,,325ec2e6,2026-05-12 01:21:23,,,True
efde0a26-6aee-47b5-aa7c-22df11898cf6,2025-10-07 01:21:23,Blue Cash,McDonald's,Food & Beverage,422.83,USD,approved,GB,False,CH-10106,GB,Retail,289.24,,325ec2e6,2026-05-12 01:21:23,,,True
5af326df-de5f-4699-9346-1d2ba24baf3e,2025-09-11 01:21:23,Platinum,Walmart,Retail,87.24,USD,approved,GB,False,CH-10153,GB,Technology,44.1,,325ec2e6,2026-05-12 01:21:23,,,True
ddf588ef-b7b3-4ead-ade4-d8ae10d37981,2025-10-15 01:21:23,Blue Cash,McDonald's,Food & Beverage,574.79,USD,approved,US,False,CH-10151,US,Travel,448.48,,325ec2e6,2026-05-12 01:21:23,,,True
942c619b-9d63-460b-a9e1-61151198bec4,2025-10-29 01:21:23,Platinum,CVS Pharmacy,Healthcare,257.49,USD,approved,US,False,CH-10118,US,Retail,438.64,,325ec2e6,2026-05-12 01:21:23,,,True
21f1dade-3156-4405-ba6e-570a1f7dc25f,2025-09-17 01:21:23,Green,Netflix,Entertainment,221.65,USD,approved,US,False,CH-10077,US,Food & Beverage,484.98,,325ec2e6,2026-05-12 01:21:23,,,True
48caed81-cbf1-4192-a2ea-9c159c8fe037,2025-06-06 01:21:23,Blue Cash,Shell Gas,Fuel,168.9,USD,approved,GB,False,CH-10076,GB,Technology,94.3,,325ec2e6,2026-05-12 01:21:23,,,True
4ec5f16a-43c5-410d-b9ff-c50de34315b2,2025-12-22 01:21:23,Platinum,Shell Gas,Fuel,61.99,USD,approved,GB,False,CH-10176,GB,Travel,60.29,,325ec2e6,2026-05-12 01:21:23,,,True
599238cb-8991-4724-b506-213906b2a835,2025-12-31 01:21:23,Blue Cash,Uber,Transportation,106.83,USD,approved,US,False,CH-10092,US,Healthcare,83.58,,325ec2e6,2026-05-12 01:21:23,,,True
0dfd28b3-9949-4b9b-9a52-e84efcadec6d,2026-02-18 01:21:23,Gold,Marriott Hotels,Travel,76.12,USD,approved,US,False,CH-10030,US,Technology,63.64,,325ec2e6,2026-05-12 01:21:23,,,True
598123ef-c63e-434b-b773-5273fa6bebcc,2025-12-24 01:21:23,Green,Target,Retail,318.19,USD,approved,CA,False,CH-10177,CA,Transportation,436.09,,325ec2e6,2026-05-12 01:21:23,,,True
ade576ab-dcf7-4f06-ad66-b35add5471c7,2026-04-03 01:21:23,Green,Delta Airlines,Travel,503.03,USD,approved,CA,False,CH-10012,CA,Fuel,487.1,,325ec2e6,2026-05-12 01:21:23,,,True
72a06859-2531-42f3-9b2f-2da8992466f3,2025-12-02 01:21:23,Platinum,Uber,Transportation,246.46,USD,approved,US,False,CH-10024,US,Retail,148.52,,325ec2e6,2026-05-12 01:21:23,,,True
1e20c20e-5919-416b-b048-a6d087deef96,2025-07-20 01:21:23,Green,CVS Pharmacy,Healthcare,323.45,USD,approved,US,False,CH-10175,US,Travel,455.33,,325ec2e6,2026-05-12 01:21:23,,,True
346266d2-5906-4d7c-a065-2af628fe1f5b,2026-02-18 01:21:23,Blue Cash,Marriott Hotels,Travel,93.6,USD,approved,CA,False,CH-10072,CA,Food & Beverage,435.03,,325ec2e6,2026-05-12 01:21:23,,,True
0f6bbdc2-7a45-47bf-986e-e32bfce0006d,2025-12-08 01:21:23,Green,Spotify,Entertainment,32.89,USD,approved,GB,False,CH-10113,GB,Retail,487.44,,325ec2e6,2026-05-12 01:21:23,,,True
d8345813-1fc4-4244-9c46-fe008eb8a4d7,2026-01-25 01:21:23,Platinum,McDonald's,Food & Beverage,117.92,USD,approved,CA,False,CH-10177,CA,Transportation,436.09,CATEGORY_MISMATCH,325ec2e6,2026-05-12 01:21:23,,,True
ebd2d258-2d6f-42f0-b926-6b88badc11f1,2025-10-04 01:21:23,Gold,Walmart,Retail,6787.91,USD,approved,US,False,CH-10028,US,Healthcare,378.57,HIGH_VALUE_OUTLIER,325ec2e6,2026-05-12 01:21:23,,AMOUNT_ANOMALY:z=11.40,True
15580747-7c0b-413a-902d-44b41266cdf4,2026-04-20 01:21:23,Gold,Best Buy,Technology,49.37,USD,declined,US,False,CH-10015,US,Travel,337.41,,325ec2e6,2026-05-12 01:21:23,,,True
b0ffe75c-a2c5-41a5-a59b-2ad892e30889,2026-01-30 01:21:23,Platinum,Spotify,Entertainment,38.58,USD,approved,US,False,CH-10031,US,Fuel,93.36,,325ec2e6,2026-05-12 01:21:23,,,True
f308f1bb-ebb2-48c3-a440-458b4804bdd2,2025-08-29 01:21:23,Green,Delta Airlines,Travel,728.59,USD,approved,US,False,CH-10191,US,Travel,465.87,,325ec2e6,2026-05-12 01:21:23,,,True
751ec6b3-745b-4a97-81c9-c19ea6686730,2026-02-03 01:21:23,Gold,Walmart,Retail,296.07,USD,approved,US,False,CH-10017,US,Retail,153.43,,325ec2e6,2026-05-12 01:21:23,,,True
98b6df73-bc24-4e13-aea7-ac882409497e,2025-08-27 01:21:23,Gold,CVS Pharmacy,Healthcare,148.83,USD,declined,US,False,CH-10001,US,Food & Beverage,86.98,,325ec2e6,2026-05-12 01:21:23,,,True
3e4e19a4-15af-4fe6-9650-f8a5f30223be,2025-11-12 01:21:23,Gold,Best Buy,Technology,160.3,USD,approved,GB,False,CH-10047,GB,Transportation,81.63,,325ec2e6,2026-05-12 01:21:23,,,True
a9be94e2-5e9e-47fe-92e9-51f01f57ca57,2026-03-17 01:21:23,Green,Walmart,Retail,341.07,USD,approved,US,False,CH-10104,US,Transportation,325.81,,325ec2e6,2026-05-12 01:21:23,,,True
9ab59453-231f-4a8c-b62e-ba1caaabd384,2025-09-02 01:21:23,Gold,Whole Foods,Food & Beverage,51.15,USD,approved,US,False,CH-10073,US,Transportation,201.91,,325ec2e6,2026-05-12 01:21:23,,,True
7cd7566c-6f8d-4d7f-b243-9f7c4381a003,2025-10-16 01:21:23,Blue Cash,Shell Gas,Fuel,178.14,USD,approved,US,False,CH-10079,US,Travel,300.41,,325ec2e6,2026-05-12 01:21:23,,,True
b9c2477b-8349-4f25-9de2-b611c4270312,2025-11-05 01:21:23,Blue Cash,Spotify,Entertainment,59.12,USD,declined,US,False,CH-10017,US,Retail,153.43,,325ec2e6,2026-05-12 01:21:23,,,True
e76b4628-9ff7-43bb-aa70-2d98c0802b61,2025-05-31 01:21:23,Blue Cash,Apple Store,Technology,80.17,USD,approved,CA,False,CH-10026,CA,Retail,444.65,,325ec2e6,2026-05-12 01:21:23,,,True
748134ff-875f-4092-a611-bcd15979cb9c,2026-01-31 01:21:23,Platinum,Walmart,Retail,307.04,USD,approved,US,False,CH-10151,US,Travel,448.48,,325ec2e6,2026-05-12 01:21:23,,,True
0bf04658-83f8-4cab-8a2a-9067d305e180,2025-12-21 01:21:23,Blue Cash,Starbucks,Food & Beverage,143.99,USD,approved,US,False,CH-10031,US,Fuel,93.36,,325ec2e6,2026-05-12 01:21:23,,,True
d20164d6-0002-4f9c-a243-254f9578255a,2025-06-05 01:21:23,Blue Cash,McDonald's,Food & Beverage,368.96,USD,approved,US,False,CH-10193,US,Fuel,304.21,,325ec2e6,2026-05-12 01:21:23,,,True
ef000435-f4ab-4119-86b7-207ce35d57b0,2026-01-04 01:21:23,Blue Cash,Target,Retail,213.05,USD,approved,US,False,CH-10071,US,Transportation,215.08,,325ec2e6,2026-05-12 01:21:23,,,True
6edbf77d-0ff3-43bf-9d5a-10903a42c7a5,2025-08-30 01:21:23,Gold,Walmart,Retail,483.21,USD,approved,US,False,CH-10007,US,Transportation,355.11,,325ec2e6,2026-05-12 01:21:23,,,True
d391ca05-20de-4bc1-a047-d6efc0599d79,2025-06-27 01:21:23,Platinum,McDonald's,Food & Beverage,70.23,USD,approved,CA,False,CH-10173,CA,Entertainment,341.06,CATEGORY_MISMATCH,325ec2e6,2026-05-12 01:21:23,,,True
e44f3e65-c9f8-4e1f-a6b2-2e6c7b0c1070,2025-06-08 01:21:23,Blue Cash,McDonald's,Food & Beverage,107.78,USD,approved,US,False,CH-10126,US,Healthcare,105.71,,325ec2e6,2026-05-12 01:21:23,,,True
063bdf33-e64e-4791-b1df-f5b7843bc441,2026-04-26 01:21:23,Gold,Whole Foods,Food & Beverage,625.08,USD,pending,CA,False,CH-10138,CA,Transportation,315.45,,325ec2e6,2026-05-12 01:21:23,,,True
9d77ab07-cc2b-4a84-8602-d735489c0c19,2026-04-24 01:21:23,Blue Cash,Marriott Hotels,Travel,6.93,USD,approved,US,False,CH-10115,US,Retail,31.9,,325ec2e6,2026-05-12 01:21:23,,,True
e6b35be1-8641-4892-905a-7015b97cab53,2026-03-05 01:21:23,Platinum,Spotify,Entertainment,306.51,USD,approved,US,False,CH-10077,US,Food & Beverage,484.98,,325ec2e6,2026-05-12 01:21:23,,,True
3842b95f-16fb-46dc-9d68-1026b338fc99,2025-05-27 01:21:23,Blue Cash,Shell Gas,Fuel,140.2,USD,approved,US,False,CH-10145,US,Healthcare,127.83,,325ec2e6,2026-05-12 01:21:23,,,True
4e74dda4-6e80-40d9-85c7-13d8d81726d3,2025-09-01 01:21:23,Gold,Whole Foods,Food & Beverage,503.25,USD,approved,US,False,CH-10040,US,Healthcare,424.0,,325ec2e6,2026-05-12 01:21:23,,,True
6e01f962-5939-40c6-86bd-2c852e9a321c,2025-07-14 01:21:23,Green,Delta Airlines,Travel,21.62,USD,approved,GB,False,CH-10196,GB,Travel,186.66,,325ec2e6,2026-05-12 01:21:23,,,True
ccc03d3e-60b7-47be-8982-b1717d450c09,2025-06-26 01:21:23,Gold,Marriott Hotels,Travel,215.44,USD,approved,US,False,CH-10189,US,Transportation,310.83,CATEGORY_MISMATCH,325ec2e6,2026-05-12 01:21:23,,,True
1881628c-b559-4857-bcac-70fd43942c07,2026-01-06 01:21:23,Gold,Marriott Hotels,Travel,180.16,USD,approved,US,False,CH-10105,US,Transportation,375.79,,325ec2e6,2026-05-12 01:21:23,,,True
2abd7c7f-2e39-4502-9779-a5da41301243,2026-02-15 01:21:23,Green,Walmart,Retail,7.28,USD,approved,GB,False,CH-10176,GB,Travel,60.29,,325ec2e6,2026-05-12 01:21:23,,,True
0c108b52-3ab5-49db-9cab-fc8882c2e384,2025-11-17 01:23:14,Blue Cash,Uber,Transportation,397.77,USD,approved,US,False,CH-10108,US,Travel,420.61,VELOCITY,325ec2e6,2026-05-12 01:21:23,,,True
6acc86f2-8f17-4873-83fb-76b3ea34cace,2026-03-22 01:21:23,Gold,Marriott Hotels,Travel,209.81,USD,approved,US,False,CH-10099,US,Transportation,150.73,,325ec2e6,2026-05-12 01:21:23,,,True
c42b1925-4368-4cac-9cbd-7ce242ed1291,2025-12-10 01:21:23,Green,Shell Gas,Fuel,295.44,USD,approved,US,False,CH-10195,US,Fuel,402.19,,325ec2e6,2026-05-12 01:21:23,,,True
8d08e5eb-4d97-47c2-9804-35fcf8b344c7,2026-04-18 01:21:23,Platinum,Netflix,Entertainment,215.72,USD,approved,US,False,CH-10019,US,Healthcare,356.87,,325ec2e6,2026-05-12 01:21:23,,,True
07fe481f-2528-429d-b60c-83688ad68e94,2025-07-20 01:21:23,Gold,CVS Pharmacy,Healthcare,77.96,USD,approved,US,False,CH-10159,US,Healthcare,387.59,,325ec2e6,2026-05-12 01:21:23,,,True
91366e01-7d9f-4511-a659-f087336ba66a,2026-04-03 01:21:23,Blue Cash,Best Buy,Technology,345.0,USD,approved,US,False,CH-10135,US,Healthcare,263.42,,325ec2e6,2026-05-12 01:21:23,,,True
aca151ef-af10-448b-8c58-55a2d05520fa,2025-10-19 01:21:23,Green,Shell Gas,Fuel,101.75,USD,approved,US,False,CH-10110,US,Healthcare,195.03,,325ec2e6,2026-05-12 01:21:23,,,True
7981bb76-5add-4b59-80a9-f6db118118ee,2025-08-21 01:21:23,Gold,Target,Retail,272.82,USD,approved,US,False,CH-10140,US,Healthcare,157.72,,325ec2e6,2026-05-12 01:21:23,,,True
0279725f-aabc-4e9b-bd98-67252ad42153,2025-08-13 01:21:23,Green,Best Buy,Technology,782.49,USD,declined,US,False,CH-10190,US,Transportation,483.07,,325ec2e6,2026-05-12 01:21:23,,,True
6687c3c1-6a74-47ae-ab2c-c98aad636f79,2025-11-07 01:21:23,Gold,CVS Pharmacy,Healthcare,62.65,USD,approved,GB,False,CH-10144,GB,Entertainment,64.83,,325ec2e6,2026-05-12 01:21:23,,,True
2adbeafa-2f64-43aa-b1ba-4ae0559f058d,2026-04-10 01:21:23,Blue Cash,Delta Airlines,Travel,511.75,USD,approved,US,False,CH-10195,US,Fuel,402.19,,325ec2e6,2026-05-12 01:21:23,,,True
b696cbcc-04a6-434c-9994-0380c20fb817,2025-07-09 01:21:23,Platinum,Shell Gas,Fuel,99.17,USD,approved,US,False,CH-10073,US,Transportation,201.91,,325ec2e6,2026-05-12 01:21:23,,,True
eebbf283-e782-4d63-ab98-c8348ad49f7d,2025-07-30 01:21:23,Green,Starbucks,Food & Beverage,704.07,USD,approved,US,False,CH-10007,US,Transportation,355.11,,325ec2e6,2026-05-12 01:21:23,,,True
93736081-017a-4132-8ae4-483be45c2eee,2025-12-31 01:21:23,Green,Target,Retail,364.75,USD,approved,CA,False,CH-10051,CA,Entertainment,230.29,,325ec2e6,2026-05-12 01:21:23,,,True
01925a98-9c7f-4cbb-b129-d2152ad5f8b6,2025-11-15 03:36:23,Gold,Netflix,Entertainment,553.5,USD,pending,US,False,CH-10164,US,Retail,353.1,GEO_IMPOSSIBLE,325ec2e6,2026-05-12 01:21:23,,,True
eaaf2e5c-b8bb-4b5a-94fb-6e9482a73259,2025-06-03 01:21:23,Blue Cash,Spotify,Entertainment,567.83,USD,declined,US,False,CH-10016,US,Fuel,430.55,CATEGORY_MISMATCH,325ec2e6,2026-05-12 01:21:23,,,True
b943f292-1d35-4f6b-b8be-76ca506009b0,2025-08-29 01:21:23,Gold,Starbucks,Food & Beverage,648.2,USD,approved,US,False,CH-10035,US,Fuel,347.22,,325ec2e6,2026-05-12 01:21:23,,,True
bbfb5094-3e2c-477c-a3bd-c5e41e0a83f6,2026-03-27 01:21:23,Green,Spotify,Entertainment,207.51,USD,approved,US,False,CH-10198,US,Travel,427.8,,325ec2e6,2026-05-12 01:21:23,,,True
a466fe42-8de9-4198-82b9-c1dd69754bb3,2026-01-12 01:21:23,Blue Cash,Netflix,Entertainment,557.66,USD,approved,GB,False,CH-10084,GB,Food & Beverage,297.88,,325ec2e6,2026-05-12 01:21:23,,,True
1a1e3d4f-54ab-4877-8650-e3ef3c342022,2025-07-15 01:21:23,Blue Cash,Delta Airlines,Travel,38.55,USD,approved,GB,False,CH-10054,GB,Food & Beverage,302.45,,325ec2e6,2026-05-12 01:21:23,,,True
d73f3965-6f17-4a09-a4cc-caba517c5ab2,2026-01-06 01:21:23,Blue Cash,Marriott Hotels,Travel,729.54,USD,approved,US,False,CH-10028,US,Healthcare,378.57,,325ec2e6,2026-05-12 01:21:23,,,True
2fa15eac-72ce-481c-a052-92a0ea5ce7dc,2025-12-05 01:21:23,Green,Starbucks,Food & Beverage,326.84,USD,approved,CA,False,CH-10171,CA,Food & Beverage,254.35,,325ec2e6,2026-05-12 01:21:23,,,True
a8dc53e2-163b-463c-8c8a-779e3219eca4,2025-10-26 01:21:23,Platinum,Walmart,Retail,12.12,USD,declined,US,False,CH-10175,US,Travel,455.33,,325ec2e6,2026-05-12 01:21:23,,,True
99962b72-d881-45af-8eb0-efc921a927a7,2026-01-12 01:21:23,Gold,Delta Airlines,Travel,86.41,USD,declined,US,False,CH-10065,US,Fuel,139.36,,325ec2e6,2026-05-12 01:21:23,,,True
7e6f6e3b-002e-49a5-8c16-217ddb5ae91d,2026-01-11 01:22:13,Green,Shell Gas,Fuel,157.17,USD,declined,US,False,CH-10112,US,Fuel,189.77,VELOCITY,325ec2e6,2026-05-12 01:21:23,,,True
a16c53f7-2cef-4c82-a703-f81b03ed2002,2025-11-23 01:21:23,Blue Cash,Best Buy,Technology,676.95,USD,declined,GB,False,CH-10125,GB,Entertainment,470.83,,325ec2e6,2026-05-12 01:21:23,,,True
40c617ad-010b-4ae0-9b90-bc10963cdcee,2025-11-13 01:21:23,Green,CVS Pharmacy,Healthcare,81.48,USD,approved,GB,False,CH-10041,GB,Food & Beverage,93.36,,325ec2e6,2026-05-12 01:21:23,,,True
74a1aa6f-66d4-48af-bc2d-b45ba15158cc,2025-06-18 01:21:23,Gold,Best Buy,Technology,101.3,USD,approved,US,False,CH-10083,US,Retail,77.55,,325ec2e6,2026-05-12 01:21:23,,,True
a238eded-f9a3-49d1-a4ba-b61c2794c0cf,2025-12-07 01:21:23,Blue Cash,Target,Retail,308.44,USD,approved,CA,False,CH-10034,CA,Healthcare,486.12,CATEGORY_MISMATCH,325ec2e6,2026-05-12 01:21:23,,,True
d537ea57-b942-4f88-9d86-2559bdd91de3,2025-05-26 01:21:23,Platinum,McDonald's,Food & Beverage,314.4,USD,approved,CA,False,CH-10182,CA,Travel,379.53,,325ec2e6,2026-05-12 01:21:23,,,True
33cbe048-8b84-4204-b7d2-b01bf4d3731d,2025-07-13 01:21:23,Green,Target,Retail,589.1,USD,approved,US,False,CH-10188,US,Technology,355.74,,325ec2e6,2026-05-12 01:21:23,,,True
3cb716fa-9e10-4df1-a3b0-04e6a0812df9,2025-10-31 01:21:23,Platinum,Marriott Hotels,Travel,546.79,USD,approved,GB,False,CH-10106,GB,Retail,289.24,,325ec2e6,2026-05-12 01:21:23,,,True
fdc66076-4606-4c82-aa1e-f19bc79af174,2025-09-18 01:21:23,Platinum,Spotify,Entertainment,53.9,USD,declined,GB,False,CH-10005,GB,Retail,125.81,,325ec2e6,2026-05-12 01:21:23,,,True
666af578-3c5a-42a3-ad00-e8e261553ea8,2026-02-25 01:21:23,Blue Cash,Uber,Transportation,16.01,USD,approved,US,False,CH-10102,US,Travel,64.3,,325ec2e6,2026-05-12 01:21:23,,,True
6eceadc0-091e-49e8-ac08-8d8943e0b4ba,2025-09-22 01:21:23,Blue Cash,Amazon,Retail,106.15,USD,approved,US,False,CH-10030,US,Technology,63.64,,325ec2e6,2026-05-12 01:21:23,,,True
7a6896ad-9b74-4ab1-8eb7-032083a38796,2025-09-01 01:21:23,Green,Starbucks,Food & Beverage,62.76,USD,approved,GB,False,CH-10052,GB,Technology,78.08,,325ec2e6,2026-05-12 01:21:23,,,True
7798f92b-8bbb-4dfd-939d-0e32c1e00d49,2026-02-05 01:21:23,Green,Netflix,Entertainment,303.91,USD,approved,US,False,CH-10055,US,Fuel,359.76,,325ec2e6,2026-05-12 01:21:23,,,True
00933cb3-d196-4fb0-a911-a9bd44d4fb73,2026-01-05 01:21:23,Platinum,Delta Airlines,Travel,346.71,USD,approved,CA,False,CH-10074,CA,Healthcare,464.73,,325ec2e6,2026-05-12 01:21:23,,,True
035a27bf-3928-44fd-93d4-37810d959cec,2025-05-23 01:21:23,Platinum,Best Buy,Technology,244.28,USD,declined,US,False,CH-10002,US,Fuel,303.44,,325ec2e6,2026-05-12 01:21:23,,,True
c26a5b2e-bd97-48fd-81c7-b2f2ed4a30a8,2025-07-31 01:21:23,Green,CVS Pharmacy,Healthcare,54.13,USD,approved,US,False,CH-10108,US,Travel,420.61,,325ec2e6,2026-05-12 01:21:23,,,True
f5a63f0f-d126-4272-83a5-640208659c4a,2025-08-27 01:21:23,Gold,Uber,Transportation,299.31,USD,approved,US,False,CH-10090,US,Travel,239.98,,325ec2e6,2026-05-12 01:21:23,,,True
c7aa2e7f-ba50-4bdf-9b8d-229c6f7143b3,2025-12-30 01:21:23,Gold,Target,Retail,36.67,USD,approved,US,False,CH-10094,US,Healthcare,95.72,,325ec2e6,2026-05-12 01:21:23,,,True
23f58db5-d323-49a4-b40c-8504970e984d,2025-08-14 01:21:23,Gold,Target,Retail,103.1,USD,approved,CA,False,CH-10119,CA,Food & Beverage,115.79,,325ec2e6,2026-05-12 01:21:23,,,True
f9ec08ac-a6df-40c0-b81f-6b217f138ad0,2025-10-04 01:21:23,Green,Best Buy,Technology,176.89,USD,approved,US,False,CH-10032,US,Retail,306.28,,325ec2e6,2026-05-12 01:21:23,,,True
0ec5799e-1ff4-46b0-b36b-b16225e6d56c,2025-10-01 01:21:23,Green,Spotify,Entertainment,633.71,USD,approved,US,False,CH-10194,US,Fuel,354.65,,325ec2e6,2026-05-12 01:21:23,,,True
de39e77d-0829-4c4b-9ac9-cb596919a2f3,2026-02-25 01:21:23,Blue Cash,Target,Retail,48.62,USD,approved,US,False,CH-10195,US,Fuel,402.19,,325ec2e6,2026-05-12 01:21:23,,,True
3d0c8d12-0dd9-425d-b71c-7e9cc6f0d642,2025-09-01 01:21:23,Blue Cash,CVS Pharmacy,Healthcare,12.41,USD,approved,GB,False,CH-10041,GB,Food & Beverage,93.36,,325ec2e6,2026-05-12 01:21:23,,,True
0af0ee21-e66f-4b61-bc55-9d98b1cdc8df,2026-02-26 01:21:23,Blue Cash,Best Buy,Technology,89.99,USD,approved,GB,False,CH-10124,GB,Retail,346.17,CATEGORY_MISMATCH,325ec2e6,2026-05-12 01:21:23,,,True
664af38e-b69a-4c02-878d-854f713b3a08,2025-06-07 01:21:23,Green,CVS Pharmacy,Healthcare,88.4,USD,approved,CA,False,CH-10043,CA,Travel,73.7,,325ec2e6,2026-05-12 01:21:23,,,True
17a20abc-adc2-4b77-a617-1e5e426714e7,2026-04-03 01:21:23,Platinum,McDonald's,Food & Beverage,160.87,USD,approved,US,False,CH-10134,US,Entertainment,319.11,,325ec2e6,2026-05-12 01:21:23,,,True
7d9ddb07-b94d-4069-833c-0008189952eb,2025-05-29 01:21:23,Green,Amazon,Retail,77.07,USD,approved,GB,False,CH-10084,GB,Food & Beverage,297.88,,325ec2e6,2026-05-12 01:21:23,,,True
276eb591-36e7-4444-9157-a5ef82b905db,2026-04-01 01:21:23,Green,Netflix,Entertainment,138.14,USD,approved,CA,False,CH-10027,CA,Transportation,147.14,,325ec2e6,2026-05-12 01:21:23,,,True
229b7d13-f2c2-49fd-9f38-cb44f24f5618,2026-04-20 01:21:23,Gold,Delta Airlines,Travel,422.77,USD,approved,GB,False,CH-10160,GB,Technology,320.84,,325ec2e6,2026-05-12 01:21:23,,,True
198feeb1-0a72-4970-bcc8-0de0ab381336,2026-04-18 01:21:23,Platinum,CVS Pharmacy,Healthcare,467.03,USD,approved,CA,False,CH-10187,CA,Fuel,290.71,,325ec2e6,2026-05-12 01:21:23,,,True
100b873f-c552-4067-bb10-29f41f07cb09,2026-01-02 01:21:23,Blue Cash,Walmart,Retail,176.09,USD,approved,US,False,CH-10190,US,Transportation,483.07,,325ec2e6,2026-05-12 01:21:23,,,True
2bd65ae6-73d0-4265-bb5d-b7b005d8ee4c,2025-10-18 01:21:23,Platinum,Amazon,Retail,202.24,USD,approved,US,False,CH-10022,US,Food & Beverage,348.61,,325ec2e6,2026-05-12 01:21:23,,,True
e4f655a3-385c-40c2-bb27-5f2e9e3ed502,2025-12-05 01:21:23,Blue Cash,Delta Airlines,Travel,115.5,USD,approved,US,False,CH-10030,US,Technology,63.64,,325ec2e6,2026-05-12 01:21:23,,,True
dde81d70-2036-40d1-b2c0-8f3e865e8d37,2025-09-04 01:21:23,Green,Netflix,Entertainment,135.08,USD,approved,US,False,CH-10024,US,Retail,148.52,,325ec2e6,2026-05-12 01:21:23,,,True
96273cc2-f1df-401a-ab13-4311cf726b03,2025-11-05 01:21:23,Gold,Apple Store,Technology,56.08,USD,approved,GB,False,CH-10153,GB,Technology,44.1,,325ec2e6,2026-05-12 01:21:23,,,True
df077292-6b5e-42ae-a0e7-5555d75ca693,2025-05-31 01:21:23,Green,Whole Foods,Food & Beverage,195.28,USD,pending,US,False,CH-10010,US,Entertainment,426.8,,325ec2e6,2026-05-12 01:21:23,,,True
b9d24f69-24de-434f-86e3-e8d0875eaaf3,2025-10-01 01:21:23,Gold,Whole Foods,Food & Beverage,21.35,USD,approved,US,False,CH-10126,US,Healthcare,105.71,,325ec2e6,2026-05-12 01:21:23,,,True
1850b754-65e6-48f7-963d-c24d60f776f0,2025-08-18 01:21:23,Green,Shell Gas,Fuel,264.87,USD,approved,US,False,CH-10032,US,Retail,306.28,,325ec2e6,2026-05-12 01:21:23,,,True
a347166c-674a-4ec6-b6f8-3d01d26c0cd0,2025-10-13 01:21:23,Gold,Whole Foods,Food & Beverage,81.52,USD,approved,GB,False,CH-10011,GB,Healthcare,407.42,,325ec2e6,2026-05-12 01:21:23,,,True
1698316f-776e-4ca1-9b28-e0d2f59f2430,2025-08-28 01:21:23,Green,Marriott Hotels,Travel,6.52,USD,approved,US,False,CH-10064,US,Fuel,49.09,,325ec2e6,2026-05-12 01:21:23,,,True
d1bdd9a8-40f0-4714-957d-6fd6845f7ad3,2025-10-11 01:21:23,Blue Cash,Netflix,Entertainment,858.84,USD,approved,CA,False,CH-10046,CA,Fuel,489.43,,325ec2e6,2026-05-12 01:21:23,,,True
cb1382ae-6a9b-4f52-8afa-11a39428fae6,2025-12-28 01:21:23,Blue Cash,McDonald's,Food & Beverage,279.82,USD,approved,US,False,CH-10116,US,Retail,405.07,,325ec2e6,2026-05-12 01:21:23,,,True
2912b685-3967-4612-ad9c-0be914394e7a,2025-07-07 01:21:23,Gold,Target,Retail,160.57,USD,approved,GB,False,CH-10054,GB,Food & Beverage,302.45,,325ec2e6,2026-05-12 01:21:23,,,True
cbacad02-e65e-45c9-8a91-e0cb3c48f06e,2026-02-14 01:21:23,Blue Cash,Amazon,Retail,381.3,USD,approved,US,False,CH-10004,US,Travel,289.4,,325ec2e6,2026-05-12 01:21:23,,,True
3291aee8-8281-4abd-a2fa-f1e1dd897b5d,2025-07-01 01:21:23,Blue Cash,CVS Pharmacy,Healthcare,314.31,USD,approved,GB,False,CH-10168,GB,Travel,431.23,,325ec2e6,2026-05-12 01:21:23,,,True
18b82fd3-bcca-45a6-a2cf-6a548d69159d,2026-03-04 01:21:23,Green,McDonald's,Food & Beverage,2667.68,USD,approved,US,False,CH-10101,US,Healthcare,262.6,HIGH_VALUE_OUTLIER,325ec2e6,2026-05-12 01:21:23,,AMOUNT_ANOMALY:z=4.14,True
7bc1e5d5-a106-430a-94f8-9580b9e26e92,2025-06-14 01:21:23,Blue Cash,Starbucks,Food & Beverage,201.34,USD,approved,GB,False,CH-10006,GB,Healthcare,408.53,,325ec2e6,2026-05-12 01:21:23,,,True
cc4743fa-5ae2-402a-ab07-7604054637db,2025-09-17 01:21:23,Gold,Starbucks,Food & Beverage,37.47,USD,approved,US,False,CH-10137,US,Transportation,112.08,,325ec2e6,2026-05-12 01:21:23,,,True
c04d2d70-0cb9-4b2c-94a0-feb6a4c3d1df,2025-09-13 01:21:23,Blue Cash,CVS Pharmacy,Healthcare,15.25,USD,pending,US,False,CH-10039,US,Transportation,263.69,,325ec2e6,2026-05-12 01:21:23,,,True
25ed05c8-288a-4f7f-90b1-1d46eac9c715,2026-05-08 01:21:23,Blue Cash,Uber,Transportation,50.28,USD,approved,CA,False,CH-10075,CA,Healthcare,223.04,,325ec2e6,2026-05-12 01:21:23,,,True
0da724bd-df5e-4007-af00-4e06c6b35423,2025-07-11 01:21:23,Blue Cash,Netflix,Entertainment,424.25,USD,approved,GB,False,CH-10106,GB,Retail,289.24,,325ec2e6,2026-05-12 01:21:23,,,True
880f6f1f-634e-48fe-b86c-c601c6f2b8e4,2026-04-11 01:21:23,Blue Cash,Spotify,Entertainment,362.73,USD,approved,CA,False,CH-10173,CA,Entertainment,341.06,,325ec2e6,2026-05-12 01:21:23,,,True
ae62bfe9-da1a-4ede-b0f9-0f0345b18315,2026-03-14 01:21:23,Blue Cash,Delta Airlines,Travel,428.59,USD,declined,US,False,CH-10016,US,Fuel,430.55,,325ec2e6,2026-05-12 01:21:23,,,True
49721973-5430-40ce-872b-bda379d6cfe8,2026-02-03 01:21:23,Gold,Apple Store,Technology,138.62,USD,approved,US,False,CH-10178,US,Travel,144.88,,325ec2e6,2026-05-12 01:21:23,,,True
bca9fab0-e128-42b0-a6f7-d7ecbf96f4fd,2025-06-10 01:21:23,Green,Spotify,Entertainment,201.13,USD,declined,CA,False,CH-10150,CA,Technology,211.83,,325ec2e6,2026-05-12 01:21:23,,,True
233d349a-1608-4ad2-9e37-5a4edc9277c4,2026-02-19 01:21:23,Green,Apple Store,Technology,189.35,USD,approved,US,False,CH-10099,US,Transportation,150.73,,325ec2e6,2026-05-12 01:21:23,,,True
336b4501-2552-4d2f-bad1-ccc6490ff78a,2026-02-21 01:21:23,Platinum,Best Buy,Technology,5404.36,USD,approved,US,False,CH-10170,US,Healthcare,381.67,HIGH_VALUE_OUTLIER,325ec2e6,2026-05-12 01:21:23,,AMOUNT_ANOMALY:z=8.96,True
9193b774-a0dc-40d0-9325-6149dec99ace,2026-05-03 01:21:23,Platinum,Starbucks,Food & Beverage,351.22,USD,approved,US,False,CH-10077,US,Food & Beverage,484.98,,325ec2e6,2026-05-12 01:21:23,,,True
dfcaba78-ae2a-4633-94fe-3aca1eb96fb7,2025-11-21 01:21:23,Gold,Netflix,Entertainment,119.06,USD,approved,US,False,CH-10044,US,Healthcare,134.94,,325ec2e6,2026-05-12 01:21:23,,,True
bb94df9d-619a-4402-b5de-67dc074e6376,2025-11-12 01:21:23,Green,Best Buy,Technology,84.26,USD,pending,US,False,CH-10057,US,Entertainment,54.01,,325ec2e6,2026-05-12 01:21:23,,,True
722d7f4d-c3d1-4f1b-9513-1c18402b61cc,2025-09-30 01:21:23,Gold,Netflix,Entertainment,35.45,USD,approved,US,False,CH-10038,US,Technology,21.56,,325ec2e6,2026-05-12 01:21:23,,,True
8841ebae-d71f-4e62-83f2-0fd60c05a058,2026-04-21 01:21:23,Gold,McDonald's,Food & Beverage,151.76,USD,approved,CA,False,CH-10027,CA,Transportation,147.14,,325ec2e6,2026-05-12 01:21:23,,,True
bc6bd13a-e26e-49a1-ac0e-6ac1f27abc99,2025-12-14 01:21:23,Green,Spotify,Entertainment,112.05,USD,approved,GB,False,CH-10052,GB,Technology,78.08,,325ec2e6,2026-05-12 01:21:23,,,True
2a5ca96c-c816-4811-b9da-2e82a377684c,2026-03-03 01:21:23,Green,Target,Retail,34.41,USD,approved,US,False,CH-10025,US,Entertainment,122.06,,325ec2e6,2026-05-12 01:21:23,,,True
d8b77e0b-d956-4b11-b5f5-cab30e979728,2025-09-12 01:21:23,Gold,McDonald's,Food & Beverage,130.71,USD,approved,GB,False,CH-10196,GB,Travel,186.66,,325ec2e6,2026-05-12 01:21:23,,,True
5a1217a1-fc48-412c-ae3a-260935953ea1,2025-06-06 01:21:23,Blue Cash,CVS Pharmacy,Healthcare,157.72,USD,approved,GB,False,CH-10095,GB,Healthcare,313.61,,325ec2e6,2026-05-12 01:21:23,,,True
bad73df5-61da-4b54-a3be-a4055c4e510e,2025-10-15 01:21:23,Blue Cash,Target,Retail,613.19,USD,approved,US,False,CH-10058,US,Healthcare,341.11,,325ec2e6,2026-05-12 01:21:23,,,True
d86d3300-cd6b-4296-a9a7-beed329e0e91,2026-05-07 01:21:23,Gold,Marriott Hotels,Travel,609.16,USD,approved,CA,False,CH-10174,CA,Transportation,423.44,,325ec2e6,2026-05-12 01:21:23,,,True
f30479fe-4315-4529-9b66-71a240d20902,2025-05-29 01:21:23,Green,CVS Pharmacy,Healthcare,81.66,USD,approved,US,False,CH-10161,US,Technology,57.19,,325ec2e6,2026-05-12 01:21:23,,,True
2d22785e-be79-4c38-bc85-752b7d5ec57e,2025-12-20 01:21:23,Green,Spotify,Entertainment,85.66,USD,approved,GB,False,CH-10080,GB,Transportation,47.3,,325ec2e6,2026-05-12 01:21:23,,,True
92dea949-a840-4b64-9bc8-2e513e8e266d,2025-06-27 01:21:23,Platinum,Best Buy,Technology,65.96,USD,declined,CA,False,CH-10103,CA,Healthcare,41.16,,325ec2e6,2026-05-12 01:21:23,,,True
6932c9f2-32b4-45d5-8a2c-72ab5c1d3fa8,2026-03-30 01:21:23,Platinum,Apple Store,Technology,21.05,USD,declined,US,False,CH-10166,US,Technology,219.57,,325ec2e6,2026-05-12 01:21:23,,,True
42e30c4e-e304-41a6-a9df-266427c82da3,2025-08-09 01:21:23,Platinum,Whole Foods,Food & Beverage,180.09,USD,approved,US,False,CH-10189,US,Transportation,310.83,CATEGORY_MISMATCH,325ec2e6,2026-05-12 01:21:23,,,True
56483582-37e7-4d1b-8084-bbb494a08e6a,2025-08-09 01:21:23,Platinum,McDonald's,Food & Beverage,161.5,USD,approved,US,False,CH-10087,US,Entertainment,134.57,,325ec2e6,2026-05-12 01:21:23,,,True
79baf6f7-3c5c-4b77-a41b-b4ae77a8f2b9,2025-11-03 01:21:23,Gold,Apple Store,Technology,223.37,USD,approved,US,False,CH-10185,US,Food & Beverage,422.83,,325ec2e6,2026-05-12 01:21:23,,,True
8b95103d-175c-4165-80c5-0f5a7ea6ca22,2025-07-23 01:21:23,Gold,Shell Gas,Fuel,449.63,USD,approved,US,False,CH-10193,US,Fuel,304.21,,325ec2e6,2026-05-12 01:21:23,,,True
18d513ce-5f8c-4279-8b39-2acffbf40e46,2025-12-18 01:21:23,Platinum,Uber,Transportation,646.0,USD,approved,US,False,CH-10190,US,Transportation,483.07,,325ec2e6,2026-05-12 01:21:23,,,True
0d88fb66-de93-4e69-8b3f-92300dfcd4d4,2026-01-06 01:21:23,Blue Cash,CVS Pharmacy,Healthcare,77.55,USD,approved,US,False,CH-10035,US,Fuel,347.22,,325ec2e6,2026-05-12 01:21:23,,,True
9fbaa19e-c221-40af-8620-d4c55df7964a,2025-05-13 01:21:23,Blue Cash,Marriott Hotels,Travel,197.06,USD,approved,CA,False,CH-10199,CA,Fuel,228.09,,325ec2e6,2026-05-12 01:21:23,,,True
164619a4-bc4c-4d5e-9d3c-472f03a1af9d,2025-09-26 01:21:23,Platinum,Spotify,Entertainment,70.29,USD,approved,US,False,CH-10108,US,Travel,420.61,,325ec2e6,2026-05-12 01:21:23,,,True
c7e25c3d-8738-4878-ac3c-8c29fd2e75e9,2025-07-17 01:21:23,Blue Cash,Whole Foods,Food & Beverage,158.36,USD,declined,US,False,CH-10143,US,Fuel,156.22,,325ec2e6,2026-05-12 01:21:23,,,True
c85d34f2-764c-42fb-909a-5ec04ace7a8c,2026-02-28 01:21:23,Blue Cash,CVS Pharmacy,Healthcare,478.75,USD,approved,GB,False,CH-10125,GB,Entertainment,470.83,,325ec2e6,2026-05-12 01:21:23,,,True
fc127fe8-3da9-455c-a0bb-975411d85d74,2025-09-21 01:21:23,Gold,Whole Foods,Food & Beverage,148.01,USD,approved,US,False,CH-10180,US,Retail,153.56,,325ec2e6,2026-05-12 01:21:23,,,True
5bb4d09a-b4b4-4364-bf1e-63f104a4153f,2025-10-15 01:21:23,Gold,Spotify,Entertainment,25.57,USD,approved,US,False,CH-10094,US,Healthcare,95.72,,325ec2e6,2026-05-12 01:21:23,,,True
dd066ca4-e872-4102-8324-3d428efd0ef0,2025-11-02 01:21:23,Gold,Target,Retail,121.65,USD,approved,GB,False,CH-10133,GB,Food & Beverage,194.83,,325ec2e6,2026-05-12 01:21:23,,,True
d8f599b0-7213-4ca5-8909-114305c21378,2025-12-07 01:21:23,Blue Cash,McDonald's,Food & Beverage,692.11,USD,approved,GB,False,CH-10036,GB,Healthcare,388.93,,325ec2e6,2026-05-12 01:21:23,,,True
7081c0c8-b9b6-43d1-81cd-4a911f04b3ca,2026-04-08 01:21:23,Gold,Amazon,Retail,820.3,USD,approved,GB,False,CH-10125,GB,Entertainment,470.83,,325ec2e6,2026-05-12 01:21:23,,,True
3f1bea17-412e-4c67-b173-5ef2b40137af,2025-09-11 01:21:23,Green,Best Buy,Technology,109.02,USD,approved,GB,False,CH-10144,GB,Entertainment,64.83,,325ec2e6,2026-05-12 01:21:23,,,True
d4f79f24-12e6-41f5-a192-371b81c0e773,2025-06-05 01:21:23,Blue Cash,Whole Foods,Food & Beverage,314.61,USD,approved,US,False,CH-10035,US,Fuel,347.22,,325ec2e6,2026-05-12 01:21:23,,,True
39e5e0ea-18c5-4ca8-96b5-8c7c32794ff9,2025-07-20 03:02:23,Blue Cash,Shell Gas,Fuel,266.09,USD,approved,CN,True,CH-10159,US,Healthcare,387.59,GEO_IMPOSSIBLE,325ec2e6,2026-05-12 01:21:23,,,True
5e06f9eb-4db8-486c-bc04-5b2fb02a66ef,2025-07-24 01:21:23,Platinum,Walmart,Retail,278.01,USD,approved,US,False,CH-10165,US,Fuel,219.14,,325ec2e6,2026-05-12 01:21:23,,,True
2e7b2c61-a687-454f-867e-027106215b3f,2025-06-30 01:21:23,Gold,Walmart,Retail,239.76,USD,approved,US,False,CH-10165,US,Fuel,219.14,,325ec2e6,2026-05-12 01:21:23,,,True
171aad89-9ac6-4663-95fb-3cedac4d7edd,2026-05-03 01:21:23,Blue Cash,Starbucks,Food & Beverage,51.27,USD,approved,GB,False,CH-10133,GB,Food & Beverage,194.83,,325ec2e6,2026-05-12 01:21:23,,,True
80126f84-44a7-4ba4-a997-d54471203907,2025-05-16 01:21:23,Platinum,Delta Airlines,Travel,486.37,USD,approved,US,False,CH-10004,US,Travel,289.4,,325ec2e6,2026-05-12 01:21:23,,,True
5fca3099-123f-42d7-af5e-92d74d8bd2b0,2026-04-19 01:21:23,Green,Uber,Transportation,212.06,USD,approved,CA,False,CH-10136,CA,Entertainment,213.15,,325ec2e6,2026-05-12 01:21:23,,,True
3015fbd4-8624-4897-bbaf-deb8c0ec48d1,2025-12-01 01:21:23,Gold,Walmart,Retail,377.03,USD,declined,CA,False,CH-10046,CA,Fuel,489.43,CATEGORY_MISMATCH,325ec2e6,2026-05-12 01:21:23,,,True
f2fe6056-0c29-49bf-bfa8-857e03fa1efc,2026-03-28 01:21:23,Platinum,Target,Retail,66.51,USD,approved,US,False,CH-10073,US,Transportation,201.91,,325ec2e6,2026-05-12 01:21:23,,,True
3c783f01-5cf3-4295-bc01-79d922df18e0,2025-05-12 01:21:23,Green,Uber,Transportation,44.19,USD,approved,US,False,CH-10015,US,Travel,337.41,,325ec2e6,2026-05-12 01:21:23,,,True
174fec79-433f-4f9f-98b5-21d0513fea19,2026-03-12 01:21:23,Green,Spotify,Entertainment,43.73,USD,approved,US,False,CH-10105,US,Transportation,375.79,,325ec2e6,2026-05-12 01:21:23,,,True
03f01569-31a9-4416-bc65-3cc8c913c2d0,2025-12-26 01:21:23,Blue Cash,Best Buy,Technology,21.27,USD,declined,GB,False,CH-10060,GB,Technology,136.64,,325ec2e6,2026-05-12 01:21:23,,,True
cfe92e6d-1c6f-461d-ad7c-656bd0dfd199,2026-05-03 01:21:23,Blue Cash,Amazon,Retail,105.15,USD,approved,US,False,CH-10123,US,Healthcare,188.55,,325ec2e6,2026-05-12 01:21:23,,,True
213c1a89-00a1-427c-b359-82429c1eaff6,2025-10-16 01:21:23,Platinum,McDonald's,Food & Beverage,390.46,USD,approved,CA,False,CH-10063,CA,Technology,434.64,,325ec2e6,2026-05-12 01:21:23,,,True
fe1727b8-65c0-4ed6-907a-fe4de4dceca7,2025-08-10 01:21:23,Platinum,Marriott Hotels,Travel,741.23,USD,approved,GB,False,CH-10036,GB,Healthcare,388.93,,325ec2e6,2026-05-12 01:21:23,,,True
3d5422c4-c551-4072-9e05-03f5b5e798d5,2025-06-29 01:21:23,Blue Cash,Amazon,Retail,250.46,USD,pending,US,False,CH-10010,US,Entertainment,426.8,,325ec2e6,2026-05-12 01:21:23,,,True
62d8b043-8fba-4aed-8d6c-1d07b65f62eb,2026-01-24 01:21:23,Green,Apple Store,Technology,497.64,USD,approved,CA,False,CH-10174,CA,Transportation,423.44,,325ec2e6,2026-05-12 01:21:23,,,True
306e897c-5054-4dfb-852b-caaf70a674e0,2025-08-01 01:21:23,Gold,CVS Pharmacy,Healthcare,524.58,USD,approved,US,False,CH-10101,US,Healthcare,262.6,,325ec2e6,2026-05-12 01:21:23,,,True
09c43748-33d5-49f3-9f94-09e2cd21fa4b,2025-11-18 01:21:23,Green,McDonald's,Food & Beverage,396.87,USD,declined,US,False,CH-10129,US,Retail,310.98,,325ec2e6,2026-05-12 01:21:23,,,True
c2831ebf-87cd-4d8b-9c12-f32caa56fb04,2025-09-19 01:21:23,Green,Starbucks,Food & Beverage,85.14,USD,approved,GB,False,CH-10069,GB,Fuel,44.28,,325ec2e6,2026-05-12 01:21:23,,,True
03cd9cf4-0626-40e6-8649-180938896dc3,2026-05-10 01:21:23,Gold,Shell Gas,Fuel,876.91,USD,approved,CA,False,CH-10034,CA,Healthcare,486.12,,325ec2e6,2026-05-12 01:21:23,,,True
bfb16acd-36d0-4d20-ad73-4f5e1316a258,2025-08-10 01:21:23,Blue Cash,CVS Pharmacy,Healthcare,28.11,USD,approved,US,False,CH-10178,US,Travel,144.88,,325ec2e6,2026-05-12 01:21:23,,,True
f0dc6830-298f-41c7-b12e-724ba3d12267,2025-11-13 01:21:23,Blue Cash,Amazon,Retail,218.04,USD,approved,US,False,CH-10137,US,Transportation,112.08,,325ec2e6,2026-05-12 01:21:23,,,True
035d2f8f-49c6-40c2-8c99-3aa592bbc874,2025-11-04 01:21:23,Gold,Target,Retail,282.55,USD,approved,US,False,CH-10099,US,Transportation,150.73,,325ec2e6,2026-05-12 01:21:23,,,True
d4985fc4-49f4-4ede-9ca4-f22de7444896,2025-05-14 01:21:23,Green,McDonald's,Food & Beverage,93.25,USD,approved,GB,False,CH-10005,GB,Retail,125.81,CATEGORY_MISMATCH,325ec2e6,2026-05-12 01:21:23,,,True
1c082542-313d-42f1-a402-d13d1e9ac62c,2025-11-08 01:21:23,Platinum,Starbucks,Food & Beverage,14.21,USD,pending,US,False,CH-10183,US,Entertainment,127.63,,325ec2e6,2026-05-12 01:21:23,,,True
5da69c7b-9ecd-4b59-b873-192deabba191,2025-06-20 01:21:23,Gold,Starbucks,Food & Beverage,380.11,USD,approved,CA,False,CH-10155,CA,Entertainment,476.02,,325ec2e6,2026-05-12 01:21:23,,,True
f7df7440-34a7-4714-b59b-0f3c78f15950,2025-07-27 01:21:23,Platinum,Target,Retail,143.75,USD,approved,US,False,CH-10126,US,Healthcare,105.71,,325ec2e6,2026-05-12 01:21:23,,,True
b28794e7-9abd-41fa-90e2-c5de1c1604ca,2025-07-25 01:21:23,Gold,Target,Retail,363.16,USD,approved,CA,False,CH-10150,CA,Technology,211.83,,325ec2e6,2026-05-12 01:21:23,,,True
5a3f087e-a90d-43d6-a402-8e209c94d04b,2025-05-23 01:21:23,Gold,Starbucks,Food & Beverage,659.17,USD,pending,GB,False,CH-10070,GB,Travel,485.12,,325ec2e6,2026-05-12 01:21:23,,,True
a691cb5d-f9b3-4fef-ad3f-ec41c1a70e2d,2025-06-14 01:21:23,Blue Cash,Amazon,Retail,46.76,USD,approved,US,False,CH-10116,US,Retail,405.07,,325ec2e6,2026-05-12 01:21:23,,,True
8288d3f6-235b-48ec-a7fd-e17f901d8e05,2026-02-02 01:21:23,Green,Best Buy,Technology,146.01,USD,approved,CA,False,CH-10136,CA,Entertainment,213.15,,325ec2e6,2026-05-12 01:21:23,,,True
45fdea32-1b26-4b86-90a8-3c4183d89e5e,2026-01-05 01:21:23,Blue Cash,Starbucks,Food & Beverage,144.09,USD,pending,US,False,CH-10188,US,Technology,355.74,,325ec2e6,2026-05-12 01:21:23,,,True
ad6e1687-4ec1-4ab0-8744-14fb5e24a242,2026-04-30 01:21:23,Gold,Walmart,Retail,382.25,USD,approved,GB,False,CH-10160,GB,Technology,320.84,,325ec2e6,2026-05-12 01:21:23,,,True
a4116db9-8dc4-433d-ab0d-ad2894c7b2c3,2025-11-19 01:21:23,Gold,Starbucks,Food & Beverage,82.58,USD,approved,US,False,CH-10064,US,Fuel,49.09,,325ec2e6,2026-05-12 01:21:23,,,True
73e21486-3ee9-4868-9cae-275dcb8cc436,2025-06-26 01:21:23,Blue Cash,Walmart,Retail,124.77,USD,approved,GB,False,CH-10060,GB,Technology,136.64,,325ec2e6,2026-05-12 01:21:23,,,True
5440d1cb-a62a-46cc-9dcf-a54ace4ac38d,2025-05-22 01:21:23,Green,Apple Store,Technology,16.98,USD,declined,US,False,CH-10008,US,Healthcare,94.63,,325ec2e6,2026-05-12 01:21:23,,,True
91f0e760-ef79-41bf-998a-14c013145007,2025-10-03 01:21:23,Green,Amazon,Retail,68.81,USD,approved,GB,False,CH-10113,GB,Retail,487.44,,325ec2e6,2026-05-12 01:21:23,,,True
8db70048-594e-4b7e-bb7e-587dbcc3029d,2025-06-30 01:21:23,Blue Cash,Netflix,Entertainment,336.68,USD,approved,CA,False,CH-10075,CA,Healthcare,223.04,,325ec2e6,2026-05-12 01:21:23,,,True
04ba36d9-3394-44e2-8518-469f1855bb23,2025-09-17 01:21:23,Gold,Uber,Transportation,686.82,USD,approved,GB,False,CH-10168,GB,Travel,431.23,,325ec2e6,2026-05-12 01:21:23,,,True
119a1ee3-4aa3-45a1-8472-bca579b56365,2025-11-25 01:21:23,Gold,Shell Gas,Fuel,4744.18,USD,approved,GB,False,CH-10086,GB,Entertainment,468.66,HIGH_VALUE_OUTLIER,325ec2e6,2026-05-12 01:21:23,,AMOUNT_ANOMALY:z=7.80,True
0e25de78-b976-4b4b-aa05-963d3ce7e302,2026-03-09 01:21:23,Platinum,McDonald's,Food & Beverage,573.5,USD,declined,US,False,CH-10151,US,Travel,448.48,,325ec2e6,2026-05-12 01:21:23,,,True
ca773fc6-3f9b-46c8-8397-6bece8e8eaae,2025-11-03 03:20:23,Blue Cash,Uber,Transportation,675.03,USD,approved,FR,True,CH-10185,US,Food & Beverage,422.83,GEO_IMPOSSIBLE,325ec2e6,2026-05-12 01:21:23,,,True
a41312da-c47e-45eb-8333-b22e7dc11ebf,2025-08-08 01:21:23,Green,McDonald's,Food & Beverage,341.68,USD,approved,US,False,CH-10166,US,Technology,219.57,,325ec2e6,2026-05-12 01:21:23,,,True
91a41477-5384-4f5c-a7e0-b82a222bd094,2025-08-20 01:21:23,Green,Delta Airlines,Travel,159.9,USD,pending,US,False,CH-10087,US,Entertainment,134.57,,325ec2e6,2026-05-12 01:21:23,,,True
8e8d5eca-69ff-45f5-9bc5-e740f8be69ca,2026-02-01 01:21:23,Gold,Netflix,Entertainment,607.47,USD,approved,US,False,CH-10129,US,Retail,310.98,,325ec2e6,2026-05-12 01:21:23,,,True
653fbaef-47a5-4704-9aa0-bb00bc6fdc34,2025-05-22 01:21:23,Platinum,Marriott Hotels,Travel,213.84,USD,approved,US,False,CH-10017,US,Retail,153.43,,325ec2e6,2026-05-12 01:21:23,,,True
fa7af420-96d5-4db2-9107-e4a6c8bb3224,2025-10-10 01:21:23,Green,Uber,Transportation,4107.39,USD,approved,US,False,CH-10148,US,Technology,218.93,HIGH_VALUE_OUTLIER,325ec2e6,2026-05-12 01:21:23,,AMOUNT_ANOMALY:z=6.68,True
0219c5ca-319f-4314-8c6a-31b39b178735,2025-05-23 01:21:23,Gold,Starbucks,Food & Beverage,52.53,USD,approved,US,False,CH-10126,US,Healthcare,105.71,,325ec2e6,2026-05-12 01:21:23,,,True
482eae9f-f7cf-4b53-a4da-0517c79852ed,2025-11-01 01:21:23,Green,McDonald's,Food & Beverage,150.05,USD,approved,US,False,CH-10188,US,Technology,355.74,,325ec2e6,2026-05-12 01:21:23,,,True
cb0d53e3-aabb-4418-9fe2-b17cbf02d413,2025-08-01 01:21:23,Gold,Amazon,Retail,23.68,USD,approved,US,False,CH-10092,US,Healthcare,83.58,,325ec2e6,2026-05-12 01:21:23,,,True
b522ee71-2e0e-405c-9101-e4fa58cb0132,2026-04-27 01:21:23,Green,Spotify,Entertainment,149.29,USD,approved,GB,False,CH-10149,GB,Food & Beverage,364.81,,325ec2e6,2026-05-12 01:21:23,,,True
c13a5713-41bd-4c87-acfa-6edf55631a6e,2025-08-02 01:21:23,Platinum,CVS Pharmacy,Healthcare,122.85,USD,approved,US,False,CH-10067,US,Healthcare,242.06,,325ec2e6,2026-05-12 01:21:23,,,True
18c1d387-2318-4af6-8cfc-a4b5823d08f3,2025-05-31 01:21:23,Gold,Spotify,Entertainment,70.76,USD,approved,US,False,CH-10067,US,Healthcare,242.06,,325ec2e6,2026-05-12 01:21:23,,,True
4920eb31-185e-4c81-9f6f-0709789b5b26,2026-01-10 01:21:23,Platinum,Spotify,Entertainment,349.62,USD,approved,GB,False,CH-10086,GB,Entertainment,468.66,,325ec2e6,2026-05-12 01:21:23,,,True
cfca7028-d176-4fba-bc49-d33eb4fc8b94,2026-04-09 01:21:23,Blue Cash,McDonald's,Food & Beverage,80.03,USD,declined,US,False,CH-10134,US,Entertainment,319.11,,325ec2e6,2026-05-12 01:21:23,,,True
f820ca27-7a7f-4a5c-a902-cf20fea91e3b,2025-12-01 01:21:23,Blue Cash,Starbucks,Food & Beverage,178.54,USD,approved,CA,False,CH-10048,CA,Transportation,147.23,,325ec2e6,2026-05-12 01:21:23,,,True
c2d9989b-fdd5-4831-a286-e4b3975e29cd,2025-12-13 01:21:23,Platinum,McDonald's,Food & Beverage,644.44,USD,declined,GB,False,CH-10011,GB,Healthcare,407.42,,325ec2e6,2026-05-12 01:21:23,,,True
429a95ee-f5f8-4d88-92f8-056a6530158c,2025-07-17 01:21:23,Platinum,Netflix,Entertainment,381.62,USD,declined,US,False,CH-10071,US,Transportation,215.08,,325ec2e6,2026-05-12 01:21:23,,,True
092ba720-e50e-4568-9aea-95eb9215663f,2025-10-26 01:21:23,Gold,McDonald's,Food & Beverage,251.42,USD,approved,CA,False,CH-10120,CA,Entertainment,166.49,,325ec2e6,2026-05-12 01:21:23,,,True
09d1215f-7b1f-4589-b320-796b25f8418d,2025-05-13 01:21:23,Blue Cash,Whole Foods,Food & Beverage,56.99,USD,approved,US,False,CH-10127,US,Travel,72.03,,325ec2e6,2026-05-12 01:21:23,,,True
a6878a35-9146-416e-8c87-c36bb57734cf,2025-10-31 01:21:23,Green,Starbucks,Food & Beverage,302.22,USD,approved,US,False,CH-10101,US,Healthcare,262.6,,325ec2e6,2026-05-12 01:21:23,,,True
0f53ff06-4ca6-40fd-8b1e-f68d3a1cc39c,2025-12-12 01:21:23,Platinum,Walmart,Retail,142.99,USD,approved,US,False,CH-10140,US,Healthcare,157.72,,325ec2e6,2026-05-12 01:21:23,,,True
7ef96fd6-7ac2-4bad-83b0-4f8bd191d783,2025-09-15 01:21:23,Green,Whole Foods,Food & Beverage,103.0,USD,approved,CA,False,CH-10119,CA,Food & Beverage,115.79,,325ec2e6,2026-05-12 01:21:23,,,True
e34aa432-e7d8-4b4a-8bd3-ab8fff46dddc,2026-01-13 01:21:23,Gold,Walmart,Retail,27.2,USD,approved,GB,False,CH-10069,GB,Fuel,44.28,CATEGORY_MISMATCH,325ec2e6,2026-05-12 01:21:23,,,True
1194fe57-94c6-4e3b-b9c9-625661d90e9d,2026-01-16 01:21:23,Gold,Amazon,Retail,77.27,USD,approved,CA,False,CH-10128,CA,Entertainment,369.7,CATEGORY_MISMATCH,325ec2e6,2026-05-12 01:21:23,,,True
a1f47c1d-ad37-41c6-9674-b44c9fdce32b,2025-05-28 01:21:23,Green,Starbucks,Food & Beverage,374.85,USD,approved,US,False,CH-10085,US,Fuel,221.23,,325ec2e6,2026-05-12 01:21:23,,,True
ea56c8e9-66f2-4b49-bb53-e6a736c857e4,2025-12-10 01:21:23,Green,Netflix,Entertainment,199.32,USD,approved,US,False,CH-10035,US,Fuel,347.22,,325ec2e6,2026-05-12 01:21:23,,,True
fb4773dc-a153-4bfe-83d1-8d4c313cf0c6,2025-08-23 01:21:23,Gold,Netflix,Entertainment,81.49,USD,approved,CA,False,CH-10103,CA,Healthcare,41.16,,325ec2e6,2026-05-12 01:21:23,,,True
78a64d77-a023-445a-a522-c2a8fb447001,2025-08-21 01:21:23,Platinum,Starbucks,Food & Beverage,402.53,USD,approved,US,False,CH-10058,US,Healthcare,341.11,,325ec2e6,2026-05-12 01:21:23,,,True
93d81a2a-042d-4f5c-9ce8-734073be087b,2026-02-05 01:21:23,Gold,Marriott Hotels,Travel,379.03,USD,approved,US,False,CH-10118,US,Retail,438.64,,325ec2e6,2026-05-12 01:21:23,,,True
2a1054ea-6c8d-4a2c-adbe-c4df73ff6116,2025-07-21 01:21:23,Gold,Best Buy,Technology,332.25,USD,approved,US,False,CH-10112,US,Fuel,189.77,,325ec2e6,2026-05-12 01:21:23,,,True
173a33db-eb79-43d3-9973-4da55d309701,2025-10-10 01:21:23,Green,McDonald's,Food & Beverage,64.2,USD,approved,US,False,CH-10127,US,Travel,72.03,,325ec2e6,2026-05-12 01:21:23,,,True
7bdf5c1d-1e1e-4106-b92a-eca595120598,2026-02-15 01:22:28,Green,Whole Foods,Food & Beverage,70.61,USD,approved,GB,False,CH-10176,GB,Travel,60.29,VELOCITY,325ec2e6,2026-05-12 01:21:23,,,True
bdcf02d5-aa24-4021-9d59-e46696f583b2,2025-05-29 02:30:23,Blue Cash,Uber,Transportation,565.45,USD,pending,RU,True,CH-10084,GB,Food & Beverage,297.88,GEO_IMPOSSIBLE,325ec2e6,2026-05-12 01:21:23,,,True
5a9c5cf9-a0b0-424e-8272-48d1f6133297,2026-01-13 01:21:23,Blue Cash,Spotify,Entertainment,92.87,USD,approved,US,False,CH-10017,US,Retail,153.43,,325ec2e6,2026-05-12 01:21:23,,,True
ef5c6416-ca0c-4f3b-b13f-e14a82ca18df,2025-10-14 01:21:23,Gold,Whole Foods,Food & Beverage,77.92,USD,approved,US,False,CH-10094,US,Healthcare,95.72,,325ec2e6,2026-05-12 01:21:23,,,True
4ef5350e-5533-4340-97a6-062cd06f6b55,2026-01-27 01:21:23,Gold,Best Buy,Technology,127.43,USD,approved,US,False,CH-10107,US,Fuel,473.62,,325ec2e6,2026-05-12 01:21:23,,,True
09053cd9-f303-4969-8ae1-fdea207c8ee1,2025-07-22 01:21:23,Blue Cash,Shell Gas,Fuel,790.62,USD,approved,CA,False,CH-10181,CA,Healthcare,420.76,,325ec2e6,2026-05-12 01:21:23,,,True
777505f0-ee11-4748-80a6-2e60ce9a7e55,2026-02-28 01:21:23,Green,Best Buy,Technology,408.68,USD,approved,US,False,CH-10175,US,Travel,455.33,,325ec2e6,2026-05-12 01:21:23,,,True
cebb74eb-20b0-4485-9156-8a4a63b9fa47,2025-09-03 01:21:23,Green,Whole Foods,Food & Beverage,402.75,USD,declined,CA,False,CH-10063,CA,Technology,434.64,,325ec2e6,2026-05-12 01:21:23,,,True
fb827f3a-d753-4986-ad72-ed01b7da9830,2025-05-13 01:21:23,Blue Cash,Shell Gas,Fuel,321.0,USD,approved,US,False,CH-10073,US,Transportation,201.91,,325ec2e6,2026-05-12 01:21:23,,,True
8b90a13f-124b-4e00-9dbf-1f624e0cb8c5,2025-06-30 01:21:23,Platinum,Apple Store,Technology,199.22,USD,approved,US,False,CH-10044,US,Healthcare,134.94,,325ec2e6,2026-05-12 01:21:23,,,True
3ae175e7-9fcf-4c24-8b61-e277dd52e01b,2026-04-20 01:21:23,Gold,CVS Pharmacy,Healthcare,238.43,USD,approved,CA,False,CH-10046,CA,Fuel,489.43,,325ec2e6,2026-05-12 01:21:23,,,True
e42f5cdb-e3f4-4966-9622-4ef3bdcdcc9d,2026-04-08 01:21:23,Green,Whole Foods,Food & Beverage,449.43,USD,approved,GB,False,CH-10160,GB,Technology,320.84,,325ec2e6,2026-05-12 01:21:23,,,True
a44d4bc1-4df6-47af-baad-a5c6c7eff225,2026-04-03 01:21:23,Gold,Apple Store,Technology,160.93,USD,pending,US,False,CH-10126,US,Healthcare,105.71,,325ec2e6,2026-05-12 01:21:23,,,True
eeccd8d0-c2c9-446e-aedd-12b348580463,2025-09-16 01:23:51,Platinum,Best Buy,Technology,33.86,USD,approved,US,False,CH-10104,US,Transportation,325.81,VELOCITY,325ec2e6,2026-05-12 01:21:23,,,True
e48db9f3-1e09-4cc1-8f07-f46077997c7f,2026-05-07 01:21:23,Platinum,Apple Store,Technology,245.87,USD,approved,US,False,CH-10190,US,Transportation,483.07,,325ec2e6,2026-05-12 01:21:23,,,True
e417d947-2f16-4a34-b25e-45b66c837ddb,2026-04-08 01:21:23,Blue Cash,CVS Pharmacy,Healthcare,46.58,USD,approved,CA,False,CH-10171,CA,Food & Beverage,254.35,,325ec2e6,2026-05-12 01:21:23,,,True
10bb5e88-acc6-4646-91a4-4615a12b50c2,2025-07-21 01:22:18,Blue Cash,Target,Retail,68.89,USD,approved,US,False,CH-10112,US,Fuel,189.77,VELOCITY,325ec2e6,2026-05-12 01:21:23,,,True
a034434a-83ed-425d-98a6-4f6fbcda1046,2025-06-03 01:21:23,Blue Cash,Whole Foods,Food & Beverage,143.77,USD,approved,US,False,CH-10031,US,Fuel,93.36,,325ec2e6,2026-05-12 01:21:23,,,True
f2188f25-71ec-410e-83eb-bb5c36fd95d1,2025-06-01 01:21:23,Platinum,Target,Retail,61.07,USD,approved,GB,False,CH-10091,GB,Fuel,55.17,,325ec2e6,2026-05-12 01:21:23,,,True
e71867e6-d31c-47cf-aa72-b2dfbae3a405,2026-04-28 01:21:23,Gold,Starbucks,Food & Beverage,220.46,USD,approved,CA,False,CH-10061,CA,Retail,111.4,,325ec2e6,2026-05-12 01:21:23,,,True
f7d7ad5f-761e-4240-a3a8-16ab66ccd4a3,2026-03-24 01:21:23,Platinum,Walmart,Retail,406.41,USD,pending,CA,False,CH-10171,CA,Food & Beverage,254.35,,325ec2e6,2026-05-12 01:21:23,,,True
123731e0-061e-4b34-99ce-524214fb751f,2025-11-26 01:21:23,Blue Cash,Amazon,Retail,201.83,USD,approved,US,False,CH-10042,US,Travel,307.49,,325ec2e6,2026-05-12 01:21:23,,,True
38978da9-cd83-472e-bf1b-a1c39d5016f8,2025-11-05 01:21:23,Green,Walmart,Retail,9.38,USD,approved,US,False,CH-10056,US,Food & Beverage,52.35,,325ec2e6,2026-05-12 01:21:23,,,True
a1d8979b-96c6-44bc-89a2-3b0e56bbf215,2026-03-21 01:21:23,Blue Cash,Uber,Transportation,267.44,USD,pending,GB,False,CH-10196,GB,Travel,186.66,,325ec2e6,2026-05-12 01:21:23,,,True
4becd9d1-f897-4e49-a8c1-b30cfa8d0357,2025-07-09 01:21:23,Green,Target,Retail,86.3,USD,pending,US,False,CH-10145,US,Healthcare,127.83,,325ec2e6,2026-05-12 01:21:23,,,True
df9af756-7004-4e72-8ebe-c7de18414260,2025-06-21 01:21:23,Platinum,CVS Pharmacy,Healthcare,82.08,USD,approved,CA,False,CH-10197,CA,Entertainment,53.1,,325ec2e6,2026-05-12 01:21:23,,,True
b990fadc-79dc-404e-a5a7-a8d75f188fa6,2025-07-05 01:21:23,Gold,Best Buy,Technology,696.68,USD,approved,US,False,CH-10170,US,Healthcare,381.67,,325ec2e6,2026-05-12 01:21:23,,,True
a9d95c70-96c4-4047-b25e-1507ca21a5b7,2025-07-01 01:21:23,Gold,Starbucks,Food & Beverage,473.01,USD,approved,US,False,CH-10189,US,Transportation,310.83,,325ec2e6,2026-05-12 01:21:23,,,True
296f68c6-e08f-4ee8-adf1-430b5d0f74ba,2026-04-12 01:21:23,Platinum,McDonald's,Food & Beverage,66.57,USD,approved,GB,False,CH-10109,GB,Transportation,226.3,,325ec2e6,2026-05-12 01:21:23,,,True
f805bbdb-cca5-44d4-9eef-12bdb66d74f3,2025-07-10 01:21:23,Gold,Starbucks,Food & Beverage,673.41,USD,approved,GB,False,CH-10096,GB,Travel,340.57,,325ec2e6,2026-05-12 01:21:23,,,True
93075c36-2dfd-4492-a35e-2bc4268bea17,2026-04-22 01:21:23,Green,Delta Airlines,Travel,508.81,USD,approved,CA,False,CH-10034,CA,Healthcare,486.12,,325ec2e6,2026-05-12 01:21:23,,,True
8163f8f9-8fae-417c-8d7d-719f5886ee99,2025-11-24 01:21:23,Gold,McDonald's,Food & Beverage,141.68,USD,approved,US,False,CH-10073,US,Transportation,201.91,,325ec2e6,2026-05-12 01:21:23,,,True
66e9c4d2-1a6e-4e18-ab71-5d91db996c49,2025-10-29 01:21:23,Platinum,Starbucks,Food & Beverage,400.45,USD,approved,US,False,CH-10170,US,Healthcare,381.67,,325ec2e6,2026-05-12 01:21:23,,,True
9b1ff41a-6d71-4c09-a900-150ecf0fb97f,2026-02-03 01:21:23,Blue Cash,Netflix,Entertainment,49.61,USD,approved,US,False,CH-10016,US,Fuel,430.55,,325ec2e6,2026-05-12 01:21:23,,,True
36e96d14-c5d9-4817-be3e-8c91757afb06,2026-01-28 01:21:23,Platinum,Spotify,Entertainment,148.57,USD,approved,US,False,CH-10032,US,Retail,306.28,CATEGORY_MISMATCH,325ec2e6,2026-05-12 01:21:23,,,True
2794180c-f2d5-43b4-a683-89ad4952f5fb,2026-02-11 01:21:23,Platinum,CVS Pharmacy,Healthcare,374.56,USD,approved,US,False,CH-10042,US,Travel,307.49,,325ec2e6,2026-05-12 01:21:23,,,True
3d7eb2dd-0660-4623-aa50-24f49c0aeb30,2025-09-08 01:21:23,Green,Starbucks,Food & Beverage,28.67,USD,declined,US,False,CH-10162,US,Food & Beverage,150.42,,325ec2e6,2026-05-12 01:21:23,,,True
648237d7-e024-4144-a096-58090a6ca205,2025-07-04 01:21:23,Blue Cash,Best Buy,Technology,453.3,USD,approved,US,False,CH-10042,US,Travel,307.49,,325ec2e6,2026-05-12 01:21:23,,,True
da2ce70c-3e09-4ab8-ac57-f501841a42d8,2026-03-31 01:21:23,Blue Cash,Amazon,Retail,287.37,USD,approved,US,False,CH-10123,US,Healthcare,188.55,,325ec2e6,2026-05-12 01:21:23,,,True
a51b5f29-b485-45ef-8200-2f385e034db2,2025-09-17 01:21:23,Platinum,Whole Foods,Food & Beverage,164.77,USD,approved,US,False,CH-10039,US,Transportation,263.69,,325ec2e6,2026-05-12 01:21:23,,,True
75ea7e84-2e28-4472-acf9-c970c075ea12,2025-09-14 01:21:23,Green,Walmart,Retail,77.83,USD,approved,US,False,CH-10123,US,Healthcare,188.55,,325ec2e6,2026-05-12 01:21:23,,,True
5b891e2f-310f-441c-bcf2-9d795db68094,2025-11-02 01:21:23,Blue Cash,Spotify,Entertainment,34.7,USD,declined,CA,False,CH-10103,CA,Healthcare,41.16,,325ec2e6,2026-05-12 01:21:23,,,True
468c86bc-f235-41f2-b858-c2eb5b9c9831,2026-03-10 01:21:23,Gold,Apple Store,Technology,155.23,USD,pending,US,False,CH-10018,US,Transportation,197.69,,325ec2e6,2026-05-12 01:21:23,,,True
c2f3adba-1fb4-4102-aa9e-17e26f342a17,2025-09-04 01:21:23,Green,Delta Airlines,Travel,155.28,USD,approved,US,False,CH-10111,US,Entertainment,120.84,,325ec2e6,2026-05-12 01:21:23,,,True
e57c6b85-e72f-4d26-8e0e-ae3fc44af1ee,2026-01-08 01:21:23,Blue Cash,Spotify,Entertainment,143.01,USD,approved,US,False,CH-10098,US,Transportation,146.94,,325ec2e6,2026-05-12 01:21:23,,,True
caf94f7c-5923-45a0-bf39-34053bb82589,2025-06-16 01:21:23,Gold,Shell Gas,Fuel,49.68,USD,approved,US,False,CH-10180,US,Retail,153.56,,325ec2e6,2026-05-12 01:21:23,,,True
cd686792-6d47-41e4-bc43-a5a008ead6cf,2025-08-06 01:22:16,Platinum,Delta Airlines,Travel,271.56,USD,approved,US,False,CH-10037,US,Fuel,160.88,VELOCITY,325ec2e6,2026-05-12 01:21:23,,,True
74199e65-5742-4c7c-b106-942bf2eceded,2026-02-05 01:21:23,Gold,Apple Store,Technology,258.07,USD,approved,US,False,CH-10098,US,Transportation,146.94,,325ec2e6,2026-05-12 01:21:23,,,True
db734f44-ccad-4793-af92-ab88dab26380,2025-10-14 01:21:23,Blue Cash,Delta Airlines,Travel,657.52,USD,approved,CA,False,CH-10177,CA,Transportation,436.09,,325ec2e6,2026-05-12 01:21:23,,,True
770a1d7b-4baa-4fd3-9c36-27454e00030d,2025-12-26 01:21:23,Green,Shell Gas,Fuel,221.6,USD,approved,CA,False,CH-10027,CA,Transportation,147.14,,325ec2e6,2026-05-12 01:21:23,,,True
afe5237d-64e5-4bfb-b6ba-c9b41ebaf0ac,2026-05-12 01:21:23,Platinum,Amazon,Retail,77.95,USD,approved,GB,False,CH-10078,GB,Travel,379.03,,325ec2e6,2026-05-12 01:21:23,,,True
f33c918c-93ac-44e3-a39b-78611069d0eb,2026-02-14 01:21:23,Green,Shell Gas,Fuel,106.16,USD,approved,GB,False,CH-10106,GB,Retail,289.24,,325ec2e6,2026-05-12 01:21:23,,,True
b9dd9e75-dced-4e0f-b3a4-b8065d4a83b8,2026-02-26 02:30:23,Gold,Target,Retail,132.6,USD,approved,CA,True,CH-10124,GB,Retail,346.17,GEO_IMPOSSIBLE,325ec2e6,2026-05-12 01:21:23,,,True
a674335c-b8d4-491c-9463-145698a2dea7,2026-02-16 01:21:23,Gold,Walmart,Retail,56.61,USD,declined,US,False,CH-10104,US,Transportation,325.81,CATEGORY_MISMATCH,325ec2e6,2026-05-12 01:21:23,,,True
de82b870-5d08-4f34-8020-c71700334ea0,2025-08-20 01:23:01,Platinum,Amazon,Retail,205.89,USD,approved,US,False,CH-10087,US,Entertainment,134.57,VELOCITY,325ec2e6,2026-05-12 01:21:23,,,True
9f74665e-2336-4b95-9cf1-f36a80c7de99,2025-08-18 01:21:23,Gold,Shell Gas,Fuel,138.78,USD,approved,US,False,CH-10001,US,Food & Beverage,86.98,,325ec2e6,2026-05-12 01:21:23,,,True
e1373e01-8f3c-48d3-b944-e12e2959f87a,2025-11-21 01:21:23,Blue Cash,Delta Airlines,Travel,430.66,USD,approved,US,False,CH-10194,US,Fuel,354.65,,325ec2e6,2026-05-12 01:21:23,,,True
deaadc1f-8dd7-48f2-aa99-af93e5bf839f,2025-06-06 01:21:23,Platinum,Marriott Hotels,Travel,110.25,USD,declined,US,False,CH-10087,US,Entertainment,134.57,,325ec2e6,2026-05-12 01:21:23,,,True
a6305404-c1f3-4fc7-9c61-fb4de24b8e18,2025-05-20 01:21:23,Gold,McDonald's,Food & Beverage,242.37,USD,approved,GB,False,CH-10084,GB,Food & Beverage,297.88,,325ec2e6,2026-05-12 01:21:23,,,True
9cfeb4df-e3a6-4940-89c4-961d6cdead65,2025-12-20 01:21:23,Gold,Uber,Transportation,777.31,USD,declined,GB,False,CH-10006,GB,Healthcare,408.53,,325ec2e6,2026-05-12 01:21:23,,,True
c0d6439a-3b64-4950-b503-eaf091f217a8,2025-06-08 01:21:23,Blue Cash,Uber,Transportation,16.05,USD,approved,US,False,CH-10115,US,Retail,31.9,,325ec2e6,2026-05-12 01:21:23,,,True
4968978d-751d-42d9-98ac-d63a750b041f,2025-11-27 01:21:23,Green,Amazon,Retail,468.16,USD,declined,US,False,CH-10082,US,Fuel,344.1,,325ec2e6,2026-05-12 01:21:23,,,True
1d98e66e-a8c2-431e-a150-406d2e62b498,2025-09-11 01:21:23,Gold,Uber,Transportation,613.56,USD,approved,US,False,CH-10189,US,Transportation,310.83,,325ec2e6,2026-05-12 01:21:23,,,True
872046e2-05a6-45fa-82c2-892c1d38688c,2025-05-13 01:21:23,Green,Apple Store,Technology,87.52,USD,approved,CA,False,CH-10187,CA,Fuel,290.71,,325ec2e6,2026-05-12 01:21:23,,,True
8c681c30-7733-456d-9ba6-53fd9600a6f4,2026-03-29 01:21:23,Gold,Whole Foods,Food & Beverage,80.41,USD,approved,US,False,CH-10183,US,Entertainment,127.63,,325ec2e6,2026-05-12 01:21:23,,,True
859a0ea3-9a4e-46c5-acf4-3de393700d87,2025-09-08 01:21:23,Blue Cash,Target,Retail,155.15,USD,pending,CA,False,CH-10119,CA,Food & Beverage,115.79,,325ec2e6,2026-05-12 01:21:23,,,True
74af379e-99b8-4356-a319-f1155ace795e,2026-04-28 01:21:23,Gold,Shell Gas,Fuel,71.62,USD,approved,GB,False,CH-10192,GB,Retail,210.39,,325ec2e6,2026-05-12 01:21:23,,,True
d9ce2abb-2583-4f58-9585-9b4f77fe8c05,2025-06-06 01:21:23,Platinum,Delta Airlines,Travel,180.43,USD,approved,GB,False,CH-10196,GB,Travel,186.66,,325ec2e6,2026-05-12 01:21:23,,,True
0d57906f-7c78-43d6-b5e5-69decaf6aa74,2025-05-23 01:21:23,Blue Cash,Spotify,Entertainment,326.9,USD,approved,CA,False,CH-10034,CA,Healthcare,486.12,,325ec2e6,2026-05-12 01:21:23,,,True
4e0795b6-9263-41bd-9dcd-b9b21795ce4d,2025-10-29 01:21:23,Green,Walmart,Retail,59.41,USD,approved,GB,False,CH-10153,GB,Technology,44.1,,325ec2e6,2026-05-12 01:21:23,,,True
2dfddc3b-e0d6-4f58-8eb0-5a6f60e158cb,2026-03-14 01:21:23,Platinum,McDonald's,Food & Beverage,1619.5,USD,approved,US,False,CH-10111,US,Entertainment,120.84,HIGH_VALUE_OUTLIER,325ec2e6,2026-05-12 01:21:23,,,True
b2aae156-2e0f-47fc-a31d-46c0d5420784,2026-03-08 01:21:23,Gold,CVS Pharmacy,Healthcare,252.0,USD,approved,CA,False,CH-10048,CA,Transportation,147.23,,325ec2e6,2026-05-12 01:21:23,,,True
0d555ca4-9782-489c-a4df-9e0e660ed398,2026-02-04 01:21:23,Gold,Delta Airlines,Travel,637.7,USD,approved,US,False,CH-10000,US,Travel,375.94,,325ec2e6,2026-05-12 01:21:23,,,True
ff2c9f8b-9e69-411d-b42c-708315f84fb4,2025-07-08 01:21:23,Platinum,McDonald's,Food & Beverage,4461.11,USD,approved,US,False,CH-10093,US,Fuel,442.05,HIGH_VALUE_OUTLIER,325ec2e6,2026-05-12 01:21:23,,AMOUNT_ANOMALY:z=7.30,True
03309546-2ffa-494b-a287-ac48a0242223,2025-08-30 01:21:23,Green,Target,Retail,65.93,USD,approved,GB,False,CH-10080,GB,Transportation,47.3,,325ec2e6,2026-05-12 01:21:23,,,True
9004d35e-d362-4835-8553-53b8f1ef8d36,2025-12-05 01:21:23,Gold,Shell Gas,Fuel,470.57,USD,approved,US,False,CH-10191,US,Travel,465.87,,325ec2e6,2026-05-12 01:21:23,,,True
a85cdfc5-ae05-413c-bd2f-aaf9a1f21e23,2026-01-22 01:21:23,Blue Cash,Uber,Transportation,154.56,USD,approved,US,False,CH-10180,US,Retail,153.56,,325ec2e6,2026-05-12 01:21:23,,,True
c6cee4a5-a62e-46f4-ac0e-2318b507ceb5,2025-05-28 03:08:23,Platinum,Target,Retail,311.4,USD,approved,DE,True,CH-10085,US,Fuel,221.23,GEO_IMPOSSIBLE,325ec2e6,2026-05-12 01:21:23,,,True
d0cd0690-4d78-484e-9626-777b3ced4e32,2025-08-05 01:21:23,Platinum,Netflix,Entertainment,77.03,USD,pending,GB,False,CH-10076,GB,Technology,94.3,,325ec2e6,2026-05-12 01:21:23,,,True
be346a49-949e-47e6-b5db-f1f056f12106,2025-08-15 01:21:23,Blue Cash,McDonald's,Food & Beverage,251.03,USD,approved,US,False,CH-10089,US,Technology,171.77,,325ec2e6,2026-05-12 01:21:23,,,True
cccdcf49-519f-4d0b-8c7a-23b92b59ad15,2025-11-28 01:21:23,Blue Cash,Netflix,Entertainment,359.7,USD,approved,US,False,CH-10179,US,Food & Beverage,238.26,,325ec2e6,2026-05-12 01:21:23,,,True
2be3ce0e-6e98-49b3-9bc9-8633be19d0a5,2025-07-21 01:21:23,Blue Cash,Delta Airlines,Travel,120.07,USD,approved,CA,False,CH-10181,CA,Healthcare,420.76,,325ec2e6,2026-05-12 01:21:23,,,True
ce910195-5160-4a69-8897-e65bc4f12a23,2025-08-06 01:25:13,Platinum,Starbucks,Food & Beverage,237.92,USD,approved,US,False,CH-10037,US,Fuel,160.88,VELOCITY,325ec2e6,2026-05-12 01:21:23,,,True
b91104c0-91b0-4a56-af75-eec92def80f4,2026-02-15 01:21:23,Blue Cash,Best Buy,Technology,298.32,USD,approved,US,False,CH-10037,US,Fuel,160.88,CATEGORY_MISMATCH,325ec2e6,2026-05-12 01:21:23,,,True
41366840-78a1-4ba2-b4f0-51199d976f61,2025-06-03 01:21:23,Blue Cash,Shell Gas,Fuel,179.42,USD,approved,US,False,CH-10044,US,Healthcare,134.94,,325ec2e6,2026-05-12 01:21:23,,,True
ff29c590-189f-41c3-8a68-f62fef47e801,2025-09-27 01:21:23,Green,Apple Store,Technology,164.47,USD,approved,US,False,CH-10166,US,Technology,219.57,,325ec2e6,2026-05-12 01:21:23,,,True
8319e090-1daa-4e7c-9f61-a9a8b43d5fb7,2025-07-23 01:21:23,Platinum,Shell Gas,Fuel,929.82,USD,approved,GB,False,CH-10125,GB,Entertainment,470.83,,325ec2e6,2026-05-12 01:21:23,,,True
285d8a1b-c68e-4e94-9470-fb9b02852950,2025-06-16 01:21:23,Platinum,McDonald's,Food & Beverage,210.22,USD,approved,US,False,CH-10024,US,Retail,148.52,,325ec2e6,2026-05-12 01:21:23,,,True
c9e121af-47f0-4e28-8370-35093e644864,2025-05-19 01:21:23,Platinum,Walmart,Retail,7.96,USD,approved,US,False,CH-10083,US,Retail,77.55,,325ec2e6,2026-05-12 01:21:23,,,True
d83f8e93-32b9-4625-b7ec-eb722b2894a7,2025-07-17 01:21:23,Gold,Best Buy,Technology,286.26,USD,approved,US,False,CH-10135,US,Healthcare,263.42,,325ec2e6,2026-05-12 01:21:23,,,True
b9989ca0-8907-4cd1-9306-bae630a5fd6b,2026-03-13 01:21:23,Platinum,McDonald's,Food & Beverage,80.12,USD,pending,GB,False,CH-10192,GB,Retail,210.39,,325ec2e6,2026-05-12 01:21:23,,,True
705072c2-a3f7-4f25-96c3-60fa63c1a991,2026-03-08 01:21:23,Green,Best Buy,Technology,307.34,USD,approved,CA,False,CH-10142,CA,Food & Beverage,265.36,,325ec2e6,2026-05-12 01:21:23,,,True
dbc04474-c54d-4744-93ce-fdb0952f0295,2026-03-10 01:21:23,Gold,Netflix,Entertainment,143.54,USD,approved,US,False,CH-10065,US,Fuel,139.36,,325ec2e6,2026-05-12 01:21:23,,,True
e4a9e7ad-2d60-4d24-92f8-c177ded531de,2026-04-19 01:21:23,Gold,Shell Gas,Fuel,796.24,USD,approved,US,False,CH-10108,US,Travel,420.61,,325ec2e6,2026-05-12 01:21:23,,,True
cf551157-4f10-418b-bb2e-4d29113e8d37,2025-09-03 01:21:23,Blue Cash,Whole Foods,Food & Beverage,601.02,USD,approved,GB,False,CH-10168,GB,Travel,431.23,,325ec2e6,2026-05-12 01:21:23,,,True
d7fae630-6f2f-48ea-9a29-37ea1131e480,2025-06-07 01:21:23,Platinum,Uber,Transportation,394.35,USD,approved,US,False,CH-10090,US,Travel,239.98,,325ec2e6,2026-05-12 01:21:23,,,True
b53f159b-b815-4196-808e-e553a621e9dc,2025-07-08 01:21:23,Platinum,Netflix,Entertainment,106.36,USD,pending,GB,False,CH-10076,GB,Technology,94.3,,325ec2e6,2026-05-12 01:21:23,,,True
b21e47d9-8967-47e6-b1b9-6cf9fe451d0f,2026-01-02 01:21:23,Blue Cash,Uber,Transportation,73.82,USD,approved,GB,False,CH-10186,GB,Transportation,134.5,,325ec2e6,2026-05-12 01:21:23,,,True
1e155b24-832e-47d8-867d-a0a06f2368c8,2025-05-22 01:21:23,Green,Walmart,Retail,120.33,USD,approved,US,False,CH-10116,US,Retail,405.07,,325ec2e6,2026-05-12 01:21:23,,,True
f391f13f-eb27-43ee-bd71-13dca0c0e363,2025-07-28 01:21:23,Platinum,Shell Gas,Fuel,537.89,USD,approved,US,False,CH-10068,US,Technology,407.85,,325ec2e6,2026-05-12 01:21:23,,,True
497cb6fb-639f-44d3-b22c-1b0717de9664,2025-10-02 01:21:23,Platinum,Netflix,Entertainment,362.06,USD,approved,US,False,CH-10107,US,Fuel,473.62,,325ec2e6,2026-05-12 01:21:23,,,True
400d82ab-a332-4f7f-aeae-4e033c7c19d3,2025-10-16 01:21:23,Gold,Walmart,Retail,10.51,USD,approved,GB,False,CH-10069,GB,Fuel,44.28,,325ec2e6,2026-05-12 01:21:23,,,True
98e978fa-8818-4bdf-aa8e-4bbfda603dd9,2026-01-17 01:21:23,Green,Starbucks,Food & Beverage,124.71,USD,approved,US,False,CH-10085,US,Fuel,221.23,CATEGORY_MISMATCH,325ec2e6,2026-05-12 01:21:23,,,True
2ca0b010-3e7a-4182-9bec-4180863ba684,2025-12-07 01:21:23,Gold,McDonald's,Food & Beverage,525.7,USD,approved,CA,False,CH-10026,CA,Retail,444.65,,325ec2e6,2026-05-12 01:21:23,,,True
4538d618-3ea4-41db-9d6d-6bf9e51fe89d,2025-08-15 02:55:23,Green,CVS Pharmacy,Healthcare,38.54,USD,approved,FR,True,CH-10089,US,Technology,171.77,GEO_IMPOSSIBLE,325ec2e6,2026-05-12 01:21:23,,,True
67ca4fe9-f4a7-4836-bf8b-840f17d13e6c,2026-03-08 01:21:23,Blue Cash,Shell Gas,Fuel,164.75,USD,approved,US,False,CH-10189,US,Transportation,310.83,,325ec2e6,2026-05-12 01:21:23,,,True
4a4a4ed7-cf81-47b4-86f5-3f2b490afca9,2025-12-27 01:21:23,Platinum,Target,Retail,50.33,USD,approved,GB,False,CH-10168,GB,Travel,431.23,,325ec2e6,2026-05-12 01:21:23,,,True
7e4c2e0a-6b8c-4dbe-a866-825470cbc562,2025-10-10 01:21:23,Platinum,McDonald's,Food & Beverage,596.24,USD,approved,CA,False,CH-10181,CA,Healthcare,420.76,,325ec2e6,2026-05-12 01:21:23,,,True
ecf64d5b-8420-40e4-bab0-f422e234624a,2025-10-05 01:21:23,Green,Whole Foods,Food & Beverage,122.96,USD,approved,CA,False,CH-10119,CA,Food & Beverage,115.79,,325ec2e6,2026-05-12 01:21:23,,,True
ce14f3b2-9bd5-498d-b372-1d4727415a1a,2025-10-16 01:21:23,Gold,Delta Airlines,Travel,526.85,USD,declined,US,False,CH-10058,US,Healthcare,341.11,,325ec2e6,2026-05-12 01:21:23,,,True
d5a1d8e4-e833-44ef-a422-556fc1e789b0,2026-02-17 01:21:23,Platinum,Delta Airlines,Travel,412.75,USD,declined,US,False,CH-10019,US,Healthcare,356.87,CATEGORY_MISMATCH,325ec2e6,2026-05-12 01:21:23,,,True
fbad88b8-6b82-4517-8633-f407506a144c,2025-10-07 01:21:23,Gold,McDonald's,Food & Beverage,144.76,USD,pending,US,False,CH-10126,US,Healthcare,105.71,,325ec2e6,2026-05-12 01:21:23,,,True
087f0f3e-e722-4ff7-8ef0-2ea85e34b82f,2025-07-01 01:21:23,Gold,Whole Foods,Food & Beverage,31.45,USD,approved,US,False,CH-10127,US,Travel,72.03,,325ec2e6,2026-05-12 01:21:23,,,True
c5eab5e3-00fa-4ccd-9dcf-ef1d41ca1bb7,2026-02-15 01:21:23,Gold,Shell Gas,Fuel,420.95,USD,approved,US,False,CH-10189,US,Transportation,310.83,,325ec2e6,2026-05-12 01:21:23,,,True
037e8574-cd69-4d0c-94f2-679e0f6ed8fd,2026-03-05 01:21:23,Gold,Target,Retail,57.92,USD,approved,US,False,CH-10057,US,Entertainment,54.01,,325ec2e6,2026-05-12 01:21:23,,,True
38005e21-cc81-4d8b-960a-5f0770d378e5,2025-11-20 01:21:23,Green,Target,Retail,854.59,USD,pending,GB,False,CH-10097,GB,Healthcare,467.24,,325ec2e6,2026-05-12 01:21:23,,,True
4fdec87b-c537-43c0-a126-5edcc42d83c6,2025-09-07 01:21:23,Gold,Netflix,Entertainment,113.12,USD,approved,GB,False,CH-10196,GB,Travel,186.66,,325ec2e6,2026-05-12 01:21:23,,,True
a12b3bac-5baf-40e5-abda-07c39d982f93,2025-06-17 01:21:23,Platinum,Apple Store,Technology,134.22,USD,declined,US,False,CH-10145,US,Healthcare,127.83,,325ec2e6,2026-05-12 01:21:23,,,True
7a2d9551-b634-48f1-87c1-14cbff1dbf3a,2026-05-09 01:21:23,Blue Cash,Netflix,Entertainment,179.7,USD,approved,CA,False,CH-10158,CA,Technology,144.41,,325ec2e6,2026-05-12 01:21:23,,,True
61a9ef56-cb56-4ebf-8e05-bb8fe93098fb,2026-05-08 01:21:23,Platinum,Marriott Hotels,Travel,22.12,USD,approved,US,False,CH-10001,US,Food & Beverage,86.98,,325ec2e6,2026-05-12 01:21:23,,,True
4f3c63e2-9946-4487-aaa1-ff4b41740aa1,2025-09-05 01:21:23,Platinum,Spotify,Entertainment,6.93,USD,approved,GB,False,CH-10131,GB,Food & Beverage,142.27,,325ec2e6,2026-05-12 01:21:23,,,True
fb119bff-a5a4-41b0-b643-7806df97087c,2025-10-05 01:21:23,Green,Apple Store,Technology,297.62,USD,approved,CA,False,CH-10120,CA,Entertainment,166.49,,325ec2e6,2026-05-12 01:21:23,,,True
8698e596-ae83-40d5-af66-f9bb773e97ab,2025-07-21 01:23:38,Blue Cash,Shell Gas,Fuel,284.81,USD,approved,US,False,CH-10112,US,Fuel,189.77,VELOCITY,325ec2e6,2026-05-12 01:21:23,,,True
72b233ba-23ae-47ca-84fd-cec79a66f17d,2025-11-24 01:21:23,Platinum,Amazon,Retail,784.42,USD,approved,CA,False,CH-10072,CA,Food & Beverage,435.03,,325ec2e6,2026-05-12 01:21:23,,,True
e116ba59-146f-45d9-be1c-333bcf883567,2025-09-04 01:21:23,Green,Shell Gas,Fuel,197.62,USD,approved,US,False,CH-10122,US,Retail,177.57,,325ec2e6,2026-05-12 01:21:23,,,True
31b61531-9340-4355-bd34-91ce24c27e9c,2025-10-25 01:21:23,Blue Cash,McDonald's,Food & Beverage,24.72,USD,approved,US,False,CH-10083,US,Retail,77.55,,325ec2e6,2026-05-12 01:21:23,,,True
f42f530d-052f-4fb6-88cc-c0333d0e5d46,2025-05-27 01:21:23,Green,Target,Retail,148.69,USD,approved,US,False,CH-10032,US,Retail,306.28,,325ec2e6,2026-05-12 01:21:23,,,True
f4577767-75b7-4af5-9b63-40d4c9bc0285,2025-12-15 01:21:23,Gold,Uber,Transportation,74.17,USD,approved,US,False,CH-10152,US,Retail,125.04,CATEGORY_MISMATCH,325ec2e6,2026-05-12 01:21:23,,,True
48175a97-144d-4703-8724-a2abc81d00c5,2026-03-15 01:21:23,Platinum,CVS Pharmacy,Healthcare,456.42,USD,approved,US,False,CH-10039,US,Transportation,263.69,,325ec2e6,2026-05-12 01:21:23,,,True
c7115c3f-26f1-4391-a947-68a297e11406,2026-03-21 01:21:23,Blue Cash,Starbucks,Food & Beverage,318.83,USD,approved,GB,False,CH-10109,GB,Transportation,226.3,,325ec2e6,2026-05-12 01:21:23,,,True
47a9d978-cd3c-439e-acbf-e3336b37e5f6,2026-03-06 01:21:23,Platinum,Shell Gas,Fuel,362.93,USD,approved,US,False,CH-10151,US,Travel,448.48,,325ec2e6,2026-05-12 01:21:23,,,True
6a30ba14-bbec-409d-9dd2-6d8b848f9337,2026-03-27 01:21:23,Gold,Apple Store,Technology,278.79,USD,approved,US,False,CH-10037,US,Fuel,160.88,,325ec2e6,2026-05-12 01:21:23,,,True
8d3808d5-5939-4c57-87e5-a1c48ebef65b,2025-10-06 01:21:23,Platinum,Shell Gas,Fuel,230.95,USD,approved,US,False,CH-10179,US,Food & Beverage,238.26,,325ec2e6,2026-05-12 01:21:23,,,True
0c98d49c-e795-474a-9475-65e80f1b36ca,2025-11-14 01:21:23,Green,Walmart,Retail,691.65,USD,approved,US,False,CH-10077,US,Food & Beverage,484.98,,325ec2e6,2026-05-12 01:21:23,,,True
d74a5e55-9113-4ec4-b97e-f0b2867f44e6,2025-11-29 01:21:23,Gold,Amazon,Retail,211.44,USD,approved,CA,False,CH-10046,CA,Fuel,489.43,,325ec2e6,2026-05-12 01:21:23,,,True
9e66b38d-01fc-4b8c-81fa-75b4903beb03,2025-09-03 01:21:23,Platinum,Apple Store,Technology,91.94,USD,approved,US,False,CH-10025,US,Entertainment,122.06,,325ec2e6,2026-05-12 01:21:23,,,True
86d93e3e-10a6-4b4d-9d5c-e80271044883,2025-11-08 01:21:23,Platinum,Shell Gas,Fuel,97.83,USD,approved,US,False,CH-10003,US,Travel,64.97,,325ec2e6,2026-05-12 01:21:23,,,True
ef0c83ad-5d29-4dda-a96f-21756ee80e31,2025-10-28 01:21:23,Green,Shell Gas,Fuel,2226.61,USD,approved,GB,False,CH-10060,GB,Technology,136.64,HIGH_VALUE_OUTLIER,325ec2e6,2026-05-12 01:21:23,,AMOUNT_ANOMALY:z=3.36,True
8071d281-e22b-471f-b7f8-342c0faf344f,2025-09-26 01:21:23,Platinum,Whole Foods,Food & Beverage,790.37,USD,approved,US,False,CH-10010,US,Entertainment,426.8,CATEGORY_MISMATCH,325ec2e6,2026-05-12 01:21:23,,,True
e334b50c-8d77-4351-8303-02ae05c1abb9,2026-01-29 01:21:23,Blue Cash,CVS Pharmacy,Healthcare,519.86,USD,pending,US,False,CH-10077,US,Food & Beverage,484.98,,325ec2e6,2026-05-12 01:21:23,,,True
191f7cfc-480a-48ed-84f4-d4248a6f36a7,2025-07-30 01:21:23,Green,Whole Foods,Food & Beverage,923.81,USD,declined,US,False,CH-10107,US,Fuel,473.62,,325ec2e6,2026-05-12 01:21:23,,,True
3bbfb89b-cd05-4c19-a80e-4509097867f1,2025-10-10 01:21:23,Blue Cash,Walmart,Retail,136.07,USD,approved,US,False,CH-10183,US,Entertainment,127.63,,325ec2e6,2026-05-12 01:21:23,,,True
e0d0ff04-ad82-4373-bac5-29a696d82cb7,2026-03-07 01:21:23,Green,Uber,Transportation,181.69,USD,approved,US,False,CH-10042,US,Travel,307.49,,325ec2e6,2026-05-12 01:21:23,,,True
2f17d035-7bb8-436e-a204-bbc583ed7011,2025-08-13 01:21:23,Blue Cash,Starbucks,Food & Beverage,759.67,USD,approved,CA,False,CH-10177,CA,Transportation,436.09,,325ec2e6,2026-05-12 01:21:23,,,True
b12a0ed5-21c1-4780-8e0a-d727cdcaa0f0,2025-10-25 01:21:23,Blue Cash,Whole Foods,Food & Beverage,171.67,USD,approved,GB,False,CH-10192,GB,Retail,210.39,,325ec2e6,2026-05-12 01:21:23,,,True
c1e850b8-32bc-4e3a-a793-ef23c3ddce59,2026-05-08 01:21:23,Platinum,Uber,Transportation,746.13,USD,approved,US,False,CH-10040,US,Healthcare,424.0,,325ec2e6,2026-05-12 01:21:23,,,True
42ea5c7f-522a-465c-81c8-f66c597cda93,2026-01-20 01:21:23,Green,CVS Pharmacy,Healthcare,252.91,USD,approved,CA,False,CH-10181,CA,Healthcare,420.76,,325ec2e6,2026-05-12 01:21:23,,,True
58d4ba4f-9505-434b-a880-ffd781739234,2025-06-19 01:21:23,Platinum,Amazon,Retail,20.26,USD,approved,US,False,CH-10057,US,Entertainment,54.01,,325ec2e6,2026-05-12 01:21:23,,,True
333bb990-5348-43c1-971a-c93db31dfe15,2026-01-05 01:21:23,Gold,Netflix,Entertainment,87.69,USD,approved,GB,False,CH-10069,GB,Fuel,44.28,,325ec2e6,2026-05-12 01:21:23,,,True
b91f34bd-4f98-407d-afdb-58dc2973ac40,2025-05-16 01:21:23,Green,Marriott Hotels,Travel,388.78,USD,approved,US,False,CH-10166,US,Technology,219.57,,325ec2e6,2026-05-12 01:21:23,,,True
ed525657-53f0-4dce-afe8-fbd61617870c,2025-06-26 01:21:23,Green,Delta Airlines,Travel,684.13,USD,pending,CA,False,CH-10156,CA,Retail,418.67,,325ec2e6,2026-05-12 01:21:23,,,True
582cc7b0-4b57-4823-a6e4-f42fb1637d85,2025-08-10 01:21:23,Green,Target,Retail,284.46,USD,pending,US,False,CH-10071,US,Transportation,215.08,,325ec2e6,2026-05-12 01:21:23,,,True
8541d3c3-1f8e-40bf-a091-b9efc47868e8,2026-01-01 01:21:23,Blue Cash,Walmart,Retail,635.43,USD,declined,GB,False,CH-10149,GB,Food & Beverage,364.81,,325ec2e6,2026-05-12 01:21:23,,,True
80cdb30e-71b2-4150-8fb7-a535ccaf2247,2025-07-19 01:21:23,Green,Starbucks,Food & Beverage,615.83,USD,approved,GB,False,CH-10113,GB,Retail,487.44,,325ec2e6,2026-05-12 01:21:23,,,True
5917f628-afd9-42f7-8160-858256522b7e,2025-09-09 01:21:23,Blue Cash,Starbucks,Food & Beverage,86.04,USD,approved,US,False,CH-10114,US,Food & Beverage,435.01,,325ec2e6,2026-05-12 01:21:23,,,True
3542606a-fa49-496d-a030-028bcda3d291,2025-11-07 01:22:34,Blue Cash,Starbucks,Food & Beverage,80.91,USD,declined,US,False,CH-10045,US,Fuel,61.11,VELOCITY,325ec2e6,2026-05-12 01:21:23,,,True
8c071ee7-93e9-434d-b060-f927ed450589,2026-04-06 01:21:23,Platinum,Shell Gas,Fuel,313.67,USD,approved,GB,False,CH-10100,GB,Food & Beverage,364.45,,325ec2e6,2026-05-12 01:21:23,,,True
7faf8e86-9552-497c-abc2-849b76e155e1,2026-05-06 01:21:23,Platinum,Walmart,Retail,51.65,USD,approved,CA,False,CH-10103,CA,Healthcare,41.16,,325ec2e6,2026-05-12 01:21:23,,,True
087718d2-6761-406b-8613-3c2a402bd8c0,2026-03-30 01:21:23,Green,Netflix,Entertainment,147.94,USD,declined,US,False,CH-10188,US,Technology,355.74,,325ec2e6,2026-05-12 01:21:23,,,True
597240b2-6b0e-445f-b8d5-d97768113195,2025-07-19 03:15:23,Platinum,Netflix,Entertainment,154.86,USD,approved,AU,True,CH-10113,GB,Retail,487.44,GEO_IMPOSSIBLE,325ec2e6,2026-05-12 01:21:23,,,True
526bd703-1bce-4399-b34b-c79344849bc9,2026-03-16 01:21:23,Blue Cash,Spotify,Entertainment,55.67,USD,approved,US,False,CH-10057,US,Entertainment,54.01,,325ec2e6,2026-05-12 01:21:23,,,True
b6ede787-b047-454f-9af7-c54b0dee0a89,2026-03-13 01:21:23,Gold,Marriott Hotels,Travel,316.85,USD,approved,CA,False,CH-10072,CA,Food & Beverage,435.03,,325ec2e6,2026-05-12 01:21:23,,,True
cac2b809-1282-4b13-911c-508fcbbf2750,2025-08-14 01:21:23,Platinum,Uber,Transportation,276.17,USD,approved,GB,False,CH-10011,GB,Healthcare,407.42,,325ec2e6,2026-05-12 01:21:23,,,True
2958c36f-89b7-4846-aa15-9b1a1b5d3204,2025-12-17 01:21:23,Green,Shell Gas,Fuel,7313.65,USD,approved,US,False,CH-10170,US,Healthcare,381.67,HIGH_VALUE_OUTLIER,325ec2e6,2026-05-12 01:21:23,,AMOUNT_ANOMALY:z=12.33,True
0aa8e067-8e78-448e-b942-0722729ba973,2026-02-25 01:21:23,Gold,McDonald's,Food & Beverage,377.65,USD,approved,US,False,CH-10067,US,Healthcare,242.06,,325ec2e6,2026-05-12 01:21:23,,,True
0b5e1b62-b2fe-455e-986a-405b1da7934a,2026-03-16 01:21:23,Blue Cash,CVS Pharmacy,Healthcare,504.85,USD,approved,US,False,CH-10114,US,Food & Beverage,435.01,,325ec2e6,2026-05-12 01:21:23,,,True
0642fd6a-c3c8-4f44-80b0-f75bc800460a,2025-10-27 01:21:23,Platinum,Marriott Hotels,Travel,295.53,USD,approved,US,False,CH-10023,US,Food & Beverage,414.47,,325ec2e6,2026-05-12 01:21:23,,,True
79065f68-4828-42ad-8880-e5baf46fd5ba,2025-06-12 01:21:23,Green,Uber,Transportation,693.05,USD,approved,US,False,CH-10105,US,Transportation,375.79,,325ec2e6,2026-05-12 01:21:23,,,True
bb465898-ab1b-4516-957f-1805700cb293,2026-01-15 01:21:23,Blue Cash,Whole Foods,Food & Beverage,89.3,USD,approved,US,False,CH-10137,US,Transportation,112.08,,325ec2e6,2026-05-12 01:21:23,,,True
d2fe4de6-159c-4303-a638-648e58a502a5,2026-01-12 01:21:23,Platinum,McDonald's,Food & Beverage,229.92,USD,approved,US,False,CH-10147,US,Technology,313.41,,325ec2e6,2026-05-12 01:21:23,,,True
3c37d421-b286-475d-847f-d79bbbf09136,2026-03-17 01:21:23,Blue Cash,Whole Foods,Food & Beverage,14.66,USD,pending,US,False,CH-10092,US,Healthcare,83.58,,325ec2e6,2026-05-12 01:21:23,,,True
bc7154e2-fb0e-4051-9737-51dbe638d317,2026-02-28 01:21:23,Platinum,Netflix,Entertainment,381.85,USD,approved,CA,False,CH-10199,CA,Fuel,228.09,,325ec2e6,2026-05-12 01:21:23,,,True
15c031a5-4a0d-4548-9073-afae373d722d,2026-04-14 01:21:23,Platinum,Starbucks,Food & Beverage,8031.63,USD,approved,US,False,CH-10107,US,Fuel,473.62,HIGH_VALUE_OUTLIER,325ec2e6,2026-05-12 01:21:23,,AMOUNT_ANOMALY:z=13.59,True
b1ccaa0a-879b-417a-8786-35acabb6422b,2025-05-18 01:21:23,Blue Cash,Amazon,Retail,66.11,USD,approved,CA,False,CH-10187,CA,Fuel,290.71,,325ec2e6,2026-05-12 01:21:23,,,True
1f1bd97c-8dbc-440a-83a3-17436c2cac00,2025-11-06 01:21:23,Platinum,Netflix,Entertainment,39.63,USD,approved,US,False,CH-10152,US,Retail,125.04,,325ec2e6,2026-05-12 01:21:23,,,True
3be10f44-9c95-4ff3-b755-283797146d04,2025-05-20 01:21:23,Platinum,CVS Pharmacy,Healthcare,316.18,USD,approved,CA,False,CH-10120,CA,Entertainment,166.49,,325ec2e6,2026-05-12 01:21:23,,,True
8fdbac93-280c-47a2-b7a9-3a74e782fca2,2026-02-22 01:21:23,Gold,McDonald's,Food & Beverage,63.19,USD,approved,GB,False,CH-10113,GB,Retail,487.44,,325ec2e6,2026-05-12 01:21:23,,,True
fd377fb3-18fa-4fc1-afd7-b43b1344b6dd,2025-10-08 01:21:23,Platinum,Whole Foods,Food & Beverage,185.09,USD,approved,US,False,CH-10044,US,Healthcare,134.94,,325ec2e6,2026-05-12 01:21:23,,,True
0f414873-2d05-4cc6-8029-605030e46fa9,2025-10-08 01:21:23,Green,Spotify,Entertainment,162.95,USD,approved,US,False,CH-10066,US,Technology,87.29,,325ec2e6,2026-05-12 01:21:23,,,True
5582acbe-c4c8-4257-ba62-4bd196ee3dec,2026-04-14 01:21:23,Platinum,Target,Retail,153.01,USD,approved,GB,False,CH-10096,GB,Travel,340.57,,325ec2e6,2026-05-12 01:21:23,,,True
f8e01cc3-51ec-4e12-bdbe-98d1750b25a5,2025-09-15 01:21:23,Gold,Uber,Transportation,151.77,USD,approved,US,False,CH-10143,US,Fuel,156.22,,325ec2e6,2026-05-12 01:21:23,,,True
d81ddb17-576c-45de-8b05-8425695908b7,2025-06-15 01:21:23,Gold,Target,Retail,399.31,USD,approved,GB,False,CH-10097,GB,Healthcare,467.24,,325ec2e6,2026-05-12 01:21:23,,,True
14432a86-2106-46fc-8471-18f7f6f6c634,2025-07-25 01:21:23,Green,Starbucks,Food & Beverage,109.07,USD,approved,US,False,CH-10008,US,Healthcare,94.63,,325ec2e6,2026-05-12 01:21:23,,,True
c435fee3-1269-4625-bbf7-ec6be611670c,2025-12-05 01:21:23,Green,Amazon,Retail,11.87,USD,approved,GB,False,CH-10011,GB,Healthcare,407.42,,325ec2e6,2026-05-12 01:21:23,,,True
af80a5b8-2606-4231-8fd1-cdc64d2d7e43,2025-10-24 01:21:23,Platinum,Whole Foods,Food & Beverage,382.5,USD,approved,US,False,CH-10101,US,Healthcare,262.6,,325ec2e6,2026-05-12 01:21:23,,,True
64f867af-0563-41d5-b5d4-4b6ff3fa43ad,2025-08-28 01:21:23,Blue Cash,Marriott Hotels,Travel,34.5,USD,declined,US,False,CH-10024,US,Retail,148.52,,325ec2e6,2026-05-12 01:21:23,,,True
091e5e2a-97ae-441a-8371-71eb57a3dc57,2026-04-23 01:21:23,Blue Cash,McDonald's,Food & Beverage,126.46,USD,approved,CA,False,CH-10150,CA,Technology,211.83,,325ec2e6,2026-05-12 01:21:23,,,True
d0bf3252-7e56-404f-8724-a15281f0c6dd,2025-05-29 01:21:23,Platinum,Walmart,Retail,421.53,USD,declined,GB,False,CH-10160,GB,Technology,320.84,,325ec2e6,2026-05-12 01:21:23,,,True
b8955621-8f5d-456c-9a7d-36f00d617ec9,2026-03-06 01:21:23,Green,Whole Foods,Food & Beverage,253.98,USD,approved,CA,False,CH-10128,CA,Entertainment,369.7,,325ec2e6,2026-05-12 01:21:23,,,True
18c36656-50f6-44a3-b511-3c4c5a561057,2025-07-04 01:21:23,Blue Cash,Amazon,Retail,238.69,USD,approved,US,False,CH-10110,US,Healthcare,195.03,,325ec2e6,2026-05-12 01:21:23,,,True
f9219925-ad34-4659-b4c2-8de6b7c08525,2025-12-05 01:21:23,Gold,Walmart,Retail,81.09,USD,approved,US,False,CH-10127,US,Travel,72.03,,325ec2e6,2026-05-12 01:21:23,,,True
f52c139c-9981-4641-a2ed-2ac09edf7770,2026-02-15 01:21:23,Gold,Best Buy,Technology,651.58,USD,approved,US,False,CH-10022,US,Food & Beverage,348.61,,325ec2e6,2026-05-12 01:21:23,,,True
52135c00-750d-4bc0-879b-261165ed50e1,2025-05-14 01:21:23,Gold,Marriott Hotels,Travel,683.61,USD,approved,US,False,CH-10093,US,Fuel,442.05,,325ec2e6,2026-05-12 01:21:23,,,True
410e300d-5bff-45ef-8d5e-e37442c6fc0e,2026-03-02 01:21:23,Blue Cash,McDonald's,Food & Beverage,262.24,USD,approved,US,False,CH-10065,US,Fuel,139.36,,325ec2e6,2026-05-12 01:21:23,,,True
cd76d97e-30a1-42ed-8b3e-5dae1d6fc64b,2025-06-29 01:21:23,Green,Netflix,Entertainment,811.26,USD,approved,US,False,CH-10093,US,Fuel,442.05,,325ec2e6,2026-05-12 01:21:23,,,True
56107c08-96ac-41a0-a5ce-90c5de538d35,2025-10-13 01:21:23,Green,Marriott Hotels,Travel,394.67,USD,approved,US,False,CH-10159,US,Healthcare,387.59,,325ec2e6,2026-05-12 01:21:23,,,True
acabfd04-ee6f-4bbc-bdca-f16ba39c7179,2026-01-07 01:21:23,Gold,Amazon,Retail,594.11,USD,approved,CA,False,CH-10174,CA,Transportation,423.44,,325ec2e6,2026-05-12 01:21:23,,,True
01e84f6f-1c4d-4a65-8c8b-4f8db915d489,2025-10-20 01:21:23,Blue Cash,Delta Airlines,Travel,760.04,USD,approved,CA,False,CH-10026,CA,Retail,444.65,,325ec2e6,2026-05-12 01:21:23,,,True
68882773-3008-4eee-910a-6abeda33288c,2025-06-18 01:21:23,Green,Walmart,Retail,274.54,USD,approved,CA,False,CH-10171,CA,Food & Beverage,254.35,,325ec2e6,2026-05-12 01:21:23,,,True
8bf02435-973b-420c-8296-6c6b5a62017f,2025-10-21 01:21:23,Gold,CVS Pharmacy,Healthcare,753.14,USD,declined,CA,False,CH-10046,CA,Fuel,489.43,,325ec2e6,2026-05-12 01:21:23,,,True
0b746de5-8cea-48ca-80a2-8b4e394c3949,2025-09-11 01:21:23,Blue Cash,Marriott Hotels,Travel,102.44,USD,approved,GB,False,CH-10081,GB,Fuel,428.64,,325ec2e6,2026-05-12 01:21:23,,,True
5be5b10e-9e7e-46ef-80dc-d6dcd5be4590,2026-04-26 01:21:23,Platinum,Target,Retail,328.99,USD,approved,CA,False,CH-10120,CA,Entertainment,166.49,,325ec2e6,2026-05-12 01:21:23,,,True
72839353-4d12-4843-b0b6-1cd09da5d195,2026-01-23 01:21:23,Blue Cash,McDonald's,Food & Beverage,13.77,USD,pending,US,False,CH-10092,US,Healthcare,83.58,,325ec2e6,2026-05-12 01:21:23,,,True
7a09af3d-2f37-4205-9565-918cfbe8e8d3,2026-02-28 02:16:23,Green,Apple Store,Technology,80.7,USD,approved,AU,True,CH-10175,US,Travel,455.33,GEO_IMPOSSIBLE,325ec2e6,2026-05-12 01:21:23,,,True
e240e078-0301-4053-ae63-7f63deeff65e,2025-06-04 01:21:23,Blue Cash,Best Buy,Technology,678.43,USD,approved,CA,False,CH-10182,CA,Travel,379.53,,325ec2e6,2026-05-12 01:21:23,,,True
6a3b4a03-7728-4f40-a411-6b87c24b8a88,2025-11-15 01:21:23,Green,Marriott Hotels,Travel,426.61,USD,approved,GB,False,CH-10109,GB,Transportation,226.3,,325ec2e6,2026-05-12 01:21:23,,,True
fd85f553-73a0-4a20-9f10-8af189e5f436,2025-05-23 01:21:23,Blue Cash,CVS Pharmacy,Healthcare,108.64,USD,approved,GB,False,CH-10041,GB,Food & Beverage,93.36,,325ec2e6,2026-05-12 01:21:23,,,True
a0837d33-9c61-4df3-bf88-820428bb393c,2025-07-20 01:21:23,Gold,Starbucks,Food & Beverage,156.1,USD,approved,US,False,CH-10152,US,Retail,125.04,,325ec2e6,2026-05-12 01:21:23,,,True
d654c539-0005-4112-91fd-c6d51284e37b,2025-09-20 01:21:23,Green,CVS Pharmacy,Healthcare,543.26,USD,approved,CA,False,CH-10187,CA,Fuel,290.71,,325ec2e6,2026-05-12 01:21:23,,,True
823a426b-8eea-4441-951e-464692a40f4b,2026-05-11 01:21:23,Green,Apple Store,Technology,500.32,USD,approved,US,False,CH-10172,US,Retail,253.11,,325ec2e6,2026-05-12 01:21:23,,,True
746691b3-9ffa-415f-9805-5d538dbcec02,2026-02-05 01:21:23,Gold,Best Buy,Technology,129.31,USD,approved,US,False,CH-10162,US,Food & Beverage,150.42,,325ec2e6,2026-05-12 01:21:23,,,True
0aac5f59-17e9-4ecb-b216-eed6266fa216,2025-06-14 01:21:23,Gold,Netflix,Entertainment,738.7,USD,approved,CA,False,CH-10128,CA,Entertainment,369.7,,325ec2e6,2026-05-12 01:21:23,,,True
75c30a74-d3ca-477d-a021-855d2f76172b,2026-02-11 01:21:23,Green,Apple Store,Technology,292.18,USD,approved,CA,False,CH-10138,CA,Transportation,315.45,,325ec2e6,2026-05-12 01:21:23,,,True
b1e134ff-c51f-48c1-818f-a5995e5448c0,2025-06-09 01:21:23,Blue Cash,Whole Foods,Food & Beverage,130.13,USD,approved,GB,False,CH-10041,GB,Food & Beverage,93.36,,325ec2e6,2026-05-12 01:21:23,,,True
57f5369f-8b03-4b89-a8e0-16f6daa96603,2026-05-09 01:23:38,Gold,Spotify,Entertainment,30.44,USD,pending,CA,False,CH-10158,CA,Technology,144.41,VELOCITY,325ec2e6,2026-05-12 01:21:23,,,True
5ca950b1-003a-4abe-9c14-7a1fce923ee7,2025-12-05 01:23:07,Gold,McDonald's,Food & Beverage,543.65,USD,approved,US,False,CH-10191,US,Travel,465.87,VELOCITY,325ec2e6,2026-05-12 01:21:23,,,True
b0ca6f6f-04ee-4e54-937c-6276c61872b0,2026-03-15 01:21:23,Blue Cash,Starbucks,Food & Beverage,122.32,USD,approved,GB,False,CH-10054,GB,Food & Beverage,302.45,,325ec2e6,2026-05-12 01:21:23,,,True
e04b69dc-2a79-4aa3-b5c3-8e5f18ba5ad3,2025-11-02 01:21:23,Blue Cash,Apple Store,Technology,687.29,USD,approved,US,False,CH-10118,US,Retail,438.64,,325ec2e6,2026-05-12 01:21:23,,,True
1c23e3dd-c9b6-4182-afc8-f760f06435cf,2025-07-24 01:21:23,Green,Netflix,Entertainment,535.29,USD,approved,CA,False,CH-10132,CA,Travel,269.56,,325ec2e6,2026-05-12 01:21:23,,,True
98d5af86-bcb4-4c65-80f9-035dbb6acb66,2025-07-21 01:21:23,Blue Cash,Uber,Transportation,417.28,USD,approved,GB,False,CH-10049,GB,Retail,482.89,,325ec2e6,2026-05-12 01:21:23,,,True
6d6b85ae-ab39-4897-9f92-d5b9209c2352,2025-08-21 01:21:23,Blue Cash,Target,Retail,46.83,USD,declined,GB,False,CH-10186,GB,Transportation,134.5,,325ec2e6,2026-05-12 01:21:23,,,True
e92a9bb2-3bba-456d-96a4-728e4f23ab2a,2025-10-24 01:21:23,Gold,Whole Foods,Food & Beverage,517.19,USD,approved,US,False,CH-10032,US,Retail,306.28,,325ec2e6,2026-05-12 01:21:23,,,True
5d3e6753-946e-44d5-a646-fd38f5a06199,2025-06-22 01:21:23,Platinum,Amazon,Retail,591.97,USD,pending,GB,False,CH-10097,GB,Healthcare,467.24,,325ec2e6,2026-05-12 01:21:23,,,True
3886af7c-36c5-4357-8716-0169b619608c,2026-01-07 01:21:23,Platinum,Delta Airlines,Travel,77.42,USD,approved,US,False,CH-10056,US,Food & Beverage,52.35,,325ec2e6,2026-05-12 01:21:23,,,True
9097afa6-e739-4cc9-b602-7092bc0e9374,2026-02-28 01:21:23,Gold,Shell Gas,Fuel,111.4,USD,approved,US,False,CH-10066,US,Technology,87.29,,325ec2e6,2026-05-12 01:21:23,,,True
582a6ead-f9db-42e0-b231-195d9cf67b1f,2026-03-11 01:21:23,Blue Cash,Walmart,Retail,99.69,USD,declined,CA,False,CH-10026,CA,Retail,444.65,,325ec2e6,2026-05-12 01:21:23,,,True
b1a0f20a-8579-46ab-a52a-58f9d2810db1,2025-06-22 01:21:23,Blue Cash,Apple Store,Technology,827.61,USD,declined,US,False,CH-10175,US,Travel,455.33,,325ec2e6,2026-05-12 01:21:23,,,True
d7abd09f-6859-43fc-901c-8a854bcc08c8,2025-05-23 01:23:20,Platinum,Spotify,Entertainment,370.13,USD,approved,US,False,CH-10002,US,Fuel,303.44,VELOCITY,325ec2e6,2026-05-12 01:21:23,,,True
f0a66f4d-5427-4f8d-80eb-39c89c7dd4e2,2026-03-03 01:21:23,Platinum,Walmart,Retail,198.19,USD,approved,US,False,CH-10093,US,Fuel,442.05,,325ec2e6,2026-05-12 01:21:23,,,True
683b9cd7-eb2c-441e-b2b9-589e129f4849,2026-03-26 01:21:23,Blue Cash,Delta Airlines,Travel,287.57,USD,approved,US,False,CH-10068,US,Technology,407.85,,325ec2e6,2026-05-12 01:21:23,,,True
bd31bec7-bc54-401a-9627-5c273b72e45d,2025-10-20 01:21:23,Blue Cash,McDonald's,Food & Beverage,891.5,USD,approved,US,False,CH-10190,US,Transportation,483.07,,325ec2e6,2026-05-12 01:21:23,,,True
a2f49233-42a8-4990-9679-a962d79af2d0,2025-07-16 01:21:23,Blue Cash,Delta Airlines,Travel,82.98,USD,approved,US,False,CH-10183,US,Entertainment,127.63,,325ec2e6,2026-05-12 01:21:23,,,True
74848ee7-012a-4352-bef0-af86b244dce4,2025-12-24 01:21:23,Blue Cash,Apple Store,Technology,565.79,USD,approved,GB,False,CH-10124,GB,Retail,346.17,,325ec2e6,2026-05-12 01:21:23,,,True
17716e9b-1e6e-42c8-a0c5-d955c8575a14,2025-06-23 01:21:23,Green,Starbucks,Food & Beverage,371.73,USD,approved,GB,False,CH-10109,GB,Transportation,226.3,,325ec2e6,2026-05-12 01:21:23,,,True
be36b8c2-8720-4a5e-abac-a7e36839c48a,2025-06-16 01:21:23,Blue Cash,Delta Airlines,Travel,389.7,USD,approved,GB,False,CH-10130,GB,Fuel,204.89,,325ec2e6,2026-05-12 01:21:23,,,True
9bd913ed-32d2-47b2-b88f-2f81790a82dc,2026-02-06 01:21:23,Green,Netflix,Entertainment,141.84,USD,approved,CA,False,CH-10029,CA,Retail,193.76,CATEGORY_MISMATCH,325ec2e6,2026-05-12 01:21:23,,,True
e8e4b9ad-0773-44a4-a654-24604f7f7c24,2025-11-30 01:21:23,Green,McDonald's,Food & Beverage,223.02,USD,approved,US,False,CH-10037,US,Fuel,160.88,,325ec2e6,2026-05-12 01:21:23,,,True
e7bc5f5c-72c1-4b8a-8513-0183e6dde5bf,2025-07-29 01:21:23,Green,McDonald's,Food & Beverage,21.6,USD,declined,US,False,CH-10145,US,Healthcare,127.83,,325ec2e6,2026-05-12 01:21:23,,,True
6dc63c51-2225-437d-b200-43e800931a0c,2025-06-03 01:21:23,Green,Walmart,Retail,58.46,USD,approved,US,False,CH-10055,US,Fuel,359.76,,325ec2e6,2026-05-12 01:21:23,,,True
90e447ec-6c7e-4386-b8be-5a0584a93bef,2026-01-31 01:21:23,Green,Apple Store,Technology,123.95,USD,approved,US,False,CH-10193,US,Fuel,304.21,,325ec2e6,2026-05-12 01:21:23,,,True
7c2a2aaa-3117-4023-be4f-674f70f01207,2026-02-14 01:21:23,Gold,Apple Store,Technology,585.52,USD,approved,GB,False,CH-10070,GB,Travel,485.12,,325ec2e6,2026-05-12 01:21:23,,,True
a89169c7-9f62-496c-9780-062188d73bb6,2025-07-22 01:21:23,Gold,Delta Airlines,Travel,248.65,USD,approved,GB,False,CH-10005,GB,Retail,125.81,,325ec2e6,2026-05-12 01:21:23,,,True
a2f27070-7d7e-4cbe-88f8-61aa37b535b1,2026-05-04 01:21:23,Gold,Netflix,Entertainment,10.37,USD,approved,CA,False,CH-10103,CA,Healthcare,41.16,CATEGORY_MISMATCH,325ec2e6,2026-05-12 01:21:23,,,True
1f68bd8f-7eb5-450e-b194-3147fc1eb5b8,2025-10-20 01:21:23,Green,Delta Airlines,Travel,81.97,USD,approved,US,False,CH-10077,US,Food & Beverage,484.98,,325ec2e6,2026-05-12 01:21:23,,,True
09327a5e-c32f-4ab3-870f-3ae22cd735be,2025-09-22 01:21:23,Green,Apple Store,Technology,483.14,USD,approved,CA,False,CH-10012,CA,Fuel,487.1,,325ec2e6,2026-05-12 01:21:23,,,True
8ee7f755-60e2-4c44-9e89-fbdab1cd07cf,2026-04-18 01:21:23,Gold,Uber,Transportation,518.61,USD,approved,GB,False,CH-10095,GB,Healthcare,313.61,,325ec2e6,2026-05-12 01:21:23,,,True
acba84c2-f653-4403-aa2e-a2b66d8dd587,2026-03-28 01:21:23,Blue Cash,CVS Pharmacy,Healthcare,27.1,USD,approved,GB,False,CH-10176,GB,Travel,60.29,,325ec2e6,2026-05-12 01:21:23,,,True
fcb2bb69-9cb5-4ef6-83be-599585c9eba1,2026-04-20 01:21:23,Gold,Amazon,Retail,29.28,USD,approved,US,False,CH-10137,US,Transportation,112.08,,325ec2e6,2026-05-12 01:21:23,,,True
ff7c5341-cad0-46d9-81ea-79aa14d49393,2026-02-14 01:21:23,Blue Cash,CVS Pharmacy,Healthcare,551.37,USD,approved,GB,False,CH-10084,GB,Food & Beverage,297.88,,325ec2e6,2026-05-12 01:21:23,,,True
fe1efa2a-edbb-4cfe-b6ac-93c179cb887d,2025-10-13 01:21:23,Platinum,Netflix,Entertainment,547.83,USD,approved,GB,False,CH-10081,GB,Fuel,428.64,,325ec2e6,2026-05-12 01:21:23,,,True
4902ed1a-3601-4f20-a08d-9f99c2554001,2025-12-20 01:21:23,Blue Cash,Uber,Transportation,75.11,USD,approved,CA,False,CH-10061,CA,Retail,111.4,,325ec2e6,2026-05-12 01:21:23,,,True
561a7e00-eab5-4a04-beda-ef981926235b,2025-11-13 01:21:23,Green,McDonald's,Food & Beverage,272.6,USD,approved,US,False,CH-10067,US,Healthcare,242.06,,325ec2e6,2026-05-12 01:21:23,,,True
f11681e9-d90f-45e9-9265-61a5cd877da1,2026-03-30 02:33:23,Platinum,Netflix,Entertainment,691.54,USD,approved,GB,True,CH-10188,US,Technology,355.74,GEO_IMPOSSIBLE,325ec2e6,2026-05-12 01:21:23,,,True
5e8abc57-6a65-4395-b681-8ceef39d9d8e,2026-01-26 01:21:23,Blue Cash,Starbucks,Food & Beverage,240.15,USD,approved,US,False,CH-10098,US,Transportation,146.94,,325ec2e6,2026-05-12 01:21:23,,,True
af45a341-b27d-44ec-a335-7c9a151bf251,2025-06-11 01:21:23,Green,McDonald's,Food & Beverage,18.8,USD,approved,GB,False,CH-10080,GB,Transportation,47.3,,325ec2e6,2026-05-12 01:21:23,,,True
36aae283-f21f-4837-89ea-6714b8e80493,2025-09-23 01:21:23,Green,Spotify,Entertainment,91.53,USD,approved,US,False,CH-10056,US,Food & Beverage,52.35,,325ec2e6,2026-05-12 01:21:23,,,True
bbe574cc-e1e6-43db-9c64-71d9ca0394cb,2025-05-26 01:21:23,Green,Walmart,Retail,93.9,USD,approved,CA,False,CH-10048,CA,Transportation,147.23,,325ec2e6,2026-05-12 01:21:23,,,True
44fc6238-1ec6-425e-b763-905546b9467d,2026-01-09 01:21:23,Gold,Best Buy,Technology,10.25,USD,approved,US,False,CH-10037,US,Fuel,160.88,,325ec2e6,2026-05-12 01:21:23,,,True
464d28e0-44c8-49b2-a0b3-709bff533b20,2026-03-13 01:21:23,Blue Cash,Best Buy,Technology,58.5,USD,approved,US,False,CH-10121,US,Food & Beverage,31.36,CATEGORY_MISMATCH,325ec2e6,2026-05-12 01:21:23,,,True
f5eb5432-1b2b-4b4f-94bc-a54aee82f494,2025-08-14 01:21:23,Platinum,Apple Store,Technology,180.83,USD,approved,CA,False,CH-10048,CA,Transportation,147.23,,325ec2e6,2026-05-12 01:21:23,,,True
ab2cf57a-a586-4746-952f-772c608a0daf,2026-01-20 01:21:23,Platinum,Shell Gas,Fuel,116.64,USD,pending,CA,False,CH-10012,CA,Fuel,487.1,,325ec2e6,2026-05-12 01:21:23,,,True
85f7f348-bb0c-45d2-bda0-4487da6ed22c,2025-06-29 01:21:23,Gold,Walmart,Retail,157.35,USD,approved,CA,False,CH-10061,CA,Retail,111.4,,325ec2e6,2026-05-12 01:21:23,,,True
d1d37d9d-eef4-45b5-beb5-87ceb2177834,2026-02-14 01:21:23,Green,CVS Pharmacy,Healthcare,83.34,USD,approved,US,False,CH-10056,US,Food & Beverage,52.35,,325ec2e6,2026-05-12 01:21:23,,,True
bbb644d8-5742-4d8f-8355-dcd60218ff86,2025-08-28 01:21:23,Gold,Delta Airlines,Travel,227.49,USD,approved,US,False,CH-10152,US,Retail,125.04,,325ec2e6,2026-05-12 01:21:23,,,True
3a9f3a2a-5cb0-4632-8fe0-353af58ce922,2026-04-07 01:21:23,Platinum,Starbucks,Food & Beverage,24.26,USD,approved,GB,False,CH-10176,GB,Travel,60.29,,325ec2e6,2026-05-12 01:21:23,,,True
dfbfe114-4962-4e35-b747-6be0b7f6f425,2026-05-02 01:21:23,Blue Cash,Shell Gas,Fuel,27.18,USD,approved,US,False,CH-10003,US,Travel,64.97,,325ec2e6,2026-05-12 01:21:23,,,True
51c0b9fe-6ce7-462f-b297-af7a49130019,2025-09-12 01:21:23,Gold,McDonald's,Food & Beverage,399.87,USD,approved,CA,False,CH-10173,CA,Entertainment,341.06,,325ec2e6,2026-05-12 01:21:23,,,True
93ac83ba-7038-411e-8350-d74d2a896b21,2025-12-15 01:21:23,Gold,Amazon,Retail,633.3,USD,approved,US,False,CH-10028,US,Healthcare,378.57,,325ec2e6,2026-05-12 01:21:23,,,True
5fe7005a-477d-4143-a510-84a30c186c41,2025-11-22 01:21:23,Gold,McDonald's,Food & Beverage,148.37,USD,approved,US,False,CH-10037,US,Fuel,160.88,,325ec2e6,2026-05-12 01:21:23,,,True
68e085b7-6595-4092-9389-5f3e2f950123,2025-09-20 01:21:23,Blue Cash,Shell Gas,Fuel,8.71,USD,approved,US,False,CH-10065,US,Fuel,139.36,,325ec2e6,2026-05-12 01:21:23,,,True
1011e6d2-845e-40de-94c6-de9176806716,2025-05-26 01:21:23,Blue Cash,McDonald's,Food & Beverage,282.38,USD,approved,CA,False,CH-10132,CA,Travel,269.56,,325ec2e6,2026-05-12 01:21:23,,,True
bdfd0de4-8a73-4ff8-b548-d36403f88c1b,2025-06-12 01:24:20,Platinum,Netflix,Entertainment,271.67,USD,approved,US,False,CH-10105,US,Transportation,375.79,VELOCITY,325ec2e6,2026-05-12 01:21:23,,,True
6d89611e-ebde-4094-8eb6-5cb109c3d7f8,2026-02-02 01:21:23,Platinum,Marriott Hotels,Travel,359.51,USD,approved,US,False,CH-10110,US,Healthcare,195.03,,325ec2e6,2026-05-12 01:21:23,,,True
210b5b1c-f3fc-4af9-b307-843c7e68ff91,2025-08-16 01:21:23,Blue Cash,Spotify,Entertainment,173.87,USD,pending,GB,False,CH-10070,GB,Travel,485.12,,325ec2e6,2026-05-12 01:21:23,,,True
27bad25c-8687-4058-8e22-b8fb5df60593,2026-02-14 02:49:23,Blue Cash,Apple Store,Technology,187.74,USD,declined,CN,True,CH-10084,GB,Food & Beverage,297.88,GEO_IMPOSSIBLE,325ec2e6,2026-05-12 01:21:23,,,True
5e5673c7-88f1-4988-9eb7-306e4e0e7c3e,2025-11-16 01:21:23,Blue Cash,Apple Store,Technology,57.41,USD,approved,US,False,CH-10031,US,Fuel,93.36,,325ec2e6,2026-05-12 01:21:23,,,True
3d55448f-d79c-4f90-ad71-e92aa2f75cc6,2025-08-18 01:21:23,Blue Cash,Target,Retail,880.47,USD,approved,US,False,CH-10175,US,Travel,455.33,,325ec2e6,2026-05-12 01:21:23,,,True
5ff4939c-4536-4eb1-81cc-c47959a401f6,2025-10-20 02:21:23,Green,Best Buy,Technology,20.05,USD,approved,FR,True,CH-10077,US,Food & Beverage,484.98,GEO_IMPOSSIBLE,325ec2e6,2026-05-12 01:21:23,,,True
689f5498-8e44-4fb4-8ede-444ce99a4c7a,2026-05-12 01:21:23,Blue Cash,Amazon,Retail,42.58,USD,approved,GB,False,CH-10078,GB,Travel,379.03,,325ec2e6,2026-05-12 01:21:23,,,True
444752bc-ce07-43f0-870e-405b4a7e89e7,2025-05-12 01:21:23,Platinum,Shell Gas,Fuel,203.78,USD,pending,CA,False,CH-10128,CA,Entertainment,369.7,,325ec2e6,2026-05-12 01:21:23,,,True
48a59bb7-18f9-4d4f-847a-426d00b1a644,2026-04-26 01:21:23,Gold,Spotify,Entertainment,347.87,USD,approved,GB,False,CH-10149,GB,Food & Beverage,364.81,,325ec2e6,2026-05-12 01:21:23,,,True
0d7698b6-8a1a-49af-87c2-655c9e274626,2026-03-23 01:21:23,Blue Cash,Apple Store,Technology,154.89,USD,approved,US,False,CH-10163,US,Fuel,86.42,,325ec2e6,2026-05-12 01:21:23,,,True
b8fc61d0-a701-47b4-98fd-794c03393cdc,2025-11-28 01:21:23,Blue Cash,Uber,Transportation,218.06,USD,approved,US,False,CH-10044,US,Healthcare,134.94,,325ec2e6,2026-05-12 01:21:23,,,True
3b9ec119-6f41-4708-b675-8dd508ce9dda,2025-12-09 01:21:23,Blue Cash,Target,Retail,33.42,USD,approved,US,False,CH-10064,US,Fuel,49.09,,325ec2e6,2026-05-12 01:21:23,,,True
08c8da63-b1ae-49ca-8c67-083152fac0d4,2025-10-01 01:21:23,Platinum,Whole Foods,Food & Beverage,88.78,USD,approved,US,False,CH-10118,US,Retail,438.64,,325ec2e6,2026-05-12 01:21:23,,,True
3be1d201-6fb8-4306-9262-869046484542,2025-10-06 01:21:23,Green,Spotify,Entertainment,347.64,USD,approved,CA,False,CH-10128,CA,Entertainment,369.7,,325ec2e6,2026-05-12 01:21:23,,,True
80fa8458-32af-45ce-a05a-1ee2c9ddd700,2026-03-02 01:21:23,Blue Cash,Amazon,Retail,194.14,USD,approved,US,False,CH-10143,US,Fuel,156.22,,325ec2e6,2026-05-12 01:21:23,,,True
412088bb-be17-4c35-a546-bf01eb1f6560,2025-09-05 02:22:23,Platinum,Marriott Hotels,Travel,250.38,USD,approved,RU,True,CH-10131,GB,Food & Beverage,142.27,GEO_IMPOSSIBLE,325ec2e6,2026-05-12 01:21:23,,,True
a97b8c8d-1648-4100-95fb-803c530ebd17,2026-03-30 01:21:23,Blue Cash,Best Buy,Technology,14.24,USD,approved,US,False,CH-10001,US,Food & Beverage,86.98,,325ec2e6,2026-05-12 01:21:23,,,True
d72eee08-3f4f-4d41-8216-9f6cfa6911d5,2025-07-27 01:21:23,Gold,Uber,Transportation,215.62,USD,approved,US,False,CH-10085,US,Fuel,221.23,,325ec2e6,2026-05-12 01:21:23,,,True
31eca74f-2cc5-4dfb-aa04-05fb3c871694,2025-08-21 01:21:23,Gold,Uber,Transportation,93.89,USD,approved,US,False,CH-10189,US,Transportation,310.83,,325ec2e6,2026-05-12 01:21:23,,,True
f0b7be02-2fbc-48f5-8bed-e4447c67faa2,2025-12-04 01:21:23,Platinum,Spotify,Entertainment,79.09,USD,approved,US,False,CH-10057,US,Entertainment,54.01,,325ec2e6,2026-05-12 01:21:23,,,True
0e350fe5-5889-4b87-aa52-9846eba88d4c,2026-05-12 01:21:23,Platinum,CVS Pharmacy,Healthcare,122.85,USD,approved,US,False,CH-10159,US,Healthcare,387.59,,325ec2e6,2026-05-12 01:21:23,,,True
f3ee9d34-ab6a-41c6-b64f-3c2a6f94a278,2025-09-03 02:44:23,Gold,Starbucks,Food & Beverage,388.58,USD,approved,GB,True,CH-10063,CA,Technology,434.64,GEO_IMPOSSIBLE,325ec2e6,2026-05-12 01:21:23,,,True
2ab692fd-465c-438d-9770-b96c1ced66b0,2025-08-06 01:21:23,Platinum,Netflix,Entertainment,46.19,USD,approved,GB,False,CH-10047,GB,Transportation,81.63,,325ec2e6,2026-05-12 01:21:23,,,True
b803b258-b1e6-4d0b-942a-45c3205915c9,2025-06-21 01:21:23,Gold,Uber,Transportation,23.57,USD,approved,GB,False,CH-10168,GB,Travel,431.23,,325ec2e6,2026-05-12 01:21:23,,,True
479326ae-507d-4298-9e4e-6071d1d304f9,2025-12-15 01:21:23,Platinum,Target,Retail,1769.83,USD,approved,CA,False,CH-10061,CA,Retail,111.4,HIGH_VALUE_OUTLIER,325ec2e6,2026-05-12 01:21:23,,,True
c69a9ff3-9a1f-41c3-bb3f-559135632e81,2026-03-19 01:21:23,Blue Cash,Apple Store,Technology,452.83,USD,approved,GB,False,CH-10070,GB,Travel,485.12,,325ec2e6,2026-05-12 01:21:23,,,True
35580425-4b72-4a4e-841b-73d436896f47,2026-03-13 01:23:46,Gold,Best Buy,Technology,507.2,USD,approved,CA,False,CH-10072,CA,Food & Beverage,435.03,VELOCITY,325ec2e6,2026-05-12 01:21:23,,,True
84c776d6-92ca-4da8-b9a9-bc8f88c3eebd,2026-02-20 01:21:23,Green,Best Buy,Technology,305.74,USD,approved,US,False,CH-10185,US,Food & Beverage,422.83,,325ec2e6,2026-05-12 01:21:23,,,True
b7a98532-42e4-462f-88c5-272a4c85efff,2026-02-12 01:21:23,Blue Cash,Spotify,Entertainment,227.05,USD,approved,US,False,CH-10089,US,Technology,171.77,,325ec2e6,2026-05-12 01:21:23,,,True
f8ee8813-e5df-48a9-819f-2c875685dd48,2025-06-09 01:21:23,Platinum,Best Buy,Technology,287.43,USD,approved,GB,False,CH-10086,GB,Entertainment,468.66,,325ec2e6,2026-05-12 01:21:23,,,True
e652f9be-d13c-4b67-86c3-4824ad2a415f,2025-07-06 01:21:23,Blue Cash,Best Buy,Technology,290.51,USD,pending,US,False,CH-10165,US,Fuel,219.14,,325ec2e6,2026-05-12 01:21:23,,,True
a749d756-8dfa-48cd-9b01-263bfd76793c,2025-11-28 01:21:23,Green,Shell Gas,Fuel,505.87,USD,approved,US,False,CH-10198,US,Travel,427.8,,325ec2e6,2026-05-12 01:21:23,,,True
65fc4e81-596d-4ebd-9852-588ca95f63f0,2026-02-20 01:21:23,Gold,Walmart,Retail,22.92,USD,approved,CA,False,CH-10103,CA,Healthcare,41.16,,325ec2e6,2026-05-12 01:21:23,,,True
fd85e678-e81a-4cca-ad68-fcccca14b59e,2026-01-11 01:21:23,Green,Best Buy,Technology,76.39,USD,approved,CA,False,CH-10173,CA,Entertainment,341.06,,325ec2e6,2026-05-12 01:21:23,,,True
b87b84c7-896e-4177-9331-0954b9bf4bc7,2026-04-11 01:21:23,Blue Cash,McDonald's,Food & Beverage,2713.76,USD,declined,US,False,CH-10098,US,Transportation,146.94,HIGH_VALUE_OUTLIER,325ec2e6,2026-05-12 01:21:23,,AMOUNT_ANOMALY:z=4.22,True
a6cabb2c-1db9-421d-afdb-84d949f47865,2025-11-29 01:21:23,Gold,Marriott Hotels,Travel,91.06,USD,declined,US,False,CH-10195,US,Fuel,402.19,,325ec2e6,2026-05-12 01:21:23,,,True
f6675474-8ce3-4894-8a79-d86b2b32b06e,2025-09-03 01:21:23,Platinum,Uber,Transportation,78.43,USD,approved,US,False,CH-10163,US,Fuel,86.42,,325ec2e6,2026-05-12 01:21:23,,,True
d0bd9f48-01ab-474f-9d5e-322f006ec42a,2026-04-30 01:21:23,Platinum,Apple Store,Technology,119.33,USD,approved,GB,False,CH-10041,GB,Food & Beverage,93.36,,325ec2e6,2026-05-12 01:21:23,,,True
bffeb4a3-8e5d-4e7f-9f93-0b9cff764ce8,2025-10-16 01:21:23,Gold,Spotify,Entertainment,396.81,USD,approved,US,False,CH-10035,US,Fuel,347.22,,325ec2e6,2026-05-12 01:21:23,,,True
997eae08-b997-46ef-9a0a-431473924df6,2026-01-26 01:21:23,Blue Cash,CVS Pharmacy,Healthcare,485.19,USD,approved,CA,False,CH-10174,CA,Transportation,423.44,,325ec2e6,2026-05-12 01:21:23,,,True
4adc0403-0cfe-424b-a831-498d93740db7,2025-09-30 01:21:23,Platinum,Spotify,Entertainment,126.34,USD,approved,CA,False,CH-10158,CA,Technology,144.41,,325ec2e6,2026-05-12 01:21:23,,,True
dd447b2f-cd25-41c1-83f6-0ad42b02f163,2025-08-30 01:21:23,Green,Target,Retail,131.3,USD,approved,US,False,CH-10020,US,Transportation,276.39,,325ec2e6,2026-05-12 01:21:23,,,True
9cadc970-01c8-4351-b3b1-fb380c457811,2026-01-04 01:21:23,Green,Netflix,Entertainment,45.22,USD,declined,US,False,CH-10057,US,Entertainment,54.01,,325ec2e6,2026-05-12 01:21:23,,,True
69f65d42-2d4b-4432-982d-6994849fba79,2026-01-09 01:21:23,Gold,Delta Airlines,Travel,724.25,USD,approved,US,False,CH-10040,US,Healthcare,424.0,,325ec2e6,2026-05-12 01:21:23,,,True
6dd0bce5-edac-46c9-9134-3e98e2ee6f45,2026-03-17 01:21:23,Gold,Uber,Transportation,77.03,USD,approved,US,False,CH-10102,US,Travel,64.3,,325ec2e6,2026-05-12 01:21:23,,,True
e10ca486-b7c8-400e-a454-91f8f72cfcd9,2025-12-30 01:21:23,Gold,Amazon,Retail,86.99,USD,approved,US,False,CH-10167,US,Retail,206.95,,325ec2e6,2026-05-12 01:21:23,,,True
503c4c3d-bfe3-43dd-9e50-55e4128965c0,2025-12-14 02:15:23,Green,Whole Foods,Food & Beverage,142.91,USD,declined,RU,True,CH-10052,GB,Technology,78.08,GEO_IMPOSSIBLE,325ec2e6,2026-05-12 01:21:23,,,True
57e2ab45-2dc5-4a54-a85d-f9df5863bdc6,2026-04-06 01:21:23,Gold,Spotify,Entertainment,123.41,USD,approved,GB,False,CH-10144,GB,Entertainment,64.83,,325ec2e6,2026-05-12 01:21:23,,,True
8265d039-1f03-4f73-b8b0-e34f38080631,2025-12-25 01:21:23,Blue Cash,Spotify,Entertainment,4136.4,USD,declined,US,False,CH-10020,US,Transportation,276.39,HIGH_VALUE_OUTLIER,325ec2e6,2026-05-12 01:21:23,,AMOUNT_ANOMALY:z=6.73,True
9238782d-9a05-49ea-8294-e84bdf8bd440,2026-02-12 03:14:23,Blue Cash,Apple Store,Technology,12.26,USD,approved,DE,True,CH-10089,US,Technology,171.77,GEO_IMPOSSIBLE,325ec2e6,2026-05-12 01:21:23,,,True
5ef41942-0971-47ba-913a-c2c044abcc28,2026-04-16 01:21:23,Gold,Shell Gas,Fuel,364.83,USD,approved,GB,False,CH-10097,GB,Healthcare,467.24,,325ec2e6,2026-05-12 01:21:23,,,True
edbcb516-3b8d-4c47-8622-252db540cbb9,2026-03-13 01:21:23,Platinum,Apple Store,Technology,428.01,USD,approved,US,False,CH-10179,US,Food & Beverage,238.26,,325ec2e6,2026-05-12 01:21:23,,,True
b8764d99-aa0a-4e81-99bc-4ef679fb1323,2026-01-11 01:21:23,Blue Cash,Marriott Hotels,Travel,227.94,USD,declined,GB,False,CH-10049,GB,Retail,482.89,,325ec2e6,2026-05-12 01:21:23,,,True
0cdd3ccc-5d23-4d17-b0e4-d5fc730583ae,2026-05-05 01:21:23,Gold,McDonald's,Food & Beverage,814.27,USD,pending,US,False,CH-10191,US,Travel,465.87,,325ec2e6,2026-05-12 01:21:23,,,True
16f236ec-9cc8-4b15-98ea-d3282da70fc2,2026-04-20 01:21:23,Blue Cash,Target,Retail,190.1,USD,approved,GB,False,CH-10014,GB,Entertainment,297.13,,325ec2e6,2026-05-12 01:21:23,,,True
0487f16a-86ea-48aa-a9ad-ca08c2b8b5a7,2026-03-11 01:21:23,Blue Cash,Whole Foods,Food & Beverage,611.99,USD,approved,CA,False,CH-10074,CA,Healthcare,464.73,CATEGORY_MISMATCH,325ec2e6,2026-05-12 01:21:23,,,True
127b812e-e37e-4025-9a6c-0a35eb3964ff,2026-01-20 01:21:23,Green,CVS Pharmacy,Healthcare,139.01,USD,declined,US,False,CH-10180,US,Retail,153.56,,325ec2e6,2026-05-12 01:21:23,,,True
54737ed8-dffa-4b6f-946c-6aeb5fed01f9,2025-12-27 01:21:23,Platinum,Delta Airlines,Travel,158.5,USD,approved,CA,False,CH-10141,CA,Entertainment,243.19,,325ec2e6,2026-05-12 01:21:23,,,True
9c0a226f-e86d-45d3-b935-a299d1218a1e,2025-06-28 01:21:23,Blue Cash,Target,Retail,335.53,USD,approved,CA,False,CH-10088,CA,Transportation,342.41,CATEGORY_MISMATCH,325ec2e6,2026-05-12 01:21:23,,,True
7358d9f0-1f6d-4706-8615-50ddcae276d6,2026-01-25 01:21:23,Green,Starbucks,Food & Beverage,52.22,USD,approved,GB,False,CH-10133,GB,Food & Beverage,194.83,,325ec2e6,2026-05-12 01:21:23,,,True
f142b2ee-2bf0-4a86-aa3b-fb6e08cc55a8,2026-05-03 01:22:01,Blue Cash,Starbucks,Food & Beverage,123.21,USD,approved,US,False,CH-10009,US,Fuel,64.52,VELOCITY,325ec2e6,2026-05-12 01:21:23,,,True
3fe3df20-3e96-4667-a0a9-1bbaa98b6b91,2026-03-30 01:21:23,Green,Apple Store,Technology,30.0,USD,approved,CA,False,CH-10150,CA,Technology,211.83,,325ec2e6,2026-05-12 01:21:23,,,True
d616e685-a1ef-4576-9aa2-99b87b1058d5,2026-04-20 01:21:23,Blue Cash,Netflix,Entertainment,133.79,USD,approved,US,False,CH-10004,US,Travel,289.4,,325ec2e6,2026-05-12 01:21:23,,,True
fd5f3526-e96b-4302-9af3-6af0e7f0ffc7,2025-11-15 01:21:23,Green,Amazon,Retail,399.86,USD,approved,CA,False,CH-10136,CA,Entertainment,213.15,,325ec2e6,2026-05-12 01:21:23,,,True
4f91d70b-183f-4c13-b2c4-b5d6a7952faf,2025-06-09 01:23:44,Green,Spotify,Entertainment,206.89,USD,approved,GB,False,CH-10086,GB,Entertainment,468.66,VELOCITY,325ec2e6,2026-05-12 01:21:23,,,True
d07bc62d-6c0b-4cb5-8447-a2803c395856,2025-08-02 01:21:23,Gold,Spotify,Entertainment,107.46,USD,approved,GB,False,CH-10186,GB,Transportation,134.5,,325ec2e6,2026-05-12 01:21:23,,,True
2b5ac322-1692-400a-9438-b40945ecd259,2025-07-26 01:21:23,Blue Cash,Best Buy,Technology,328.99,USD,approved,CA,False,CH-10136,CA,Entertainment,213.15,,325ec2e6,2026-05-12 01:21:23,,,True
457aff7b-241d-49de-a59a-e7341bed7383,2026-05-05 01:21:23,Platinum,CVS Pharmacy,Healthcare,68.6,USD,approved,CA,False,CH-10119,CA,Food & Beverage,115.79,,325ec2e6,2026-05-12 01:21:23,,,True
252f944d-0177-443b-b2f8-7d7e44a9a32a,2025-10-22 01:21:23,Green,McDonald's,Food & Beverage,38.37,USD,approved,CA,False,CH-10063,CA,Technology,434.64,,325ec2e6,2026-05-12 01:21:23,,,True
8b736aad-44cc-4ef2-8630-08427c8d3644,2025-07-25 01:21:23,Gold,McDonald's,Food & Beverage,66.58,USD,approved,US,False,CH-10064,US,Fuel,49.09,,325ec2e6,2026-05-12 01:21:23,,,True
1bbffa02-7b0c-46fe-a763-4434c5f2acd8,2025-09-16 01:21:23,Gold,Best Buy,Technology,40.89,USD,approved,GB,False,CH-10113,GB,Retail,487.44,,325ec2e6,2026-05-12 01:21:23,,,True
32e641b6-e5f5-481f-9c1c-76271ec66691,2026-04-02 01:21:23,Blue Cash,Starbucks,Food & Beverage,150.33,USD,approved,CA,False,CH-10142,CA,Food & Beverage,265.36,,325ec2e6,2026-05-12 01:21:23,,,True
b95329ed-0940-42a3-89c2-d318f5f7c072,2025-12-22 01:21:23,Platinum,Best Buy,Technology,227.19,USD,approved,US,False,CH-10016,US,Fuel,430.55,,325ec2e6,2026-05-12 01:21:23,,,True
a80adb10-9a29-4ee8-840c-168bf8ab28ff,2025-06-11 01:21:23,Gold,Target,Retail,15.2,USD,approved,US,False,CH-10044,US,Healthcare,134.94,,325ec2e6,2026-05-12 01:21:23,,,True
a36d3e8f-c3ae-45fb-958e-77a2f472b701,2026-01-16 01:21:23,Gold,Marriott Hotels,Travel,31.32,USD,approved,US,False,CH-10148,US,Technology,218.93,,325ec2e6,2026-05-12 01:21:23,,,True
90d4e7b6-5fde-49b2-95ec-5b0abf8a605e,2026-04-20 01:21:23,Green,Amazon,Retail,169.38,USD,approved,US,False,CH-10065,US,Fuel,139.36,,325ec2e6,2026-05-12 01:21:23,,,True
8c833271-e26e-4f75-a4e0-c12ea7cda7c4,2025-11-27 01:21:23,Gold,Walmart,Retail,558.19,USD,approved,GB,False,CH-10113,GB,Retail,487.44,,325ec2e6,2026-05-12 01:21:23,,,True
93be71cf-192a-49aa-a1c9-a29aa62efe46,2026-02-28 01:21:23,Blue Cash,Shell Gas,Fuel,14.64,USD,declined,US,False,CH-10018,US,Transportation,197.69,,325ec2e6,2026-05-12 01:21:23,,,True
312cf1ab-1544-437e-b5d8-9c5ed0ae55b9,2025-08-25 01:21:23,Green,Starbucks,Food & Beverage,746.97,USD,approved,CA,False,CH-10155,CA,Entertainment,476.02,,325ec2e6,2026-05-12 01:21:23,,,True
595ea89e-66c7-4cd6-bdb0-f7a7cdc7a847,2026-02-25 01:21:23,Gold,Netflix,Entertainment,262.67,USD,approved,GB,False,CH-10096,GB,Travel,340.57,,325ec2e6,2026-05-12 01:21:23,,,True
5a03bfb1-77fd-41d0-b510-a15a5b08736b,2025-07-22 01:21:23,Platinum,Spotify,Entertainment,451.74,USD,approved,US,False,CH-10019,US,Healthcare,356.87,,325ec2e6,2026-05-12 01:21:23,,,True
b297efe6-237a-4604-b8bf-51a5c7b48ddc,2025-06-09 01:21:23,Gold,Netflix,Entertainment,100.31,USD,approved,US,False,CH-10031,US,Fuel,93.36,,325ec2e6,2026-05-12 01:21:23,,,True
d48e203c-0622-4e4f-b497-01cea8a75d94,2025-11-08 01:21:23,Platinum,Delta Airlines,Travel,148.57,USD,approved,US,False,CH-10147,US,Technology,313.41,,325ec2e6,2026-05-12 01:21:23,,,True
4fb910cc-5f04-48e2-b46c-3c2bc50a7dcd,2025-10-15 01:21:23,Blue Cash,Starbucks,Food & Beverage,318.82,USD,approved,CA,False,CH-10177,CA,Transportation,436.09,,325ec2e6,2026-05-12 01:21:23,,,True
ece4ac18-df5d-4401-a1a5-8c40efbef16e,2025-09-25 01:21:23,Blue Cash,Shell Gas,Fuel,132.51,USD,approved,US,False,CH-10092,US,Healthcare,83.58,,325ec2e6,2026-05-12 01:21:23,,,True
f7dda41b-a16a-4130-8724-7dda5d2c9d7c,2025-10-16 01:21:23,Platinum,Spotify,Entertainment,414.55,USD,approved,US,False,CH-10032,US,Retail,306.28,,325ec2e6,2026-05-12 01:21:23,,,True
c6c12689-3177-49ba-9072-90cb77df7bb0,2025-10-15 01:21:23,Green,Marriott Hotels,Travel,172.91,USD,approved,US,False,CH-10073,US,Transportation,201.91,,325ec2e6,2026-05-12 01:21:23,,,True
ccc9ccb2-0173-4c47-99ec-02d03347a68c,2025-09-22 01:21:23,Platinum,Spotify,Entertainment,6.7,USD,declined,US,False,CH-10161,US,Technology,57.19,,325ec2e6,2026-05-12 01:21:23,,,True
6616c83d-2634-4d95-b9ea-9a0fcab154ab,2025-11-12 01:21:23,Blue Cash,Spotify,Entertainment,71.51,USD,declined,US,False,CH-10135,US,Healthcare,263.42,,325ec2e6,2026-05-12 01:21:23,,,True
9000db03-a707-4cc2-9251-1b5306eae8f7,2025-11-21 01:21:23,Green,Walmart,Retail,265.89,USD,declined,CA,False,CH-10075,CA,Healthcare,223.04,,325ec2e6,2026-05-12 01:21:23,,,True
e3b8910d-5387-4beb-8d2b-561a5e1bc6d2,2025-10-15 01:21:23,Green,Walmart,Retail,515.87,USD,declined,GB,False,CH-10011,GB,Healthcare,407.42,,325ec2e6,2026-05-12 01:21:23,,,True
51b7a87d-dada-4cda-bb50-ff9551de8383,2025-07-15 01:21:23,Platinum,Best Buy,Technology,557.93,USD,approved,US,False,CH-10193,US,Fuel,304.21,,325ec2e6,2026-05-12 01:21:23,,,True
aca3c4cd-a0fd-417d-a496-550708df0303,2025-09-22 01:21:23,Green,Uber,Transportation,69.1,USD,approved,US,False,CH-10001,US,Food & Beverage,86.98,,325ec2e6,2026-05-12 01:21:23,,,True
d6496bf2-82eb-410b-9c58-4eae99ae85d7,2025-09-02 01:21:23,Gold,Delta Airlines,Travel,147.81,USD,approved,CA,False,CH-10150,CA,Technology,211.83,,325ec2e6,2026-05-12 01:21:23,,,True
f6261ebb-5ea4-410b-9823-3e7eb9afcc21,2025-10-28 01:21:23,Blue Cash,Whole Foods,Food & Beverage,142.9,USD,approved,US,False,CH-10148,US,Technology,218.93,,325ec2e6,2026-05-12 01:21:23,,,True
15640c87-02df-4812-8a2b-b54f6c9ec6b6,2025-12-21 01:21:23,Platinum,Spotify,Entertainment,411.33,USD,approved,US,False,CH-10188,US,Technology,355.74,,325ec2e6,2026-05-12 01:21:23,,,True
e8b27151-e10b-46e2-98e0-0819763d5d0b,2025-09-05 01:21:23,Gold,Target,Retail,384.69,USD,approved,CA,False,CH-10072,CA,Food & Beverage,435.03,,325ec2e6,2026-05-12 01:21:23,,,True
07f143c8-7350-4365-8373-70a0b201cbea,2025-06-05 01:21:23,Gold,Shell Gas,Fuel,52.25,USD,declined,US,False,CH-10066,US,Technology,87.29,CATEGORY_MISMATCH,325ec2e6,2026-05-12 01:21:23,,,True
efc4388b-0d91-47b4-a045-44c41a4fba1a,2026-04-22 01:21:23,Gold,Target,Retail,584.19,USD,approved,US,False,CH-10193,US,Fuel,304.21,,325ec2e6,2026-05-12 01:21:23,,,True
1475e9d7-4eec-4085-9fb4-b3f425afe372,2025-12-19 01:21:23,Gold,Best Buy,Technology,164.12,USD,approved,US,False,CH-10001,US,Food & Beverage,86.98,,325ec2e6,2026-05-12 01:21:23,,,True
8f2ce054-267a-47e3-8da3-ac052186cadd,2026-03-17 01:21:23,Blue Cash,Target,Retail,280.51,USD,approved,GB,False,CH-10133,GB,Food & Beverage,194.83,,325ec2e6,2026-05-12 01:21:23,,,True
5eebc43d-8d0a-4b53-9914-f43623c4b826,2026-03-03 01:21:23,Green,Best Buy,Technology,387.4,USD,approved,US,False,CH-10110,US,Healthcare,195.03,,325ec2e6,2026-05-12 01:21:23,,,True
3b49391f-5d07-45f8-96c4-f6934d1fcd81,2026-01-19 01:21:23,Gold,McDonald's,Food & Beverage,350.46,USD,approved,US,False,CH-10090,US,Travel,239.98,,325ec2e6,2026-05-12 01:21:23,,,True
940fc646-0f06-468a-895a-e952e53a01de,2026-03-19 01:22:18,Gold,Best Buy,Technology,866.25,USD,approved,GB,False,CH-10070,GB,Travel,485.12,VELOCITY,325ec2e6,2026-05-12 01:21:23,,,True
e926c7c0-d59b-4372-aacd-2f99801daa47,2025-06-08 01:21:23,Platinum,Marriott Hotels,Travel,327.2,USD,approved,GB,False,CH-10133,GB,Food & Beverage,194.83,,325ec2e6,2026-05-12 01:21:23,,,True
6cbc341f-64a5-48d8-a385-96ab73e16fb8,2025-11-01 01:21:23,Platinum,Amazon,Retail,560.26,USD,approved,GB,False,CH-10160,GB,Technology,320.84,,325ec2e6,2026-05-12 01:21:23,,,True
74b382d6-65ba-4870-8151-d88ae5ff4347,2025-08-31 01:21:23,Blue Cash,Target,Retail,97.69,USD,approved,CA,False,CH-10120,CA,Entertainment,166.49,,325ec2e6,2026-05-12 01:21:23,,,True
2dfd377e-a5c1-4818-889a-8f6acca91165,2026-04-08 01:21:23,Platinum,Netflix,Entertainment,267.09,USD,approved,CA,False,CH-10132,CA,Travel,269.56,,325ec2e6,2026-05-12 01:21:23,,,True
d8c1905a-1c43-464f-b441-8a4ccdd52fca,2025-06-23 01:21:23,Green,Apple Store,Technology,77.42,USD,approved,US,False,CH-10009,US,Fuel,64.52,,325ec2e6,2026-05-12 01:21:23,,,True
ac96f965-874d-4239-bb06-153585ff7e5a,2025-12-14 01:21:23,Green,Target,Retail,577.76,USD,approved,GB,False,CH-10168,GB,Travel,431.23,,325ec2e6,2026-05-12 01:21:23,,,True
3dd72992-2d92-4e8f-95ec-3a0f8efc7271,2026-01-20 01:21:23,Blue Cash,Marriott Hotels,Travel,14.35,USD,approved,GB,False,CH-10153,GB,Technology,44.1,,325ec2e6,2026-05-12 01:21:23,,,True
f6a6b284-ab06-4a46-9808-d20857597739,2025-06-07 01:21:23,Blue Cash,Apple Store,Technology,174.44,USD,approved,US,False,CH-10073,US,Transportation,201.91,,325ec2e6,2026-05-12 01:21:23,,,True
f5f440df-21e3-43d2-92a4-5b7095f18d77,2025-05-17 01:21:23,Green,Walmart,Retail,68.12,USD,approved,GB,False,CH-10169,GB,Retail,248.95,,325ec2e6,2026-05-12 01:21:23,,,True
af65aa8a-acaf-4fd5-833c-4a7193afee3f,2026-04-28 01:21:23,Blue Cash,Uber,Transportation,277.5,USD,approved,GB,False,CH-10125,GB,Entertainment,470.83,,325ec2e6,2026-05-12 01:21:23,,,True
a945f53b-4799-4bd8-82ea-f40b54656553,2025-12-01 01:21:23,Green,Amazon,Retail,270.91,USD,approved,US,False,CH-10104,US,Transportation,325.81,,325ec2e6,2026-05-12 01:21:23,,,True
dcb17701-1aeb-48ea-ab7d-c101bece50cf,2026-01-20 01:21:23,Gold,Spotify,Entertainment,62.63,USD,approved,US,False,CH-10066,US,Technology,87.29,,325ec2e6,2026-05-12 01:21:23,,,True
bad43260-725a-4563-987f-e7717b7d5136,2025-06-26 01:21:23,Platinum,Starbucks,Food & Beverage,76.33,USD,approved,US,False,CH-10104,US,Transportation,325.81,,325ec2e6,2026-05-12 01:21:23,,,True
2321e874-2493-4f96-88d5-a2996d25380c,2026-05-02 01:21:23,Gold,Spotify,Entertainment,492.11,USD,pending,CA,False,CH-10033,CA,Retail,306.03,CATEGORY_MISMATCH,325ec2e6,2026-05-12 01:21:23,,,True
36dc1e60-0cf5-450c-bf8b-4989d8205431,2025-08-20 01:21:23,Gold,McDonald's,Food & Beverage,104.96,USD,approved,US,False,CH-10090,US,Travel,239.98,,325ec2e6,2026-05-12 01:21:23,,,True
a24ea7e6-2398-4678-87fd-7967c06ab3eb,2026-02-19 01:21:23,Platinum,Apple Store,Technology,204.58,USD,approved,US,False,CH-10137,US,Transportation,112.08,,325ec2e6,2026-05-12 01:21:23,,,True
0421878d-5658-483f-8f83-f92f5f7c8be5,2026-05-02 01:21:23,Gold,Starbucks,Food & Beverage,440.26,USD,approved,CA,False,CH-10187,CA,Fuel,290.71,,325ec2e6,2026-05-12 01:21:23,,,True
b941bf28-f104-4fd7-8bdb-d96d54e872ea,2026-04-30 01:21:23,Platinum,Amazon,Retail,163.09,USD,approved,GB,False,CH-10124,GB,Retail,346.17,,325ec2e6,2026-05-12 01:21:23,,,True
d544477f-eea2-49aa-9501-577ed04d0ca8,2025-10-31 01:21:23,Gold,CVS Pharmacy,Healthcare,59.76,USD,approved,GB,False,CH-10069,GB,Fuel,44.28,,325ec2e6,2026-05-12 01:21:23,,,True
4648b9c1-998e-40d8-bef5-fcf29d29f272,2025-08-27 01:21:23,Gold,Netflix,Entertainment,65.34,USD,approved,GB,False,CH-10069,GB,Fuel,44.28,,325ec2e6,2026-05-12 01:21:23,,,True
4ce916f5-5840-4e77-9fb8-e14972b2cb25,2025-07-15 01:21:23,Platinum,CVS Pharmacy,Healthcare,104.04,USD,approved,US,False,CH-10003,US,Travel,64.97,,325ec2e6,2026-05-12 01:21:23,,,True
7931bb2e-b0c8-411e-af97-0ecb06aed86a,2026-05-01 01:21:23,Green,McDonald's,Food & Beverage,185.03,USD,approved,US,False,CH-10079,US,Travel,300.41,,325ec2e6,2026-05-12 01:21:23,,,True
a80f26ac-3738-4ae6-ad75-361b91bf6be0,2025-10-05 01:21:23,Blue Cash,Uber,Transportation,43.05,USD,approved,US,False,CH-10167,US,Retail,206.95,,325ec2e6,2026-05-12 01:21:23,,,True
f4f3c130-c4e2-475e-a6e4-4e8f90d621c4,2025-08-31 01:21:23,Platinum,Delta Airlines,Travel,275.72,USD,approved,US,False,CH-10123,US,Healthcare,188.55,,325ec2e6,2026-05-12 01:21:23,,,True
88797a2a-93e2-4883-9215-349976417c60,2026-04-30 01:21:23,Blue Cash,Walmart,Retail,304.63,USD,approved,CA,False,CH-10182,CA,Travel,379.53,,325ec2e6,2026-05-12 01:21:23,,,True
ace56bd2-e368-42b1-94d7-ead4308f95e9,2025-06-24 01:21:23,Green,Target,Retail,126.64,USD,approved,GB,False,CH-10144,GB,Entertainment,64.83,CATEGORY_MISMATCH,325ec2e6,2026-05-12 01:21:23,,,True
d39259f1-3a2e-4b08-afa8-224cd52f88b1,2025-10-18 01:21:23,Platinum,Uber,Transportation,582.44,USD,approved,GB,False,CH-10125,GB,Entertainment,470.83,,325ec2e6,2026-05-12 01:21:23,,,True
6f3f90e6-716e-44d6-87d4-dc43b20cc007,2025-09-02 01:21:23,Platinum,McDonald's,Food & Beverage,68.17,USD,approved,US,False,CH-10145,US,Healthcare,127.83,,325ec2e6,2026-05-12 01:21:23,,,True
70a7a536-be5f-4c8b-8250-f7148bb1b8a9,2025-09-30 01:22:46,Green,Amazon,Retail,20.5,USD,approved,US,False,CH-10038,US,Technology,21.56,VELOCITY,325ec2e6,2026-05-12 01:21:23,,,True
c16bbd74-2803-4920-9d45-b7611b0fac54,2025-06-13 01:21:23,Blue Cash,Whole Foods,Food & Beverage,225.81,USD,approved,GB,False,CH-10125,GB,Entertainment,470.83,,325ec2e6,2026-05-12 01:21:23,,,True
e45cb403-a958-4f33-af6d-0920c3e6a1b0,2025-10-07 01:21:23,Gold,Netflix,Entertainment,372.62,USD,declined,CA,False,CH-10142,CA,Food & Beverage,265.36,,325ec2e6,2026-05-12 01:21:23,,,True
1ca02470-0ce3-4877-9078-3d5c20211a80,2025-09-30 01:21:23,Gold,Whole Foods,Food & Beverage,1760.36,USD,approved,GB,False,CH-10041,GB,Food & Beverage,93.36,HIGH_VALUE_OUTLIER,325ec2e6,2026-05-12 01:21:23,,,True
705eb50c-f922-46e0-b936-8b5772ca3548,2025-11-01 01:22:23,Blue Cash,McDonald's,Food & Beverage,271.23,USD,approved,GB,False,CH-10160,GB,Technology,320.84,VELOCITY,325ec2e6,2026-05-12 01:21:23,,,True
b9d8932b-f803-42b7-a37c-b104c42843cc,2025-07-02 01:21:23,Green,CVS Pharmacy,Healthcare,397.37,USD,approved,CA,False,CH-10075,CA,Healthcare,223.04,,325ec2e6,2026-05-12 01:21:23,,,True
917712fe-af6c-436f-a340-373f8c362059,2025-05-12 01:21:23,Platinum,Whole Foods,Food & Beverage,348.21,USD,approved,CA,False,CH-10074,CA,Healthcare,464.73,,325ec2e6,2026-05-12 01:21:23,,,True
ccf7a0c3-467f-461d-9c11-3d4b60d72c1d,2026-03-04 01:21:23,Green,Spotify,Entertainment,64.05,USD,declined,US,False,CH-10053,US,Fuel,182.28,,325ec2e6,2026-05-12 01:21:23,,,True
f9a28390-5419-4d95-814f-059c28beffc5,2025-10-13 01:22:41,Platinum,Apple Store,Technology,851.59,USD,approved,GB,False,CH-10081,GB,Fuel,428.64,VELOCITY,325ec2e6,2026-05-12 01:21:23,,,True
0d9bddbf-ad27-4a84-82cf-262c3a161aab,2026-04-11 01:21:23,Blue Cash,Whole Foods,Food & Beverage,187.51,USD,approved,US,False,CH-10024,US,Retail,148.52,,325ec2e6,2026-05-12 01:21:23,,,True
22430fbf-bfc6-4cf7-a823-3246f1ad2bfb,2026-05-05 01:21:23,Platinum,Whole Foods,Food & Beverage,279.51,USD,approved,US,False,CH-10162,US,Food & Beverage,150.42,,325ec2e6,2026-05-12 01:21:23,,,True
f39123fb-0f0a-4741-8c4b-36ea2c7d4cf9,2025-10-18 01:21:23,Green,Uber,Transportation,423.19,USD,approved,GB,False,CH-10109,GB,Transportation,226.3,,325ec2e6,2026-05-12 01:21:23,,,True
fcd64529-8624-43e3-8498-f92a9c5eb82a,2026-01-22 01:21:23,Platinum,Walmart,Retail,132.55,USD,approved,CA,False,CH-10051,CA,Entertainment,230.29,,325ec2e6,2026-05-12 01:21:23,,,True
5defe451-273d-4583-8fe7-ade1c41cbafe,2025-07-13 01:21:23,Blue Cash,Uber,Transportation,237.63,USD,approved,GB,False,CH-10133,GB,Food & Beverage,194.83,,325ec2e6,2026-05-12 01:21:23,,,True
a42caeeb-fa0b-4732-ab8d-54356a97470c,2026-05-11 01:21:23,Blue Cash,Shell Gas,Fuel,707.15,USD,approved,GB,False,CH-10157,GB,Technology,450.66,,325ec2e6,2026-05-12 01:21:23,,,True
5d5b637b-9800-49ae-a067-51baeb2b2053,2026-05-12 01:21:23,Platinum,Target,Retail,294.81,USD,approved,GB,False,CH-10157,GB,Technology,450.66,,325ec2e6,2026-05-12 01:21:23,,,True
b7826bc2-c9a8-4012-ac1d-760b02c5479a,2025-09-13 01:21:23,Blue Cash,McDonald's,Food & Beverage,137.4,USD,approved,GB,False,CH-10130,GB,Fuel,204.89,,325ec2e6,2026-05-12 01:21:23,,,True
36271bbb-58e7-428d-b931-8ed71ebccc28,2025-05-16 01:21:23,Blue Cash,Apple Store,Technology,150.87,USD,approved,US,False,CH-10143,US,Fuel,156.22,,325ec2e6,2026-05-12 01:21:23,,,True
efe1e902-07cb-407b-b8f6-0f4886584174,2025-06-22 01:21:23,Platinum,Walmart,Retail,440.01,USD,pending,US,False,CH-10135,US,Healthcare,263.42,,325ec2e6,2026-05-12 01:21:23,,,True
eecb6470-6681-435c-b2dc-2452e183657c,2026-01-04 01:21:23,Blue Cash,Best Buy,Technology,215.71,USD,approved,US,False,CH-10143,US,Fuel,156.22,,325ec2e6,2026-05-12 01:21:23,,,True
2a018d49-e0c1-4443-a909-a2aa77df6a2b,2025-09-16 01:21:23,Gold,Target,Retail,265.92,USD,declined,US,False,CH-10089,US,Technology,171.77,,325ec2e6,2026-05-12 01:21:23,,,True
270dcd45-9d73-4d3d-97ce-ca6f00d0ff7e,2026-02-10 01:21:23,Platinum,Whole Foods,Food & Beverage,841.44,USD,approved,GB,False,CH-10157,GB,Technology,450.66,,325ec2e6,2026-05-12 01:21:23,,,True
02181d99-4642-418d-a9c2-07c39336c170,2025-12-05 01:21:23,Platinum,Whole Foods,Food & Beverage,58.26,USD,approved,US,False,CH-10092,US,Healthcare,83.58,,325ec2e6,2026-05-12 01:21:23,,,True
3a1cc1ec-4b91-4915-a01c-56f0062f96dc,2026-04-25 01:21:23,Gold,Spotify,Entertainment,480.32,USD,approved,CA,False,CH-10128,CA,Entertainment,369.7,,325ec2e6,2026-05-12 01:21:23,,,True
d13f7a17-1abe-4584-9698-54a13e00afd0,2026-04-13 01:21:23,Green,CVS Pharmacy,Healthcare,281.53,USD,approved,US,False,CH-10178,US,Travel,144.88,,325ec2e6,2026-05-12 01:21:23,,,True
14d47334-4f0a-4105-9307-930cc414d47b,2025-09-12 01:21:23,Blue Cash,Uber,Transportation,250.97,USD,approved,CA,False,CH-10120,CA,Entertainment,166.49,,325ec2e6,2026-05-12 01:21:23,,,True
d4b2f1e8-1940-4ec9-b7da-3eab5720991d,2025-05-12 01:21:23,Green,Amazon,Retail,140.47,USD,approved,CA,False,CH-10026,CA,Retail,444.65,,325ec2e6,2026-05-12 01:21:23,,,True
87165054-825d-40a1-8f11-e73ebf55a91b,2026-03-12 01:21:23,Blue Cash,Walmart,Retail,39.02,USD,approved,CA,False,CH-10033,CA,Retail,306.03,,325ec2e6,2026-05-12 01:21:23,,,True
72278d64-5604-4248-8e14-1d4b26accd19,2026-02-02 01:21:23,Green,Netflix,Entertainment,196.31,USD,pending,US,False,CH-10024,US,Retail,148.52,,325ec2e6,2026-05-12 01:21:23,,,True
401f9168-2f93-4584-ab25-0da2de322fdd,2026-02-15 01:21:23,Green,Netflix,Entertainment,458.96,USD,declined,US,False,CH-10172,US,Retail,253.11,,325ec2e6,2026-05-12 01:21:23,,,True
95a9f75f-b453-4a92-ba50-d841aa34ae4f,2026-04-08 02:24:23,Blue Cash,Amazon,Retail,362.67,USD,approved,RU,True,CH-10132,CA,Travel,269.56,GEO_IMPOSSIBLE,325ec2e6,2026-05-12 01:21:23,,,True
d187910d-5c60-4748-8f16-0b76cb7e6b81,2025-07-05 01:21:23,Blue Cash,Target,Retail,100.12,USD,approved,US,False,CH-10021,US,Transportation,241.88,,325ec2e6,2026-05-12 01:21:23,,,True
a446ccd3-1660-4b48-9376-09c5dac82e3a,2025-07-29 01:21:23,Gold,Netflix,Entertainment,329.99,USD,approved,US,False,CH-10191,US,Travel,465.87,,325ec2e6,2026-05-12 01:21:23,,,True
9b71eb46-6112-4a1c-9e09-8f41ac46adb8,2026-03-27 01:21:23,Blue Cash,Best Buy,Technology,56.97,USD,approved,US,False,CH-10178,US,Travel,144.88,CATEGORY_MISMATCH,325ec2e6,2026-05-12 01:21:23,,,True
00b5a282-a93c-48ad-b7f7-e2e9010d8109,2026-01-21 01:21:23,Platinum,McDonald's,Food & Beverage,162.33,USD,approved,GB,False,CH-10005,GB,Retail,125.81,,325ec2e6,2026-05-12 01:21:23,,,True
aa3de270-3ea3-4caa-b72c-33a09aff9a00,2026-03-06 01:21:23,Platinum,Delta Airlines,Travel,273.35,USD,approved,CA,False,CH-10063,CA,Technology,434.64,,325ec2e6,2026-05-12 01:21:23,,,True
dd73f8fe-2362-49a0-af78-9bc627c2db6f,2026-02-05 01:21:23,Green,Target,Retail,120.98,USD,approved,US,False,CH-10071,US,Transportation,215.08,,325ec2e6,2026-05-12 01:21:23,,,True
4fd96c06-9aa5-4500-8c91-69a430b35164,2025-09-04 01:21:23,Blue Cash,CVS Pharmacy,Healthcare,65.23,USD,approved,US,False,CH-10066,US,Technology,87.29,,325ec2e6,2026-05-12 01:21:23,,,True
ff8d970c-0957-426e-9a64-abfae5ecc8ea,2025-07-17 01:21:23,Platinum,Best Buy,Technology,153.35,USD,approved,GB,False,CH-10133,GB,Food & Beverage,194.83,,325ec2e6,2026-05-12 01:21:23,,,True
75c538e9-d445-4e76-b715-b4648960b04d,2025-05-28 01:21:23,Green,Apple Store,Technology,380.45,USD,approved,US,False,CH-10179,US,Food & Beverage,238.26,,325ec2e6,2026-05-12 01:21:23,,,True
bf92f66b-0f25-4147-87ef-20574f35d63c,2025-10-31 01:21:23,Green,Best Buy,Technology,458.86,USD,approved,US,False,CH-10035,US,Fuel,347.22,,325ec2e6,2026-05-12 01:21:23,,,True
6a500bad-c5d6-4e42-8f4c-ca661a04a957,2026-05-08 01:21:23,Green,Shell Gas,Fuel,145.38,USD,declined,CA,False,CH-10026,CA,Retail,444.65,,325ec2e6,2026-05-12 01:21:23,,,True
1a795684-6412-49b4-a4b8-780954a0e39e,2025-09-15 01:21:23,Green,Target,Retail,135.75,USD,approved,US,False,CH-10025,US,Entertainment,122.06,,325ec2e6,2026-05-12 01:21:23,,,True
cf427571-4217-4c24-a0a1-ff627b0f64f0,2025-09-12 01:21:23,Blue Cash,Best Buy,Technology,752.62,USD,approved,GB,False,CH-10157,GB,Technology,450.66,,325ec2e6,2026-05-12 01:21:23,,,True
cf8d77ad-a7e9-45cb-8c7d-f385ec19c36c,2026-01-13 01:21:23,Blue Cash,Best Buy,Technology,716.52,USD,approved,GB,False,CH-10086,GB,Entertainment,468.66,,325ec2e6,2026-05-12 01:21:23,,,True
73c78324-7ca1-4b9f-84fd-96b5f16375b0,2025-10-19 01:21:23,Green,Apple Store,Technology,563.83,USD,pending,US,False,CH-10107,US,Fuel,473.62,,325ec2e6,2026-05-12 01:21:23,,,True
b5b15641-4e65-454e-aafc-9fac64ce2af0,2025-07-26 01:21:23,Platinum,Spotify,Entertainment,143.04,USD,pending,GB,False,CH-10076,GB,Technology,94.3,,325ec2e6,2026-05-12 01:21:23,,,True
0076fbbd-2bc0-4d88-bc3d-685ea736d09f,2026-03-01 01:21:23,Green,Walmart,Retail,457.81,USD,approved,CA,False,CH-10013,CA,Fuel,284.98,,325ec2e6,2026-05-12 01:21:23,,,True
5bc8f7bd-7e4e-4a1a-abaf-32b5f26d531f,2026-02-13 01:21:23,Platinum,Starbucks,Food & Beverage,230.02,USD,approved,US,False,CH-10000,US,Travel,375.94,CATEGORY_MISMATCH,325ec2e6,2026-05-12 01:21:23,,,True
06a2c033-c49f-40dd-899e-bddfc209c7a6,2025-08-01 01:21:23,Platinum,Walmart,Retail,205.15,USD,approved,US,False,CH-10111,US,Entertainment,120.84,,325ec2e6,2026-05-12 01:21:23,,,True
30fbe780-f61c-410e-9947-3b56e201fd29,2025-10-23 01:21:23,Blue Cash,Walmart,Retail,480.05,USD,approved,CA,False,CH-10088,CA,Transportation,342.41,,325ec2e6,2026-05-12 01:21:23,,,True
2991534c-a049-40f1-b047-161474600b29,2026-03-24 01:21:23,Platinum,CVS Pharmacy,Healthcare,343.07,USD,approved,US,False,CH-10118,US,Retail,438.64,,325ec2e6,2026-05-12 01:21:23,,,True
30526141-581d-4fa3-83b0-bdfa3a2b8782,2025-06-01 01:21:23,Green,McDonald's,Food & Beverage,95.28,USD,declined,US,False,CH-10102,US,Travel,64.3,,325ec2e6,2026-05-12 01:21:23,,,True
edb08114-2d37-4039-b538-627e365449ac,2025-07-16 01:21:23,Blue Cash,Marriott Hotels,Travel,15.5,USD,approved,US,False,CH-10018,US,Transportation,197.69,,325ec2e6,2026-05-12 01:21:23,,,True
a6e6f981-d5ca-4e28-ac74-185dc75818a5,2026-05-12 01:21:23,Green,Marriott Hotels,Travel,168.8,USD,approved,GB,False,CH-10060,GB,Technology,136.64,,325ec2e6,2026-05-12 01:21:23,,,True
7e5b895c-4d3b-4df0-81e5-93c0477d5248,2026-04-20 01:21:23,Platinum,Starbucks,Food & Beverage,96.52,USD,approved,US,False,CH-10165,US,Fuel,219.14,,325ec2e6,2026-05-12 01:21:23,,,True
cf301add-87d0-4893-ab33-db30201f3ba7,2026-03-31 01:21:23,Gold,Whole Foods,Food & Beverage,296.53,USD,approved,CA,False,CH-10174,CA,Transportation,423.44,,325ec2e6,2026-05-12 01:21:23,,,True
1182ec11-b9a3-45dc-9cfd-69be5be4673a,2026-03-08 01:21:23,Gold,McDonald's,Food & Beverage,49.44,USD,approved,CA,False,CH-10103,CA,Healthcare,41.16,,325ec2e6,2026-05-12 01:21:23,,,True
4a10a5c7-daeb-43d2-beda-b966328af69c,2026-04-15 01:21:23,Blue Cash,Shell Gas,Fuel,213.23,USD,approved,GB,False,CH-10124,GB,Retail,346.17,,325ec2e6,2026-05-12 01:21:23,,,True
f3a5be73-3ebb-41f6-a5c2-f9dbe5730805,2025-09-12 01:21:23,Blue Cash,McDonald's,Food & Beverage,341.93,USD,approved,US,False,CH-10154,US,Fuel,239.1,,325ec2e6,2026-05-12 01:21:23,,,True
a833b3e6-e041-4df5-8257-7f8f2994069a,2025-08-13 01:21:23,Platinum,McDonald's,Food & Beverage,576.33,USD,pending,US,False,CH-10028,US,Healthcare,378.57,,325ec2e6,2026-05-12 01:21:23,,,True
82f37f6d-bded-4537-a71d-70d090c4be34,2025-07-11 01:21:23,Green,Marriott Hotels,Travel,101.61,USD,approved,US,False,CH-10114,US,Food & Beverage,435.01,,325ec2e6,2026-05-12 01:21:23,,,True
713c3880-384b-447b-8553-c8899fe84148,2026-03-25 01:21:23,Platinum,Starbucks,Food & Beverage,70.57,USD,approved,US,False,CH-10101,US,Healthcare,262.6,,325ec2e6,2026-05-12 01:21:23,,,True
36771ce3-3a2e-4a6e-9fb1-cc358db0f63b,2026-01-08 01:21:23,Blue Cash,Marriott Hotels,Travel,891.84,USD,approved,GB,False,CH-10070,GB,Travel,485.12,,325ec2e6,2026-05-12 01:21:23,,,True
5d814f46-2853-4500-806a-bf4d8d7d496b,2025-11-26 01:21:23,Blue Cash,Uber,Transportation,241.06,USD,approved,US,False,CH-10134,US,Entertainment,319.11,,325ec2e6,2026-05-12 01:21:23,,,True
a9d7c5f7-ffec-4483-889b-7582694b7c32,2026-04-02 01:21:23,Gold,McDonald's,Food & Beverage,61.69,USD,approved,US,False,CH-10163,US,Fuel,86.42,,325ec2e6,2026-05-12 01:21:23,,,True
4337d7a1-780e-4792-8517-534d659bc5b4,2026-01-01 01:21:23,Platinum,Amazon,Retail,94.19,USD,pending,US,False,CH-10102,US,Travel,64.3,,325ec2e6,2026-05-12 01:21:23,,,True
c07c6789-2c7f-43eb-88ca-18bc33fdaa96,2025-12-08 01:21:23,Platinum,Walmart,Retail,242.04,USD,approved,US,False,CH-10110,US,Healthcare,195.03,,325ec2e6,2026-05-12 01:21:23,,,True
0a4ad6e8-1f69-4d05-b358-7b41a7db5e66,2025-09-12 01:21:23,Gold,McDonald's,Food & Beverage,191.62,USD,approved,CA,False,CH-10177,CA,Transportation,436.09,,325ec2e6,2026-05-12 01:21:23,,,True
d352ca85-48c0-4ab6-b403-b49a021e187e,2025-06-03 01:21:23,Platinum,McDonald's,Food & Beverage,10.29,USD,approved,GB,False,CH-10176,GB,Travel,60.29,,325ec2e6,2026-05-12 01:21:23,,,True
be49751d-1a65-4f3e-b070-36a660310496,2026-05-03 01:21:23,Gold,Delta Airlines,Travel,681.52,USD,approved,CA,False,CH-10072,CA,Food & Beverage,435.03,,325ec2e6,2026-05-12 01:21:23,,,True
f8847179-c7d4-494e-af03-27a67c690fe2,2026-01-17 01:21:23,Green,Uber,Transportation,20.76,USD,approved,US,False,CH-10118,US,Retail,438.64,,325ec2e6,2026-05-12 01:21:23,,,True
0be53ea6-c12e-4259-b6d1-2f81b1b4d4dc,2025-06-21 01:21:23,Blue Cash,CVS Pharmacy,Healthcare,242.39,USD,approved,US,False,CH-10073,US,Transportation,201.91,,325ec2e6,2026-05-12 01:21:23,,,True
1bfc4891-3ade-4818-a088-afddf3d085a2,2025-11-16 01:21:23,Green,Amazon,Retail,437.48,USD,approved,CA,False,CH-10142,CA,Food & Beverage,265.36,,325ec2e6,2026-05-12 01:21:23,,,True
407574f7-872f-4746-9866-c41e85301efb,2026-01-02 01:21:23,Platinum,Starbucks,Food & Beverage,61.04,USD,approved,US,False,CH-10127,US,Travel,72.03,,325ec2e6,2026-05-12 01:21:23,,,True
2ab687ec-d590-49f0-8686-5d8db8730abf,2025-11-17 01:21:23,Blue Cash,Shell Gas,Fuel,50.52,USD,approved,US,False,CH-10020,US,Transportation,276.39,,325ec2e6,2026-05-12 01:21:23,,,True
5e336d66-8b70-401f-be02-79f8e583c5ad,2025-09-15 01:21:23,Green,Delta Airlines,Travel,33.53,USD,approved,US,False,CH-10077,US,Food & Beverage,484.98,,325ec2e6,2026-05-12 01:21:23,,,True
f4bdf01a-250e-4f0e-b0b4-7dcfa3cce626,2026-05-01 01:21:23,Blue Cash,Uber,Transportation,361.88,USD,approved,US,False,CH-10090,US,Travel,239.98,,325ec2e6,2026-05-12 01:21:23,,,True
b51a3b39-1bc4-44f7-8521-6592d7d12655,2026-03-10 01:21:23,Platinum,Apple Store,Technology,31.02,USD,approved,GB,False,CH-10060,GB,Technology,136.64,,325ec2e6,2026-05-12 01:21:23,,,True
8516ab49-705f-4937-a4b1-2181ee4e1b82,2025-10-19 01:21:23,Platinum,Delta Airlines,Travel,37.15,USD,declined,US,False,CH-10146,US,Transportation,31.72,,325ec2e6,2026-05-12 01:21:23,,,True
c48883a5-6fd1-486b-a8b4-65b083951037,2025-06-24 01:21:23,Green,Delta Airlines,Travel,13.79,USD,approved,GB,False,CH-10153,GB,Technology,44.1,,325ec2e6,2026-05-12 01:21:23,,,True
24032c99-67a8-4ab5-8587-6a3ae5770b05,2025-08-13 01:21:23,Green,Shell Gas,Fuel,318.49,USD,approved,US,False,CH-10195,US,Fuel,402.19,,325ec2e6,2026-05-12 01:21:23,,,True
d7a29b29-f961-4d3b-a335-db384faad1f5,2026-01-17 01:23:18,Blue Cash,Delta Airlines,Travel,353.96,USD,approved,US,False,CH-10118,US,Retail,438.64,VELOCITY,325ec2e6,2026-05-12 01:21:23,,,True
80d4942b-d4f0-4e71-a612-ea172c050d35,2025-06-12 01:21:23,Gold,Target,Retail,175.96,USD,approved,US,False,CH-10167,US,Retail,206.95,,325ec2e6,2026-05-12 01:21:23,,,True
682b7f42-9e40-4e51-bf29-92bb1f41190c,2025-06-29 01:21:23,Platinum,Shell Gas,Fuel,359.98,USD,approved,US,False,CH-10007,US,Transportation,355.11,CATEGORY_MISMATCH,325ec2e6,2026-05-12 01:21:23,,,True
229c5dd3-2e76-46d5-908b-456478cf5154,2025-06-26 01:21:23,Platinum,Whole Foods,Food & Beverage,121.38,USD,approved,GB,False,CH-10005,GB,Retail,125.81,CATEGORY_MISMATCH,325ec2e6,2026-05-12 01:21:23,,,True
5335aa9a-bbad-42f3-b7d2-97e5286d7c98,2026-02-19 01:21:23,Platinum,Netflix,Entertainment,190.3,USD,declined,GB,False,CH-10130,GB,Fuel,204.89,,325ec2e6,2026-05-12 01:21:23,,,True
69ebd8c0-0339-42d2-a785-9452d54608fe,2025-09-12 01:24:20,Platinum,Spotify,Entertainment,26.26,USD,approved,CA,False,CH-10120,CA,Entertainment,166.49,VELOCITY,325ec2e6,2026-05-12 01:21:23,,,True
fb6b4bde-20b0-4a93-8bcf-36f0a4ace7d1,2026-02-11 01:21:23,Blue Cash,Shell Gas,Fuel,369.92,USD,pending,US,False,CH-10062,US,Retail,190.06,,325ec2e6,2026-05-12 01:21:23,,,True
0a400781-8d18-439a-8119-4f0e003596af,2026-02-20 01:21:23,Green,Netflix,Entertainment,120.87,USD,declined,US,False,CH-10154,US,Fuel,239.1,,325ec2e6,2026-05-12 01:21:23,,,True
559c76cc-bb25-45d8-b0ef-62c016c2abbe,2025-09-14 01:21:23,Blue Cash,Whole Foods,Food & Beverage,804.0,USD,declined,US,False,CH-10191,US,Travel,465.87,CATEGORY_MISMATCH,325ec2e6,2026-05-12 01:21:23,,,True
0ccd4707-bc86-4807-a77d-ea5e32366000,2025-08-24 01:21:23,Gold,Netflix,Entertainment,332.34,USD,approved,US,False,CH-10101,US,Healthcare,262.6,,325ec2e6,2026-05-12 01:21:23,,,True
73f1755f-2534-429a-9e4c-e6b5785dfac8,2025-07-20 01:21:23,Green,Target,Retail,5197.73,USD,approved,CA,False,CH-10026,CA,Retail,444.65,HIGH_VALUE_OUTLIER,325ec2e6,2026-05-12 01:21:23,,AMOUNT_ANOMALY:z=8.60,True
5f815f25-cda1-4aa8-b667-83483657c9c2,2026-01-25 01:21:23,Platinum,Target,Retail,251.61,USD,approved,GB,False,CH-10086,GB,Entertainment,468.66,,325ec2e6,2026-05-12 01:21:23,,,True
5bc6ba37-3320-4f04-88c8-1f6e67a8d427,2025-12-30 01:21:23,Blue Cash,Spotify,Entertainment,69.32,USD,approved,US,False,CH-10117,US,Healthcare,96.41,,325ec2e6,2026-05-12 01:21:23,,,True
99dcbb2b-2162-47f0-9474-15fa5291f6b2,2025-07-12 01:21:23,Green,CVS Pharmacy,Healthcare,7.1,USD,approved,US,False,CH-10115,US,Retail,31.9,,325ec2e6,2026-05-12 01:21:23,,,True
950d26ff-c27b-44b8-9b0c-83e716efa618,2025-05-12 01:21:23,Green,Starbucks,Food & Beverage,241.48,USD,approved,GB,False,CH-10006,GB,Healthcare,408.53,,325ec2e6,2026-05-12 01:21:23,,,True
48079c89-f9fe-4f6f-ad69-575d180b784d,2025-06-02 01:21:23,Blue Cash,Delta Airlines,Travel,92.24,USD,approved,US,False,CH-10162,US,Food & Beverage,150.42,,325ec2e6,2026-05-12 01:21:23,,,True
780e0dcc-9872-4359-b94d-5b67eadf3064,2025-11-22 01:22:47,Green,Uber,Transportation,206.7,USD,declined,US,False,CH-10037,US,Fuel,160.88,VELOCITY,325ec2e6,2026-05-12 01:21:23,,,True
a67e4e9e-bac2-45ac-ae58-e0c7dbc55dd5,2025-08-25 01:21:23,Gold,Uber,Transportation,241.13,USD,approved,US,False,CH-10037,US,Fuel,160.88,,325ec2e6,2026-05-12 01:21:23,,,True
4d90ce3f-83ff-47b4-953c-fdc2c5e6ac20,2025-06-17 01:21:23,Platinum,Spotify,Entertainment,49.24,USD,pending,CA,False,CH-10158,CA,Technology,144.41,,325ec2e6,2026-05-12 01:21:23,,,True
86e9760c-3acc-4f83-aada-0e133e38d50a,2025-08-17 01:21:23,Blue Cash,Apple Store,Technology,304.94,USD,approved,GB,False,CH-10095,GB,Healthcare,313.61,,325ec2e6,2026-05-12 01:21:23,,,True
e9183f80-8878-4b45-9ffa-8be263b6c312,2026-01-27 01:21:23,Green,Walmart,Retail,117.99,USD,approved,CA,False,CH-10171,CA,Food & Beverage,254.35,,325ec2e6,2026-05-12 01:21:23,,,True
61d38b6b-9798-444d-b523-3092fbca7927,2025-09-19 01:21:23,Platinum,Shell Gas,Fuel,74.62,USD,approved,US,False,CH-10030,US,Technology,63.64,,325ec2e6,2026-05-12 01:21:23,,,True
7b343704-e9a9-4634-afd6-82a87aba62c8,2026-04-26 01:21:23,Platinum,Marriott Hotels,Travel,274.87,USD,approved,US,False,CH-10058,US,Healthcare,341.11,CATEGORY_MISMATCH,325ec2e6,2026-05-12 01:21:23,,,True
bbceeeab-17eb-46c1-ab76-81359a348934,2026-04-14 01:21:23,Gold,Whole Foods,Food & Beverage,42.32,USD,pending,GB,False,CH-10069,GB,Fuel,44.28,,325ec2e6,2026-05-12 01:21:23,,,True
a180568a-8373-4b30-9034-48bf9b62dd0a,2025-09-21 01:21:23,Platinum,Target,Retail,114.41,USD,approved,US,False,CH-10189,US,Transportation,310.83,,325ec2e6,2026-05-12 01:21:23,,,True
17571e91-9c59-47ba-9241-bb89cb8a394c,2026-04-10 01:21:23,Platinum,Walmart,Retail,390.25,USD,approved,US,False,CH-10071,US,Transportation,215.08,,325ec2e6,2026-05-12 01:21:23,,,True
2b68cc0e-b536-48a4-b619-3a0f89fad24a,2025-07-19 01:21:23,Platinum,Netflix,Entertainment,176.61,USD,approved,US,False,CH-10053,US,Fuel,182.28,CATEGORY_MISMATCH,325ec2e6,2026-05-12 01:21:23,,,True
a5b149a9-4dd4-4bb8-a69c-25d67fc6d797,2025-09-28 01:21:23,Platinum,Walmart,Retail,29.67,USD,approved,US,False,CH-10162,US,Food & Beverage,150.42,,325ec2e6,2026-05-12 01:21:23,,,True
0a044261-bc89-4d3d-b326-8271ffb3200b,2026-05-08 01:21:23,Blue Cash,Uber,Transportation,420.65,USD,approved,US,False,CH-10055,US,Fuel,359.76,,325ec2e6,2026-05-12 01:21:23,,,True
5b517bc8-9eba-45ca-89a3-83301fa4e7e3,2025-06-21 01:21:23,Platinum,McDonald's,Food & Beverage,600.91,USD,approved,GB,False,CH-10113,GB,Retail,487.44,,325ec2e6,2026-05-12 01:21:23,,,True
c19a1951-df81-43a7-b6e1-3fb27e284a9c,2025-06-16 01:21:23,Blue Cash,Marriott Hotels,Travel,40.13,USD,approved,US,False,CH-10045,US,Fuel,61.11,,325ec2e6,2026-05-12 01:21:23,,,True
9e64a718-2d32-4ac4-9c39-58d3e57f5c01,2026-03-16 01:21:23,Green,Shell Gas,Fuel,948.26,USD,approved,GB,False,CH-10070,GB,Travel,485.12,,325ec2e6,2026-05-12 01:21:23,,,True
7e3d2f0a-daa7-44ed-a937-5f4051a81adc,2026-02-10 01:21:23,Blue Cash,Spotify,Entertainment,60.88,USD,approved,GB,False,CH-10081,GB,Fuel,428.64,,325ec2e6,2026-05-12 01:21:23,,,True
ef4c33b7-2481-47b3-b30c-1d21cdfc263d,2026-03-18 01:21:23,Platinum,Marriott Hotels,Travel,744.88,USD,approved,GB,False,CH-10113,GB,Retail,487.44,,325ec2e6,2026-05-12 01:21:23,,,True
9d2cc17e-c62d-4704-8d33-8583d2c5f84f,2025-12-10 01:21:23,Blue Cash,McDonald's,Food & Beverage,795.54,USD,approved,GB,False,CH-10081,GB,Fuel,428.64,,325ec2e6,2026-05-12 01:21:23,,,True
4946f874-8304-43cd-a591-21717cd36572,2026-02-14 01:21:23,Platinum,Target,Retail,587.33,USD,approved,US,False,CH-10082,US,Fuel,344.1,,325ec2e6,2026-05-12 01:21:23,,,True
00520cf7-417c-4f03-8833-5b2ffb4746d6,2025-12-26 01:21:23,Blue Cash,Best Buy,Technology,127.17,USD,approved,CA,False,CH-10132,CA,Travel,269.56,,325ec2e6,2026-05-12 01:21:23,,,True
31e01fb2-2d9d-40da-80b0-bd06dd520011,2025-11-12 01:21:23,Platinum,Marriott Hotels,Travel,805.18,USD,approved,US,False,CH-10077,US,Food & Beverage,484.98,,325ec2e6,2026-05-12 01:21:23,,,True
15a5db76-dc67-4a5c-9f6e-18e710f9c43b,2025-10-18 01:21:23,Blue Cash,Apple Store,Technology,11.89,USD,approved,GB,False,CH-10144,GB,Entertainment,64.83,,325ec2e6,2026-05-12 01:21:23,,,True
92b279c6-9d55-470d-92a4-3875ff7051e9,2025-05-17 01:21:23,Green,Best Buy,Technology,144.41,USD,approved,US,False,CH-10035,US,Fuel,347.22,,325ec2e6,2026-05-12 01:21:23,,,True
6ebba18a-c985-46c0-9882-1beeede1ae93,2025-10-29 01:21:23,Green,Amazon,Retail,207.64,USD,approved,GB,False,CH-10095,GB,Healthcare,313.61,,325ec2e6,2026-05-12 01:21:23,,,True
b0021ab4-2267-4f27-a9f0-d8094b271a98,2026-03-19 01:21:23,Blue Cash,Uber,Transportation,58.18,USD,declined,US,False,CH-10055,US,Fuel,359.76,,325ec2e6,2026-05-12 01:21:23,,,True
70476bf7-12c2-4e72-9f1a-a8cb9abde2fd,2026-04-19 01:21:23,Blue Cash,Uber,Transportation,598.0,USD,pending,US,False,CH-10184,US,Travel,382.03,,325ec2e6,2026-05-12 01:21:23,,,True
45914345-1e18-49b4-a280-ec1d43717d42,2026-01-20 02:49:23,Platinum,Best Buy,Technology,182.08,USD,approved,GB,True,CH-10180,US,Retail,153.56,GEO_IMPOSSIBLE,325ec2e6,2026-05-12 01:21:23,,,True
586cd9dd-2b29-472b-ac3f-6d5cabe4c4df,2026-03-05 01:21:23,Green,Netflix,Entertainment,169.22,USD,approved,US,False,CH-10094,US,Healthcare,95.72,CATEGORY_MISMATCH,325ec2e6,2026-05-12 01:21:23,,,True
dfefa47f-3d58-4c4d-bd39-30bcc8f7ccaf,2025-07-23 01:21:23,Platinum,Starbucks,Food & Beverage,12.62,USD,approved,US,False,CH-10038,US,Technology,21.56,CATEGORY_MISMATCH,325ec2e6,2026-05-12 01:21:23,,,True
c36f1bde-f08f-4130-9872-f325dae78e93,2025-12-14 01:21:23,Green,McDonald's,Food & Beverage,391.86,USD,approved,US,False,CH-10139,US,Retail,283.01,,325ec2e6,2026-05-12 01:21:23,,,True
1141c544-75c5-43bc-b018-2715d4bec028,2025-11-09 01:21:23,Green,CVS Pharmacy,Healthcare,431.77,USD,pending,US,False,CH-10179,US,Food & Beverage,238.26,,325ec2e6,2026-05-12 01:21:23,,,True
ba3bbc1c-f3b7-4aea-b77f-dfcaf3bd3df9,2025-11-08 01:21:23,Blue Cash,Marriott Hotels,Travel,57.7,USD,approved,GB,False,CH-10047,GB,Transportation,81.63,,325ec2e6,2026-05-12 01:21:23,,,True
332ab847-8bdd-4312-af1d-a829d409b54e,2025-06-18 01:21:23,Gold,Uber,Transportation,117.43,USD,approved,US,False,CH-10065,US,Fuel,139.36,,325ec2e6,2026-05-12 01:21:23,,,True
928da412-6f6c-474a-b086-518f4022a585,2025-08-23 01:21:23,Gold,Netflix,Entertainment,366.97,USD,declined,CA,False,CH-10012,CA,Fuel,487.1,,325ec2e6,2026-05-12 01:21:23,,,True
df1f4eea-826f-481e-85a8-a4c2a7d9c167,2025-09-03 01:21:23,Green,Netflix,Entertainment,179.38,USD,approved,US,False,CH-10129,US,Retail,310.98,,325ec2e6,2026-05-12 01:21:23,,,True
0aeada90-e358-4514-a507-f81a2fed4b64,2026-03-16 01:21:23,Gold,Uber,Transportation,381.89,USD,pending,US,False,CH-10019,US,Healthcare,356.87,,325ec2e6,2026-05-12 01:21:23,,,True
7ef97899-1c18-4ac6-872c-0b49d3ab5750,2026-02-04 01:21:23,Blue Cash,Uber,Transportation,525.49,USD,approved,US,False,CH-10022,US,Food & Beverage,348.61,,325ec2e6,2026-05-12 01:21:23,,,True
3fe52e38-1dc9-4054-be04-496b4678fcaf,2026-02-24 01:21:23,Blue Cash,McDonald's,Food & Beverage,632.83,USD,declined,GB,False,CH-10070,GB,Travel,485.12,CATEGORY_MISMATCH,325ec2e6,2026-05-12 01:21:23,,,True
d1ac720a-67c5-4a08-a8ce-5543882e850e,2025-06-12 01:21:23,Green,Uber,Transportation,73.55,USD,approved,US,False,CH-10057,US,Entertainment,54.01,,325ec2e6,2026-05-12 01:21:23,,,True
5216b2c4-5338-4316-872e-a7248580c44c,2026-02-26 01:21:23,Platinum,Spotify,Entertainment,102.91,USD,approved,US,False,CH-10090,US,Travel,239.98,,325ec2e6,2026-05-12 01:21:23,,,True
a56592d3-eb9d-4bd0-9a14-d7ce6db37807,2025-12-02 01:21:23,Gold,Marriott Hotels,Travel,586.12,USD,approved,CA,False,CH-10138,CA,Transportation,315.45,,325ec2e6,2026-05-12 01:21:23,,,True
e6c74600-22bf-41d9-9a6f-60f45f307d49,2025-09-30 01:23:45,Green,Apple Store,Technology,145.35,USD,approved,GB,False,CH-10041,GB,Food & Beverage,93.36,VELOCITY,325ec2e6,2026-05-12 01:21:23,,,True
d045de3d-d9a7-4007-98aa-6dddfca47ffc,2026-01-26 01:21:23,Blue Cash,Amazon,Retail,262.22,USD,declined,GB,False,CH-10096,GB,Travel,340.57,,325ec2e6,2026-05-12 01:21:23,,,True
f8031f2d-a2ec-46bd-a4f5-37fe35045df8,2026-03-10 01:21:23,Blue Cash,McDonald's,Food & Beverage,19.04,USD,approved,GB,False,CH-10052,GB,Technology,78.08,,325ec2e6,2026-05-12 01:21:23,,,True
9785999d-d63b-4b9a-bb58-b131ccdedb92,2026-01-25 01:21:23,Gold,Whole Foods,Food & Beverage,106.18,USD,approved,US,False,CH-10185,US,Food & Beverage,422.83,,325ec2e6,2026-05-12 01:21:23,,,True
2d7e6cc9-d54f-4ba9-8bbf-b202445fc087,2026-03-27 01:21:23,Blue Cash,Marriott Hotels,Travel,746.19,USD,approved,US,False,CH-10191,US,Travel,465.87,,325ec2e6,2026-05-12 01:21:23,,,True
fc50541c-b969-4ed0-a67b-4ca9d33a94f5,2025-10-09 01:21:23,Gold,Best Buy,Technology,306.09,USD,approved,US,False,CH-10028,US,Healthcare,378.57,,325ec2e6,2026-05-12 01:21:23,,,True
293fb8fa-73f1-444f-a1be-a9bcb14ef410,2025-06-13 01:21:23,Gold,Netflix,Entertainment,184.16,USD,approved,US,False,CH-10079,US,Travel,300.41,,325ec2e6,2026-05-12 01:21:23,,,True
d8b69034-22e5-49e8-beec-8816bb5a6740,2026-05-04 01:21:23,Blue Cash,McDonald's,Food & Beverage,672.05,USD,declined,US,False,CH-10164,US,Retail,353.1,,325ec2e6,2026-05-12 01:21:23,,,True
3dec81f3-7166-455a-8b4b-636601ed9085,2026-02-11 01:21:23,Platinum,Amazon,Retail,390.72,USD,approved,US,False,CH-10082,US,Fuel,344.1,,325ec2e6,2026-05-12 01:21:23,,,True
1d7ca6d3-0c49-4a8f-bf24-429d67370c45,2026-01-25 01:21:23,Gold,Best Buy,Technology,756.27,USD,approved,CA,False,CH-10177,CA,Transportation,436.09,,325ec2e6,2026-05-12 01:21:23,,,True
4be2ee5a-b88e-4596-87d9-a0540e3ff5bb,2026-02-12 01:21:23,Platinum,Netflix,Entertainment,541.94,USD,approved,GB,False,CH-10106,GB,Retail,289.24,,325ec2e6,2026-05-12 01:21:23,,,True
b0d9b76e-7cb9-4a17-bd42-6205c2c33cd8,2026-01-27 01:22:45,Green,Target,Retail,401.19,USD,declined,CA,False,CH-10171,CA,Food & Beverage,254.35,VELOCITY,325ec2e6,2026-05-12 01:21:23,,,True
174a66f5-3af5-4153-9fc6-ee61ac266d91,2026-04-28 01:21:23,Green,Marriott Hotels,Travel,503.69,USD,approved,GB,False,CH-10160,GB,Technology,320.84,,325ec2e6,2026-05-12 01:21:23,,,True
087206d0-84e7-46a3-8546-37102480851c,2026-04-19 01:21:23,Platinum,CVS Pharmacy,Healthcare,104.4,USD,declined,US,False,CH-10008,US,Healthcare,94.63,,325ec2e6,2026-05-12 01:21:23,,,True
cd5e1527-36e3-42e2-9102-c89ea86486cb,2026-01-18 01:21:23,Gold,Target,Retail,18.12,USD,approved,CA,False,CH-10043,CA,Travel,73.7,,325ec2e6,2026-05-12 01:21:23,,,True
65024dc4-b9ae-42e3-94b2-ac98d5af5df4,2025-08-11 01:21:23,Blue Cash,Best Buy,Technology,30.42,USD,declined,US,False,CH-10121,US,Food & Beverage,31.36,,325ec2e6,2026-05-12 01:21:23,,,True
7e74b247-da5a-419e-988b-e4aab5f580ef,2026-01-01 01:21:23,Blue Cash,Delta Airlines,Travel,100.75,USD,approved,US,False,CH-10000,US,Travel,375.94,,325ec2e6,2026-05-12 01:21:23,,,True
99d17c82-5d19-4eed-b834-ac4b4dff6844,2025-07-24 01:21:23,Gold,Shell Gas,Fuel,180.94,USD,approved,GB,False,CH-10157,GB,Technology,450.66,,325ec2e6,2026-05-12 01:21:23,,,True
8cc7f086-fc25-4ac9-8870-d29b9fd50074,2025-10-18 01:21:23,Gold,Starbucks,Food & Beverage,223.18,USD,approved,GB,False,CH-10036,GB,Healthcare,388.93,,325ec2e6,2026-05-12 01:21:23,,,True
582db14a-1997-4f8a-bfb7-afc7e2257c75,2025-09-18 01:21:23,Green,Target,Retail,67.28,USD,approved,US,False,CH-10064,US,Fuel,49.09,,325ec2e6,2026-05-12 01:21:23,,,True
8dd3ac96-1d21-4988-9502-b4ac3cfdb269,2025-11-02 01:21:23,Platinum,McDonald's,Food & Beverage,541.04,USD,approved,US,False,CH-10068,US,Technology,407.85,,325ec2e6,2026-05-12 01:21:23,,,True
c69345dd-fdf5-4d63-bef1-5b30f3ac2fd7,2026-04-19 01:22:01,Blue Cash,CVS Pharmacy,Healthcare,185.49,USD,approved,US,False,CH-10008,US,Healthcare,94.63,VELOCITY,325ec2e6,2026-05-12 01:21:23,,,True
d9e729ca-20bb-4f0c-9fb3-f3d385184c1c,2025-07-24 01:21:23,Blue Cash,Target,Retail,133.98,USD,approved,GB,False,CH-10060,GB,Technology,136.64,,325ec2e6,2026-05-12 01:21:23,,,True
f70c528e-f9b5-4361-b168-345c56f95500,2025-09-22 01:21:23,Blue Cash,Apple Store,Technology,391.35,USD,pending,US,False,CH-10147,US,Technology,313.41,,325ec2e6,2026-05-12 01:21:23,,,True
6abf33ee-07d6-4426-bf02-9f3565a4ed59,2026-02-06 01:21:23,Green,Shell Gas,Fuel,113.54,USD,approved,US,False,CH-10071,US,Transportation,215.08,,325ec2e6,2026-05-12 01:21:23,,,True
d69c4b57-bfb3-435f-9f58-59cf8e4c8618,2025-11-18 01:21:23,Gold,Best Buy,Technology,241.95,USD,approved,US,False,CH-10140,US,Healthcare,157.72,,325ec2e6,2026-05-12 01:21:23,,,True
fb786410-7dd7-42fa-ab5f-6e5f8f64811b,2026-03-09 01:21:23,Gold,Shell Gas,Fuel,47.34,USD,pending,GB,False,CH-10109,GB,Transportation,226.3,,325ec2e6,2026-05-12 01:21:23,,,True
7b19b020-4e2a-420e-a0d7-47bd3762422d,2025-11-16 01:21:23,Green,Whole Foods,Food & Beverage,42.54,USD,approved,US,False,CH-10030,US,Technology,63.64,,325ec2e6,2026-05-12 01:21:23,,,True
e5a04ded-b472-494c-82c4-54f74161d56e,2025-08-24 01:21:23,Platinum,Netflix,Entertainment,98.3,USD,approved,US,False,CH-10021,US,Transportation,241.88,,325ec2e6,2026-05-12 01:21:23,,,True
f7159d82-5716-4e39-89b5-f03313f8bd54,2026-02-24 01:21:23,Green,Starbucks,Food & Beverage,327.98,USD,approved,US,False,CH-10004,US,Travel,289.4,,325ec2e6,2026-05-12 01:21:23,,,True
a60f4c17-e81a-442d-bb84-731e174bf423,2025-05-29 01:21:23,Green,Target,Retail,91.43,USD,approved,US,False,CH-10135,US,Healthcare,263.42,,325ec2e6,2026-05-12 01:21:23,,,True
92f042a2-41fe-436a-be6a-a7f8ec673a21,2025-07-04 01:21:23,Platinum,CVS Pharmacy,Healthcare,181.3,USD,approved,GB,False,CH-10192,GB,Retail,210.39,,325ec2e6,2026-05-12 01:21:23,,,True
45f93ebb-46e4-4b9c-aec6-bfda1e15d725,2026-03-04 01:21:23,Blue Cash,Apple Store,Technology,282.55,USD,approved,GB,False,CH-10133,GB,Food & Beverage,194.83,,325ec2e6,2026-05-12 01:21:23,,,True
d530d24c-f79b-4fa2-b947-b659ba43e4f5,2026-01-20 02:23:23,Green,Whole Foods,Food & Beverage,501.88,USD,approved,AU,True,CH-10181,CA,Healthcare,420.76,GEO_IMPOSSIBLE,325ec2e6,2026-05-12 01:21:23,,,True
652ec68d-fe1a-4a03-a943-3fe6bdeac2a9,2026-02-20 01:21:23,Platinum,McDonald's,Food & Beverage,122.41,USD,approved,GB,False,CH-10041,GB,Food & Beverage,93.36,,325ec2e6,2026-05-12 01:21:23,,,True
932f9232-d1d7-4fdd-8a9d-728d1b398446,2025-12-22 01:21:23,Platinum,Walmart,Retail,52.54,USD,pending,US,False,CH-10089,US,Technology,171.77,,325ec2e6,2026-05-12 01:21:23,,,True
3cdc1c98-ca41-44c7-8b9a-1ffa411e3c0d,2025-09-30 01:21:23,Blue Cash,Uber,Transportation,195.25,USD,approved,GB,False,CH-10160,GB,Technology,320.84,,325ec2e6,2026-05-12 01:21:23,,,True
4fdf1027-9a76-4fd9-8509-29de94b20039,2025-05-23 01:21:23,Platinum,Uber,Transportation,392.4,USD,declined,GB,False,CH-10109,GB,Transportation,226.3,,325ec2e6,2026-05-12 01:21:23,,,True
931ece04-c2ac-43a7-a4cc-bcd9f849e6ac,2025-07-08 01:21:23,Gold,Walmart,Retail,374.16,USD,pending,GB,False,CH-10133,GB,Food & Beverage,194.83,,325ec2e6,2026-05-12 01:21:23,,,True
54627431-ed4d-46c9-a3eb-1496264b7c91,2025-06-20 01:21:23,Blue Cash,Best Buy,Technology,84.77,USD,approved,US,False,CH-10170,US,Healthcare,381.67,,325ec2e6,2026-05-12 01:21:23,,,True
63a0f9df-9433-4adb-8c50-29f8c33d7bc1,2025-11-25 01:21:23,Green,Delta Airlines,Travel,246.89,USD,approved,CA,False,CH-10187,CA,Fuel,290.71,,325ec2e6,2026-05-12 01:21:23,,,True
705df527-4721-4ea3-8fdd-314f729acd5b,2025-09-06 01:21:23,Gold,Amazon,Retail,121.22,USD,approved,US,False,CH-10021,US,Transportation,241.88,,325ec2e6,2026-05-12 01:21:23,,,True
809ca1b8-0b75-4c50-b5a6-b956e61cf779,2025-05-15 01:21:23,Gold,Delta Airlines,Travel,374.96,USD,pending,US,False,CH-10170,US,Healthcare,381.67,,325ec2e6,2026-05-12 01:21:23,,,True
c2a3ba98-6831-4027-b235-dfaf63e6d301,2026-03-18 01:21:23,Blue Cash,Whole Foods,Food & Beverage,564.08,USD,approved,CA,False,CH-10155,CA,Entertainment,476.02,,325ec2e6,2026-05-12 01:21:23,,,True
2818cbd1-0ef0-4a38-8174-fbc2ea67b87f,2026-01-10 01:21:23,Gold,Walmart,Retail,229.29,USD,pending,US,False,CH-10147,US,Technology,313.41,,325ec2e6,2026-05-12 01:21:23,,,True
1f338adf-eb76-4b20-8c9e-3877b6d2414a,2026-04-22 01:21:23,Blue Cash,Netflix,Entertainment,332.25,USD,approved,US,False,CH-10107,US,Fuel,473.62,,325ec2e6,2026-05-12 01:21:23,,,True
4baa729d-c1c5-4302-9bc1-f694d9274abd,2025-06-25 01:21:23,Gold,Netflix,Entertainment,48.51,USD,declined,US,False,CH-10146,US,Transportation,31.72,,325ec2e6,2026-05-12 01:21:23,,,True
7f9a15f7-f411-4b24-b36c-49eaae680f7a,2025-11-25 01:21:23,Platinum,Uber,Transportation,75.6,USD,approved,US,False,CH-10055,US,Fuel,359.76,,325ec2e6,2026-05-12 01:21:23,,,True
a8ac0dec-420b-41e6-a185-3bd549aea39c,2025-05-28 01:21:23,Green,Best Buy,Technology,95.83,USD,approved,GB,False,CH-10186,GB,Transportation,134.5,,325ec2e6,2026-05-12 01:21:23,,,True
04efa472-85d9-40d7-aed4-4285a4611d55,2025-05-20 01:21:23,Gold,McDonald's,Food & Beverage,862.22,USD,approved,US,False,CH-10114,US,Food & Beverage,435.01,,325ec2e6,2026-05-12 01:21:23,,,True
ef6b7a65-4e4b-41ca-be68-eaf86226ba8d,2025-11-15 01:21:23,Green,Whole Foods,Food & Beverage,285.81,USD,approved,US,False,CH-10053,US,Fuel,182.28,,325ec2e6,2026-05-12 01:21:23,,,True
48a1cc70-d38a-4cec-a8e8-3cc14bbb8de4,2026-01-16 01:21:23,Green,Marriott Hotels,Travel,224.11,USD,approved,US,False,CH-10022,US,Food & Beverage,348.61,,325ec2e6,2026-05-12 01:21:23,,,True
4891de25-c0ed-406b-a7d7-53dfd76d2f00,2025-08-31 01:21:23,Blue Cash,Shell Gas,Fuel,531.88,USD,approved,US,False,CH-10023,US,Food & Beverage,414.47,,325ec2e6,2026-05-12 01:21:23,,,True
b38eac08-9d88-4b96-a253-8e7510d1e142,2025-09-30 01:21:23,Green,Best Buy,Technology,754.33,USD,approved,CA,False,CH-10181,CA,Healthcare,420.76,,325ec2e6,2026-05-12 01:21:23,,,True
b36e2e92-2d5c-47f3-bf34-d0f135cb982a,2025-12-05 01:21:23,Gold,Amazon,Retail,625.92,USD,approved,US,False,CH-10082,US,Fuel,344.1,,325ec2e6,2026-05-12 01:21:23,,,True
88c08554-0a29-4f9a-a8d4-d50c56c2c369,2025-05-21 01:21:23,Platinum,McDonald's,Food & Beverage,50.82,USD,approved,US,False,CH-10193,US,Fuel,304.21,CATEGORY_MISMATCH,325ec2e6,2026-05-12 01:21:23,,,True
6cea5c57-6154-4ba4-81cf-8daf9a0b7f30,2025-11-19 01:21:23,Green,Apple Store,Technology,267.63,USD,approved,GB,False,CH-10169,GB,Retail,248.95,,325ec2e6,2026-05-12 01:21:23,,,True
0245fbf7-4f5f-48e5-8af2-4282b6bde843,2026-03-31 01:21:23,Green,Netflix,Entertainment,291.37,USD,approved,CA,False,CH-10026,CA,Retail,444.65,,325ec2e6,2026-05-12 01:21:23,,,True
6b5abec8-aae6-4c27-be11-3228bc2d64bf,2025-12-23 01:21:23,Platinum,Whole Foods,Food & Beverage,14.89,USD,approved,US,False,CH-10062,US,Retail,190.06,,325ec2e6,2026-05-12 01:21:23,,,True
d600ff5c-a1b4-4eb4-9e91-17d9359d93c5,2026-01-22 01:21:23,Platinum,Starbucks,Food & Beverage,19.49,USD,approved,US,False,CH-10056,US,Food & Beverage,52.35,,325ec2e6,2026-05-12 01:21:23,,,True
a6fc687b-a8ed-4d25-808c-6f0a5d0d7e83,2025-08-03 01:21:23,Blue Cash,Best Buy,Technology,835.99,USD,approved,CA,False,CH-10156,CA,Retail,418.67,,325ec2e6,2026-05-12 01:21:23,,,True
df2a3cb0-f21f-4ce8-8c0b-869dd46bc38d,2025-10-26 01:21:23,Blue Cash,Uber,Transportation,403.88,USD,approved,CA,False,CH-10132,CA,Travel,269.56,,325ec2e6,2026-05-12 01:21:23,,,True
3b7e9d54-7ede-47b9-8035-b9a3adfda4e6,2026-01-12 01:21:23,Green,Apple Store,Technology,158.39,USD,approved,US,False,CH-10067,US,Healthcare,242.06,,325ec2e6,2026-05-12 01:21:23,,,True
5ab56d85-361b-4d68-813a-c211fcf39be4,2025-07-20 01:21:23,Platinum,Marriott Hotels,Travel,129.55,USD,approved,CA,False,CH-10034,CA,Healthcare,486.12,,325ec2e6,2026-05-12 01:21:23,,,True
9af1431b-63ea-4f7e-be65-b40ef37cdc13,2026-03-20 01:21:23,Blue Cash,CVS Pharmacy,Healthcare,503.04,USD,approved,US,False,CH-10129,US,Retail,310.98,,325ec2e6,2026-05-12 01:21:23,,,True
f252e17e-3b3f-4fb4-ae31-5ccd5c63698f,2025-07-22 01:21:23,Platinum,CVS Pharmacy,Healthcare,214.37,USD,approved,US,False,CH-10183,US,Entertainment,127.63,,325ec2e6,2026-05-12 01:21:23,,,True
f126f718-554d-40d3-9f82-e1168efd6cfa,2026-02-14 01:21:23,Gold,Apple Store,Technology,24.73,USD,pending,US,False,CH-10151,US,Travel,448.48,,325ec2e6,2026-05-12 01:21:23,,,True
7651c6e8-0982-4936-9843-ce4ac4553dfc,2025-11-12 01:21:23,Platinum,Best Buy,Technology,49.47,USD,approved,CA,False,CH-10088,CA,Transportation,342.41,,325ec2e6,2026-05-12 01:21:23,,,True
f096fb86-ba93-4c01-9b97-792b285c58cf,2026-03-05 01:21:23,Blue Cash,Amazon,Retail,265.36,USD,approved,GB,False,CH-10186,GB,Transportation,134.5,,325ec2e6,2026-05-12 01:21:23,,,True
e6d46ed6-7c62-4229-a9f9-7d2d0e767090,2025-07-25 01:21:23,Green,CVS Pharmacy,Healthcare,179.99,USD,approved,US,False,CH-10137,US,Transportation,112.08,,325ec2e6,2026-05-12 01:21:23,,,True
603cfb7f-a0ba-4b06-b46f-c5c8162bdd3e,2025-07-04 01:21:23,Green,Whole Foods,Food & Beverage,24.51,USD,declined,GB,False,CH-10196,GB,Travel,186.66,,325ec2e6,2026-05-12 01:21:23,,,True
7a5358bb-0774-4019-9007-f1468d9865c0,2026-02-19 01:21:23,Gold,Walmart,Retail,628.11,USD,approved,US,False,CH-10198,US,Travel,427.8,,325ec2e6,2026-05-12 01:21:23,,,True
b380d128-987b-49fa-b587-3d270d386bb1,2025-09-01 01:21:23,Platinum,Target,Retail,518.2,USD,approved,US,False,CH-10194,US,Fuel,354.65,,325ec2e6,2026-05-12 01:21:23,,,True
1fe857af-1e6d-4b6b-bf45-4dfd1620cd0a,2025-10-29 01:21:23,Blue Cash,Uber,Transportation,58.85,USD,approved,CA,False,CH-10103,CA,Healthcare,41.16,,325ec2e6,2026-05-12 01:21:23,,,True
8414faf0-04a4-4773-87a9-3d7efc34e767,2025-10-04 01:21:23,Green,Delta Airlines,Travel,261.71,USD,approved,US,False,CH-10024,US,Retail,148.52,,325ec2e6,2026-05-12 01:21:23,,,True
3606c236-93c9-4805-912d-fa487487e49d,2025-06-15 01:21:23,Platinum,Starbucks,Food & Beverage,83.24,USD,approved,US,False,CH-10102,US,Travel,64.3,,325ec2e6,2026-05-12 01:21:23,,,True
0bc52e54-b8ec-4295-9df7-a4e85d86f419,2025-11-26 02:18:23,Gold,Delta Airlines,Travel,626.84,USD,declined,FR,True,CH-10134,US,Entertainment,319.11,GEO_IMPOSSIBLE,325ec2e6,2026-05-12 01:21:23,,,True
ae398d1e-9b06-4ca4-93cd-41922b1a440a,2025-12-07 01:21:23,Gold,Amazon,Retail,19.43,USD,approved,US,False,CH-10135,US,Healthcare,263.42,,325ec2e6,2026-05-12 01:21:23,,,True
95581a84-862b-4336-8a45-7dbef5051f6c,2025-08-30 01:21:23,Platinum,Target,Retail,59.87,USD,approved,US,False,CH-10017,US,Retail,153.43,,325ec2e6,2026-05-12 01:21:23,,,True
15b102b9-9af2-4dc7-bc38-cb165b030db1,2025-07-23 01:21:23,Platinum,Spotify,Entertainment,153.95,USD,approved,CA,False,CH-10174,CA,Transportation,423.44,,325ec2e6,2026-05-12 01:21:23,,,True
226c5a8f-3068-4a80-922f-77bba927309f,2025-06-21 01:24:10,Platinum,Target,Retail,8.07,USD,approved,CA,False,CH-10197,CA,Entertainment,53.1,VELOCITY,325ec2e6,2026-05-12 01:21:23,,,True
a06315ce-ede0-4aaf-b47c-96eb4be508b2,2026-03-18 01:21:23,Green,McDonald's,Food & Beverage,47.68,USD,declined,US,False,CH-10030,US,Technology,63.64,,325ec2e6,2026-05-12 01:21:23,,,True
f7ba31a1-daad-43c9-a6cf-b2bdc15013c2,2025-07-03 01:21:23,Platinum,Best Buy,Technology,224.99,USD,approved,US,False,CH-10025,US,Entertainment,122.06,,325ec2e6,2026-05-12 01:21:23,,,True
6fff0dba-74bc-4370-ba84-6e48d709789e,2025-11-18 02:52:23,Blue Cash,Netflix,Entertainment,212.59,USD,approved,DE,True,CH-10140,US,Healthcare,157.72,GEO_IMPOSSIBLE,325ec2e6,2026-05-12 01:21:23,,,True
5ac49078-329d-45ae-8648-89e7b0a506f4,2026-04-12 01:21:23,Blue Cash,Starbucks,Food & Beverage,863.56,USD,approved,GB,False,CH-10125,GB,Entertainment,470.83,,325ec2e6,2026-05-12 01:21:23,,,True
73100654-1607-417b-aabf-796370beaf92,2026-03-27 01:21:23,Gold,CVS Pharmacy,Healthcare,573.94,USD,approved,GB,False,CH-10168,GB,Travel,431.23,,325ec2e6,2026-05-12 01:21:23,,,True
f9892991-c55d-4ee5-ab61-639c8f1f5126,2025-06-17 01:21:23,Blue Cash,CVS Pharmacy,Healthcare,129.94,USD,approved,US,False,CH-10147,US,Technology,313.41,,325ec2e6,2026-05-12 01:21:23,,,True
8355d7e0-1ee3-44f4-b21a-380b017f1a5c,2026-03-17 01:22:19,Blue Cash,Delta Airlines,Travel,64.27,USD,approved,GB,False,CH-10050,GB,Food & Beverage,362.22,VELOCITY,325ec2e6,2026-05-12 01:21:23,,,True
1bb595e0-fec0-4141-bfaf-e17ec8761922,2025-12-16 01:21:23,Blue Cash,Uber,Transportation,291.83,USD,approved,US,False,CH-10123,US,Healthcare,188.55,,325ec2e6,2026-05-12 01:21:23,,,True
02836e66-9f77-4c25-9dc4-aba2b18efe4b,2025-07-16 01:21:23,Gold,Starbucks,Food & Beverage,639.62,USD,approved,US,False,CH-10010,US,Entertainment,426.8,,325ec2e6,2026-05-12 01:21:23,,,True
0909e102-e6b8-4601-82dc-107839719ca8,2026-04-18 01:21:23,Gold,CVS Pharmacy,Healthcare,91.63,USD,approved,GB,False,CH-10080,GB,Transportation,47.3,,325ec2e6,2026-05-12 01:21:23,,,True
e22909e4-52f9-4ff0-a374-197d74935e07,2025-08-17 01:21:23,Blue Cash,Amazon,Retail,191.12,USD,approved,US,False,CH-10137,US,Transportation,112.08,,325ec2e6,2026-05-12 01:21:23,,,True
75109d95-7ad3-4842-9767-b784ca41ea75,2026-02-06 01:21:23,Platinum,Spotify,Entertainment,727.67,USD,approved,GB,False,CH-10011,GB,Healthcare,407.42,,325ec2e6,2026-05-12 01:21:23,,,True
f2eb073b-4a64-4b98-b5e4-461d7742be29,2025-07-03 01:21:23,Platinum,Best Buy,Technology,7.36,USD,approved,GB,False,CH-10052,GB,Technology,78.08,,325ec2e6,2026-05-12 01:21:23,,,True
0e9e8149-1655-45fc-88ea-e1a4774b3654,2026-01-09 01:21:23,Green,Walmart,Retail,81.24,USD,approved,GB,False,CH-10176,GB,Travel,60.29,,325ec2e6,2026-05-12 01:21:23,,,True
aa9a9ef5-8028-4a7d-8603-adeaab5f826b,2025-10-19 01:21:23,Platinum,Apple Store,Technology,10.25,USD,approved,US,False,CH-10045,US,Fuel,61.11,,325ec2e6,2026-05-12 01:21:23,,,True
151c6402-c5fe-42b5-8d59-9de9c484a672,2025-05-14 01:21:23,Blue Cash,Delta Airlines,Travel,440.07,USD,approved,CA,False,CH-10171,CA,Food & Beverage,254.35,,325ec2e6,2026-05-12 01:21:23,,,True
f6c2ce90-749b-4073-9bca-7c9011629eca,2026-05-07 01:21:23,Green,CVS Pharmacy,Healthcare,175.06,USD,approved,US,False,CH-10167,US,Retail,206.95,,325ec2e6,2026-05-12 01:21:23,,,True
543ada64-2e17-4ede-add7-b6446623e591,2026-05-07 01:21:23,Blue Cash,Netflix,Entertainment,186.35,USD,approved,CA,False,CH-10048,CA,Transportation,147.23,,325ec2e6,2026-05-12 01:21:23,,,True
fa6d7687-6481-40b3-9964-7d241e83623f,2026-03-15 01:21:23,Platinum,Target,Retail,104.72,USD,approved,US,False,CH-10114,US,Food & Beverage,435.01,,325ec2e6,2026-05-12 01:21:23,,,True
48db6eb4-63dd-429d-b5a6-e489ead2367e,2026-01-01 01:21:23,Green,Whole Foods,Food & Beverage,935.35,USD,approved,CA,False,CH-10046,CA,Fuel,489.43,,325ec2e6,2026-05-12 01:21:23,,,True
53e02031-cf07-4391-b7ca-7958c54f18d1,2025-07-25 01:21:23,Green,Whole Foods,Food & Beverage,231.21,USD,approved,CA,False,CH-10072,CA,Food & Beverage,435.03,,325ec2e6,2026-05-12 01:21:23,,,True
3b7336e1-a30f-4eb0-b9e0-2147aec3450e,2025-08-20 01:21:23,Blue Cash,Walmart,Retail,458.55,USD,approved,CA,False,CH-10051,CA,Entertainment,230.29,,325ec2e6,2026-05-12 01:21:23,,,True
d05dfd4e-8471-4e1c-9168-331fb31b295d,2025-05-22 01:21:23,Blue Cash,Amazon,Retail,551.12,USD,approved,US,False,CH-10058,US,Healthcare,341.11,,325ec2e6,2026-05-12 01:21:23,,,True
7c5da159-f57f-466c-8034-40d445819f93,2026-04-21 01:21:23,Platinum,CVS Pharmacy,Healthcare,253.27,USD,approved,US,False,CH-10112,US,Fuel,189.77,,325ec2e6,2026-05-12 01:21:23,,,True
f7db52f8-217c-432d-8c8b-b39024483e27,2026-05-05 01:21:23,Green,Starbucks,Food & Beverage,354.38,USD,approved,GB,False,CH-10196,GB,Travel,186.66,,325ec2e6,2026-05-12 01:21:23,,,True
d8c934a1-8dc0-4583-8eb8-c08f10683a6d,2025-06-17 01:21:23,Blue Cash,Marriott Hotels,Travel,19.95,USD,approved,US,False,CH-10044,US,Healthcare,134.94,,325ec2e6,2026-05-12 01:21:23,,,True
0a23e134-748e-4b32-9687-283bc870f782,2026-02-02 01:21:23,Platinum,Walmart,Retail,212.23,USD,approved,US,False,CH-10129,US,Retail,310.98,,325ec2e6,2026-05-12 01:21:23,,,True
752bfb81-d77f-42fc-af0d-d9ffe4e666fd,2025-12-01 01:21:23,Platinum,Whole Foods,Food & Beverage,27.62,USD,approved,US,False,CH-10073,US,Transportation,201.91,,325ec2e6,2026-05-12 01:21:23,,,True
791d6fb5-9341-445b-b7be-07c9ac955979,2025-11-29 01:21:23,Platinum,Amazon,Retail,161.04,USD,approved,CA,False,CH-10136,CA,Entertainment,213.15,,325ec2e6,2026-05-12 01:21:23,,,True
1639a724-8694-484e-9b9f-06a6ddeb77df,2026-04-13 01:21:23,Blue Cash,Amazon,Retail,598.53,USD,approved,US,False,CH-10059,US,Transportation,367.21,,325ec2e6,2026-05-12 01:21:23,,,True
c43379bb-594a-410a-9877-b3d8bca0cdd9,2026-04-05 01:21:23,Gold,McDonald's,Food & Beverage,7.04,USD,approved,US,False,CH-10057,US,Entertainment,54.01,,325ec2e6,2026-05-12 01:21:23,,,True
c2d2e4c6-0a66-4b40-983d-c904ffa2ca13,2025-07-01 01:21:23,Blue Cash,Shell Gas,Fuel,27.61,USD,approved,US,False,CH-10146,US,Transportation,31.72,,325ec2e6,2026-05-12 01:21:23,,,True
2f30c25b-94a3-464c-aec6-f44c4ae2dc40,2025-06-21 01:21:23,Green,Uber,Transportation,431.17,USD,approved,GB,False,CH-10125,GB,Entertainment,470.83,,325ec2e6,2026-05-12 01:21:23,,,True
afeb6525-0fbe-4ce9-b3b8-09ae9ddde222,2025-12-17 01:21:23,Green,Spotify,Entertainment,144.63,USD,approved,US,False,CH-10137,US,Transportation,112.08,,325ec2e6,2026-05-12 01:21:23,,,True
352cfcac-e063-44de-9f59-153e16a5910a,2026-05-02 01:21:23,Platinum,Spotify,Entertainment,123.17,USD,approved,US,False,CH-10065,US,Fuel,139.36,,325ec2e6,2026-05-12 01:21:23,,,True
0b8f84ec-d11b-4ade-acb1-f03f8cc7499d,2025-10-17 01:21:23,Green,Target,Retail,57.06,USD,approved,US,False,CH-10102,US,Travel,64.3,,325ec2e6,2026-05-12 01:21:23,,,True
fc961b99-19d7-4f37-9854-b23632dd6e65,2025-11-27 01:21:23,Blue Cash,Apple Store,Technology,650.33,USD,approved,GB,False,CH-10113,GB,Retail,487.44,,325ec2e6,2026-05-12 01:21:23,,,True
7c9ff23e-220b-4b41-94bd-33f8b2b8514d,2025-06-09 01:21:23,Platinum,Starbucks,Food & Beverage,299.15,USD,approved,US,False,CH-10062,US,Retail,190.06,,325ec2e6,2026-05-12 01:21:23,,,True
4200dc2e-2027-46b1-839b-ba2c9b240787,2025-12-06 01:21:23,Blue Cash,McDonald's,Food & Beverage,175.68,USD,approved,US,False,CH-10195,US,Fuel,402.19,,325ec2e6,2026-05-12 01:21:23,,,True
8f2ae4b2-b3d6-4448-aa84-ef328939247f,2025-06-27 01:21:23,Green,Best Buy,Technology,183.92,USD,declined,US,False,CH-10166,US,Technology,219.57,,325ec2e6,2026-05-12 01:21:23,,,True
cb7e5f51-d89f-4d14-88fe-b449f571cbc9,2025-10-03 01:21:23,Blue Cash,Shell Gas,Fuel,157.01,USD,declined,US,False,CH-10040,US,Healthcare,424.0,,325ec2e6,2026-05-12 01:21:23,,,True
844d40ca-74e5-4572-b965-84305cb9c012,2025-05-29 01:21:23,Platinum,Uber,Transportation,167.75,USD,approved,US,False,CH-10098,US,Transportation,146.94,,325ec2e6,2026-05-12 01:21:23,,,True
b59af044-ece1-472c-a015-ef824b3f3c50,2026-01-07 01:21:23,Blue Cash,Target,Retail,629.49,USD,approved,GB,False,CH-10050,GB,Food & Beverage,362.22,,325ec2e6,2026-05-12 01:21:23,,,True
f040496a-fde1-4b13-a96f-0459097af8bb,2026-04-18 01:22:06,Gold,Uber,Transportation,12.68,USD,approved,GB,False,CH-10080,GB,Transportation,47.3,VELOCITY,325ec2e6,2026-05-12 01:21:23,,,True
4032792b-0e52-45b1-9552-6a902ad2875e,2026-02-24 01:21:23,Green,Marriott Hotels,Travel,794.29,USD,approved,US,False,CH-10023,US,Food & Beverage,414.47,,325ec2e6,2026-05-12 01:21:23,,,True
71b90857-774b-4710-94f9-fcf692ebf7a8,2025-09-26 01:21:23,Green,Spotify,Entertainment,370.9,USD,approved,US,False,CH-10159,US,Healthcare,387.59,,325ec2e6,2026-05-12 01:21:23,,,True
8e262458-1d9e-474f-aaa3-9120a2925b52,2026-02-24 01:21:23,Platinum,McDonald's,Food & Beverage,2331.64,USD,declined,US,False,CH-10025,US,Entertainment,122.06,HIGH_VALUE_OUTLIER,325ec2e6,2026-05-12 01:21:23,,AMOUNT_ANOMALY:z=3.55,True
9026abb7-44ec-4afe-8f2e-39f6830affe9,2025-12-20 01:21:23,Blue Cash,Whole Foods,Food & Beverage,217.12,USD,approved,US,False,CH-10143,US,Fuel,156.22,,325ec2e6,2026-05-12 01:21:23,,,True
772745db-9196-459e-9461-1c4223874ee6,2026-04-22 01:21:23,Blue Cash,Target,Retail,71.84,USD,approved,GB,False,CH-10169,GB,Retail,248.95,,325ec2e6,2026-05-12 01:21:23,,,True
2139bd04-d1a0-4590-acba-8c575ed1e8d7,2025-11-08 01:21:23,Gold,McDonald's,Food & Beverage,137.56,USD,approved,CA,False,CH-10043,CA,Travel,73.7,,325ec2e6,2026-05-12 01:21:23,,,True
aabc15b4-a31b-4774-b908-afd1e673ae4b,2025-06-26 02:44:23,Green,Best Buy,Technology,223.63,USD,declined,CA,True,CH-10005,GB,Retail,125.81,GEO_IMPOSSIBLE,325ec2e6,2026-05-12 01:21:23,,,True
c405fa74-4cfb-4fc8-b80f-a2a72842145e,2025-11-29 01:21:23,Platinum,Walmart,Retail,16.14,USD,pending,US,False,CH-10038,US,Technology,21.56,,325ec2e6,2026-05-12 01:21:23,,,True
fd19462a-a68d-491f-9bb3-3d29fecc4755,2025-07-14 01:21:23,Blue Cash,Uber,Transportation,203.41,USD,approved,US,False,CH-10090,US,Travel,239.98,,325ec2e6,2026-05-12 01:21:23,,,True
4604c2ff-23d4-4c99-afe9-8055fd23f597,2026-04-30 01:21:23,Green,Whole Foods,Food & Beverage,475.41,USD,pending,GB,False,CH-10049,GB,Retail,482.89,,325ec2e6,2026-05-12 01:21:23,,,True
5f933b99-4aba-473c-9f3c-eebe39c79633,2025-10-03 01:21:23,Green,CVS Pharmacy,Healthcare,78.51,USD,approved,CA,False,CH-10061,CA,Retail,111.4,,325ec2e6,2026-05-12 01:21:23,,,True
d56bdb1b-28bf-44a0-90be-a781ecd9fef7,2026-04-26 01:21:23,Gold,Best Buy,Technology,117.03,USD,approved,GB,False,CH-10168,GB,Travel,431.23,,325ec2e6,2026-05-12 01:21:23,,,True
db938a76-c328-4d28-ab87-b3c32329fbbc,2026-01-30 01:21:23,Gold,Uber,Transportation,644.04,USD,approved,US,False,CH-10188,US,Technology,355.74,,325ec2e6,2026-05-12 01:21:23,,,True
880feb6e-9a23-4cc6-9d49-8de3d32c9e13,2025-11-18 01:21:23,Blue Cash,Netflix,Entertainment,41.99,USD,approved,GB,False,CH-10131,GB,Food & Beverage,142.27,,325ec2e6,2026-05-12 01:21:23,,,True
d223df4e-c19f-453b-a2dc-470283554828,2025-09-24 01:21:23,Green,Netflix,Entertainment,887.75,USD,approved,GB,False,CH-10049,GB,Retail,482.89,CATEGORY_MISMATCH,325ec2e6,2026-05-12 01:21:23,,,True
8dca507a-33fa-4c64-b218-068060aecd96,2026-03-08 01:21:23,Gold,Spotify,Entertainment,2201.41,USD,approved,GB,False,CH-10130,GB,Fuel,204.89,HIGH_VALUE_OUTLIER,325ec2e6,2026-05-12 01:21:23,,AMOUNT_ANOMALY:z=3.32,True
6a2e8d01-2ca3-4da9-a173-7487e4a03065,2026-03-15 01:23:20,Platinum,Uber,Transportation,10.04,USD,approved,US,False,CH-10039,US,Transportation,263.69,VELOCITY,325ec2e6,2026-05-12 01:21:23,,,True
68f9bf88-dd21-4c6a-a219-6bcda90d7f18,2025-09-19 01:21:23,Platinum,Walmart,Retail,184.09,USD,approved,CA,False,CH-10158,CA,Technology,144.41,,325ec2e6,2026-05-12 01:21:23,,,True
8ec22194-cf05-4874-a155-c65da05f5c1a,2026-01-30 01:21:23,Gold,Walmart,Retail,769.1,USD,approved,CA,False,CH-10156,CA,Retail,418.67,,325ec2e6,2026-05-12 01:21:23,,,True
e0276544-6fe9-4281-b42f-1741778dbc81,2025-07-22 02:55:23,Gold,Walmart,Retail,63.33,USD,approved,GB,True,CH-10183,US,Entertainment,127.63,GEO_IMPOSSIBLE,325ec2e6,2026-05-12 01:21:23,,,True
ca0841ef-240a-406c-9da1-3219fda116d7,2025-05-15 01:21:23,Blue Cash,Starbucks,Food & Beverage,520.54,USD,approved,US,False,CH-10135,US,Healthcare,263.42,,325ec2e6,2026-05-12 01:21:23,,,True
d130e3bd-8671-4b69-9b49-d8c9aac0b7c7,2025-08-26 01:21:23,Gold,CVS Pharmacy,Healthcare,7.52,USD,approved,US,False,CH-10073,US,Transportation,201.91,,325ec2e6,2026-05-12 01:21:23,,,True
c643a005-15a3-4cdb-ab3d-3446ebd00f79,2025-05-18 01:21:23,Platinum,Spotify,Entertainment,593.66,USD,approved,GB,False,CH-10036,GB,Healthcare,388.93,,325ec2e6,2026-05-12 01:21:23,,,True
435ca4aa-7c17-4354-829e-d94503468bf2,2025-07-13 01:21:23,Platinum,Starbucks,Food & Beverage,184.04,USD,approved,US,False,CH-10193,US,Fuel,304.21,,325ec2e6,2026-05-12 01:21:23,,,True
ba2bea11-0487-4bb0-a854-9e160ff4a38a,2026-01-09 01:21:23,Green,Apple Store,Technology,384.09,USD,approved,US,False,CH-10055,US,Fuel,359.76,,325ec2e6,2026-05-12 01:21:23,,,True
47b7d0ad-3198-48e4-8dbb-586576f2ace3,2026-04-10 01:21:23,Platinum,Delta Airlines,Travel,51.03,USD,approved,US,False,CH-10064,US,Fuel,49.09,,325ec2e6,2026-05-12 01:21:23,,,True
f271c18d-436c-4b84-93a1-a0013313df2e,2025-09-26 01:21:23,Blue Cash,Netflix,Entertainment,12.24,USD,approved,US,False,CH-10193,US,Fuel,304.21,,325ec2e6,2026-05-12 01:21:23,,,True
269ad51d-1d2f-4fa1-8c70-781dfcb39bcb,2025-09-02 02:46:23,Green,McDonald's,Food & Beverage,288.94,USD,approved,FR,True,CH-10150,CA,Technology,211.83,GEO_IMPOSSIBLE,325ec2e6,2026-05-12 01:21:23,,,True
0b7a1fde-e2bb-4a43-bf16-227fe67c90af,2025-12-10 01:21:23,Blue Cash,McDonald's,Food & Beverage,738.74,USD,approved,US,False,CH-10190,US,Transportation,483.07,,325ec2e6,2026-05-12 01:21:23,,,True
fedd5923-c998-43a9-a0aa-d9ca36c78c9f,2025-11-13 01:21:23,Platinum,Starbucks,Food & Beverage,123.6,USD,approved,CA,False,CH-10048,CA,Transportation,147.23,,325ec2e6,2026-05-12 01:21:23,,,True
0b856ee1-24dd-46fc-b7a6-840829d78428,2026-03-01 01:21:23,Blue Cash,Best Buy,Technology,62.05,USD,approved,CA,False,CH-10103,CA,Healthcare,41.16,,325ec2e6,2026-05-12 01:21:23,,,True
ffaa4fda-be90-48a6-9669-800a11943a95,2025-06-23 01:21:23,Green,McDonald's,Food & Beverage,107.99,USD,approved,US,False,CH-10035,US,Fuel,347.22,,325ec2e6,2026-05-12 01:21:23,,,True
c8b6a6b6-9f0c-40d1-9215-aecb3f2ef9b9,2026-04-22 01:23:53,Platinum,Spotify,Entertainment,111.96,USD,approved,GB,False,CH-10169,GB,Retail,248.95,VELOCITY,325ec2e6,2026-05-12 01:21:23,,,True
417f6399-e266-4538-abe0-fb73431ea4a8,2026-02-20 01:21:23,Gold,Starbucks,Food & Beverage,287.98,USD,approved,GB,False,CH-10086,GB,Entertainment,468.66,,325ec2e6,2026-05-12 01:21:23,,,True
ef721c27-e8a6-4239-a7fe-675529f3f352,2025-08-30 01:21:23,Blue Cash,Starbucks,Food & Beverage,298.14,USD,approved,US,False,CH-10058,US,Healthcare,341.11,,325ec2e6,2026-05-12 01:21:23,,,True
9348d018-fcf2-45a6-bcff-7f42202d8766,2026-04-08 01:21:23,Green,Amazon,Retail,727.66,USD,pending,US,False,CH-10170,US,Healthcare,381.67,,325ec2e6,2026-05-12 01:21:23,,,True
65a3f939-915f-4d8c-9990-34a09c9bf6ce,2025-10-11 01:21:23,Blue Cash,Starbucks,Food & Beverage,384.09,USD,approved,GB,False,CH-10036,GB,Healthcare,388.93,,325ec2e6,2026-05-12 01:21:23,,,True
f9703941-8fd4-49b9-a825-17c7b92a5421,2025-10-05 01:21:23,Green,Shell Gas,Fuel,575.23,USD,approved,GB,False,CH-10086,GB,Entertainment,468.66,,325ec2e6,2026-05-12 01:21:23,,,True
b6dbceae-9661-49d0-bd1d-a926cd0603d5,2026-03-08 01:21:23,Green,CVS Pharmacy,Healthcare,102.62,USD,approved,US,False,CH-10087,US,Entertainment,134.57,,325ec2e6,2026-05-12 01:21:23,,,True
2a242f9e-1927-4af2-b592-9ad426cab89c,2025-11-26 01:21:23,Blue Cash,Marriott Hotels,Travel,600.38,USD,approved,US,False,CH-10114,US,Food & Beverage,435.01,,325ec2e6,2026-05-12 01:21:23,,,True
b142f2d1-9b1b-4d3f-99fa-3e4a7d62ada9,2025-08-01 01:21:23,Blue Cash,Spotify,Entertainment,105.81,USD,approved,US,False,CH-10162,US,Food & Beverage,150.42,,325ec2e6,2026-05-12 01:21:23,,,True
e161bc00-0bab-4747-9205-17fed80b7621,2025-07-04 01:21:23,Platinum,Marriott Hotels,Travel,149.0,USD,approved,US,False,CH-10032,US,Retail,306.28,,325ec2e6,2026-05-12 01:21:23,,,True
8e2bc0c5-6243-491c-8dc4-657d1dc2fa30,2026-03-25 01:21:23,Gold,Spotify,Entertainment,130.99,USD,approved,CA,False,CH-10120,CA,Entertainment,166.49,,325ec2e6,2026-05-12 01:21:23,,,True
28ef50fa-a2af-4122-b103-9917bd9a35de,2025-12-27 01:21:23,Blue Cash,Best Buy,Technology,39.92,USD,approved,US,False,CH-10135,US,Healthcare,263.42,,325ec2e6,2026-05-12 01:21:23,,,True
ee1286b0-abc9-4fae-a121-41542e46ade9,2026-04-12 01:21:23,Platinum,Delta Airlines,Travel,52.94,USD,approved,CA,False,CH-10197,CA,Entertainment,53.1,,325ec2e6,2026-05-12 01:21:23,,,True
f5bf5c9f-ee9f-4093-867a-6e6d852d9486,2025-07-07 01:21:23,Blue Cash,Marriott Hotels,Travel,78.81,USD,pending,GB,False,CH-10069,GB,Fuel,44.28,,325ec2e6,2026-05-12 01:21:23,,,True
4c1a009d-f1ad-4908-b78c-8fb3a0d20f24,2026-04-11 01:21:23,Gold,Spotify,Entertainment,217.89,USD,approved,CA,False,CH-10048,CA,Transportation,147.23,,325ec2e6,2026-05-12 01:21:23,,,True
6b40a594-96e5-4f7a-a1be-67af3927c994,2026-05-07 01:21:23,Blue Cash,Starbucks,Food & Beverage,262.94,USD,approved,CA,False,CH-10072,CA,Food & Beverage,435.03,,325ec2e6,2026-05-12 01:21:23,,,True
b3214920-dd4e-45be-ba32-f1daed69782b,2025-09-16 01:21:23,Blue Cash,Shell Gas,Fuel,552.1,USD,approved,US,False,CH-10007,US,Transportation,355.11,,325ec2e6,2026-05-12 01:21:23,,,True
2b72ee7a-8452-46da-a502-0575b763d509,2025-12-03 01:21:23,Platinum,Whole Foods,Food & Beverage,105.15,USD,approved,GB,False,CH-10097,GB,Healthcare,467.24,,325ec2e6,2026-05-12 01:21:23,,,True
0d0b0818-f9f8-4702-b4d8-211a14830876,2025-07-16 01:21:23,Blue Cash,Uber,Transportation,43.83,USD,approved,US,False,CH-10180,US,Retail,153.56,,325ec2e6,2026-05-12 01:21:23,,,True
73d8c728-9f0b-445f-a60c-54ad66b7d7e6,2025-11-28 01:21:23,Gold,Netflix,Entertainment,475.79,USD,approved,CA,False,CH-10156,CA,Retail,418.67,,325ec2e6,2026-05-12 01:21:23,,,True
6f0c73b0-89bd-4bb3-bf16-2b4ce51328f0,2026-04-08 01:21:23,Platinum,CVS Pharmacy,Healthcare,3456.74,USD,approved,GB,False,CH-10014,GB,Entertainment,297.13,HIGH_VALUE_OUTLIER,325ec2e6,2026-05-12 01:21:23,,AMOUNT_ANOMALY:z=5.53,True
7f74778b-0110-483f-9bf9-436f25e93b97,2025-11-20 01:21:23,Green,McDonald's,Food & Beverage,71.87,USD,pending,US,False,CH-10023,US,Food & Beverage,414.47,,325ec2e6,2026-05-12 01:21:23,,,True
3e859413-708c-4e9f-9de0-b851ca933ea6,2025-06-18 01:21:23,Gold,Whole Foods,Food & Beverage,102.62,USD,approved,US,False,CH-10102,US,Travel,64.3,,325ec2e6,2026-05-12 01:21:23,,,True
c87fbd5f-f080-41b4-983d-de4c8dec6e15,2026-03-14 01:21:23,Platinum,Netflix,Entertainment,533.01,USD,approved,US,False,CH-10022,US,Food & Beverage,348.61,,325ec2e6,2026-05-12 01:21:23,,,True
49f71ecc-1a17-4318-a78d-6c842c01ea09,2026-04-08 02:35:23,Gold,Shell Gas,Fuel,137.89,USD,approved,CA,True,CH-10014,GB,Entertainment,297.13,GEO_IMPOSSIBLE,325ec2e6,2026-05-12 01:21:23,,,True
d2270254-3055-42d5-9518-ed1820348d80,2025-06-23 01:23:07,Green,Whole Foods,Food & Beverage,467.11,USD,approved,US,False,CH-10035,US,Fuel,347.22,VELOCITY,325ec2e6,2026-05-12 01:21:23,,,True
68272def-d3cb-4993-8f61-f694ff62155b,2025-05-14 01:22:51,Blue Cash,CVS Pharmacy,Healthcare,105.8,USD,approved,CA,False,CH-10171,CA,Food & Beverage,254.35,VELOCITY,325ec2e6,2026-05-12 01:21:23,,,True
fb12b18b-4a83-4717-97ab-8dfdc4ac5201,2025-11-05 01:21:23,Gold,Marriott Hotels,Travel,91.02,USD,approved,US,False,CH-10001,US,Food & Beverage,86.98,,325ec2e6,2026-05-12 01:21:23,,,True
31685b1d-bd44-49e5-b255-e258fee7efbb,2025-06-28 01:21:23,Gold,Whole Foods,Food & Beverage,15.73,USD,declined,US,False,CH-10038,US,Technology,21.56,,325ec2e6,2026-05-12 01:21:23,,,True
64991a2d-0d88-437f-b2bf-be7c233122e2,2026-01-01 01:21:23,Platinum,Netflix,Entertainment,286.97,USD,approved,US,False,CH-10040,US,Healthcare,424.0,,325ec2e6,2026-05-12 01:21:23,,,True
47e6f3e2-6281-418c-9e1f-012e24c4f90d,2025-09-26 01:21:23,Green,Shell Gas,Fuel,78.78,USD,approved,US,False,CH-10030,US,Technology,63.64,,325ec2e6,2026-05-12 01:21:23,,,True
0ccd15e9-70b8-4390-8407-ceb5d7eeee0f,2025-10-26 01:21:23,Platinum,Starbucks,Food & Beverage,67.22,USD,approved,CA,False,CH-10103,CA,Healthcare,41.16,,325ec2e6,2026-05-12 01:21:23,,,True
62e9a05c-0c67-4b1f-af7d-0b2f3ad8ce9a,2025-06-01 01:21:23,Green,McDonald's,Food & Beverage,102.65,USD,approved,CA,False,CH-10051,CA,Entertainment,230.29,,325ec2e6,2026-05-12 01:21:23,,,True
6230af0f-c1a0-472e-99f8-d8484748742a,2026-01-17 01:23:51,Platinum,Amazon,Retail,194.12,USD,approved,US,False,CH-10118,US,Retail,438.64,VELOCITY,325ec2e6,2026-05-12 01:21:23,,,True
5801b637-64c0-4efd-ad0b-3499fd32e8d6,2025-10-26 01:21:23,Green,Netflix,Entertainment,706.15,USD,approved,CA,False,CH-10046,CA,Fuel,489.43,,325ec2e6,2026-05-12 01:21:23,,,True
c27d2df7-4c4e-4bc5-8284-c114d52e931e,2025-07-11 01:21:23,Blue Cash,Target,Retail,123.64,USD,approved,GB,False,CH-10192,GB,Retail,210.39,,325ec2e6,2026-05-12 01:21:23,,,True
9974c0af-9d8f-466c-803e-48db3269deab,2026-04-27 01:21:23,Gold,Walmart,Retail,540.23,USD,declined,CA,False,CH-10063,CA,Technology,434.64,,325ec2e6,2026-05-12 01:21:23,,,True
b96b9ff4-8754-4de1-b831-8e917d7dc3fa,2025-07-26 01:21:23,Blue Cash,Best Buy,Technology,722.92,USD,approved,US,False,CH-10000,US,Travel,375.94,CATEGORY_MISMATCH,325ec2e6,2026-05-12 01:21:23,,,True
da086d40-4816-4868-b104-397ba8537098,2025-09-11 01:21:23,Gold,Walmart,Retail,1346.77,USD,declined,GB,False,CH-10052,GB,Technology,78.08,HIGH_VALUE_OUTLIER,325ec2e6,2026-05-12 01:21:23,,,True
f9556ab6-719e-427e-b851-57755c44d9b4,2025-10-28 02:25:23,Green,CVS Pharmacy,Healthcare,248.8,USD,approved,CN,True,CH-10148,US,Technology,218.93,GEO_IMPOSSIBLE,325ec2e6,2026-05-12 01:21:23,,,True
2168dd8a-dc73-4190-af75-51f56928f889,2025-08-31 01:21:23,Blue Cash,Shell Gas,Fuel,229.98,USD,approved,US,False,CH-10101,US,Healthcare,262.6,,325ec2e6,2026-05-12 01:21:23,,,True
285781f2-c0ef-4ffd-9bae-1b8868cc76d9,2025-12-20 01:21:23,Gold,Uber,Transportation,93.7,USD,approved,US,False,CH-10003,US,Travel,64.97,,325ec2e6,2026-05-12 01:21:23,,,True
49b18ac8-b97b-4fc3-a51e-ed6b62f3af85,2026-02-05 01:21:23,Green,Amazon,Retail,195.37,USD,pending,US,False,CH-10068,US,Technology,407.85,,325ec2e6,2026-05-12 01:21:23,,,True
a7619413-095e-444d-8194-43476c5d693b,2026-04-18 01:21:23,Blue Cash,Marriott Hotels,Travel,72.81,USD,approved,US,False,CH-10111,US,Entertainment,120.84,CATEGORY_MISMATCH,325ec2e6,2026-05-12 01:21:23,,,True
6a0fd6a8-f704-44cf-bc33-b0cf56fe1f42,2025-11-03 01:21:23,Platinum,Whole Foods,Food & Beverage,243.18,USD,approved,CA,False,CH-10120,CA,Entertainment,166.49,,325ec2e6,2026-05-12 01:21:23,,,True
5235b178-4d1b-4cc1-a407-d833d46a16a5,2025-10-19 01:21:23,Blue Cash,Marriott Hotels,Travel,67.45,USD,approved,US,False,CH-10163,US,Fuel,86.42,,325ec2e6,2026-05-12 01:21:23,,,True
a2c1525d-566c-425f-bc4c-ea9694783388,2025-10-16 01:21:23,Blue Cash,Netflix,Entertainment,119.14,USD,approved,US,False,CH-10037,US,Fuel,160.88,,325ec2e6,2026-05-12 01:21:23,,,True
249d0de7-2d22-4083-be7d-1548b674e4db,2025-09-24 01:21:23,Green,Marriott Hotels,Travel,524.63,USD,approved,US,False,CH-10035,US,Fuel,347.22,,325ec2e6,2026-05-12 01:21:23,,,True
ac0fdecd-987d-494b-83b4-c5ac50b49397,2025-08-09 01:21:23,Platinum,Marriott Hotels,Travel,541.9,USD,approved,US,False,CH-10010,US,Entertainment,426.8,,325ec2e6,2026-05-12 01:21:23,,,True
c98147ec-a8ba-46f9-8849-9c9f769f60b6,2025-10-22 01:21:23,Platinum,Target,Retail,9.78,USD,approved,US,False,CH-10146,US,Transportation,31.72,,325ec2e6,2026-05-12 01:21:23,,,True
7497ee74-29c3-4bf0-8644-0a6e3f696e0e,2025-07-22 01:21:23,Gold,Whole Foods,Food & Beverage,7.97,USD,approved,CA,False,CH-10128,CA,Entertainment,369.7,,325ec2e6,2026-05-12 01:21:23,,,True
93b1947a-e6ac-45bd-bfa7-93197060bad8,2025-11-22 01:21:23,Platinum,CVS Pharmacy,Healthcare,303.39,USD,approved,US,False,CH-10042,US,Travel,307.49,,325ec2e6,2026-05-12 01:21:23,,,True
70db7c6f-1457-4621-846b-5141f61c3f9c,2025-10-23 01:21:23,Blue Cash,Whole Foods,Food & Beverage,141.31,USD,approved,GB,False,CH-10095,GB,Healthcare,313.61,,325ec2e6,2026-05-12 01:21:23,,,True
160b83a9-8259-47a8-9e5f-31fdf0332106,2025-09-22 01:21:23,Platinum,Walmart,Retail,69.74,USD,approved,GB,False,CH-10192,GB,Retail,210.39,,325ec2e6,2026-05-12 01:21:23,,,True
6d751cd8-2b24-42c2-906a-8c6f67aca910,2026-04-06 01:21:23,Gold,Amazon,Retail,178.91,USD,approved,US,False,CH-10183,US,Entertainment,127.63,,325ec2e6,2026-05-12 01:21:23,,,True
fc6c8763-64f8-4ce0-a16d-e424e8000023,2026-03-13 01:21:23,Gold,Walmart,Retail,360.21,USD,approved,CA,False,CH-10174,CA,Transportation,423.44,,325ec2e6,2026-05-12 01:21:23,,,True
bda7de68-216a-4a58-93eb-f1c445415617,2025-11-02 01:21:23,Green,Uber,Transportation,64.36,USD,approved,US,False,CH-10178,US,Travel,144.88,,325ec2e6,2026-05-12 01:21:23,,,True
7e5a1d8c-614a-4919-aa87-f82f11ea4b50,2026-04-26 01:21:23,Gold,Shell Gas,Fuel,180.06,USD,approved,US,False,CH-10122,US,Retail,177.57,,325ec2e6,2026-05-12 01:21:23,,,True
7547f452-4c61-4713-b263-d11f05d54aaa,2026-03-23 01:21:23,Blue Cash,Netflix,Entertainment,29.4,USD,approved,US,False,CH-10121,US,Food & Beverage,31.36,,325ec2e6,2026-05-12 01:21:23,,,True
32e5e780-2c78-4a2c-8f33-8f93b1e1007d,2025-09-05 01:21:23,Gold,Apple Store,Technology,692.43,USD,approved,US,False,CH-10175,US,Travel,455.33,CATEGORY_MISMATCH,325ec2e6,2026-05-12 01:21:23,,,True
bc644105-4e62-43a9-a639-88aaabecf7a5,2025-11-21 01:21:23,Gold,Starbucks,Food & Beverage,120.56,USD,approved,US,False,CH-10021,US,Transportation,241.88,,325ec2e6,2026-05-12 01:21:23,,,True
5c6ea9d0-3a8a-4e64-9789-558c86551223,2025-05-27 01:21:23,Blue Cash,Uber,Transportation,96.73,USD,approved,US,False,CH-10055,US,Fuel,359.76,,325ec2e6,2026-05-12 01:21:23,,,True
1a9831ed-66f5-4279-aab4-081b53529fe0,2025-09-17 01:21:23,Gold,Best Buy,Technology,174.5,USD,approved,US,False,CH-10129,US,Retail,310.98,,325ec2e6,2026-05-12 01:21:23,,,True
475bb689-e995-469d-990f-97cf58b49eb8,2026-03-13 01:21:23,Gold,Shell Gas,Fuel,158.03,USD,approved,US,False,CH-10137,US,Transportation,112.08,,325ec2e6,2026-05-12 01:21:23,,,True
1c9fe68e-280e-4781-9caa-f76e757e7ea8,2025-07-09 01:21:23,Platinum,Netflix,Entertainment,2575.7,USD,approved,CA,False,CH-10075,CA,Healthcare,223.04,HIGH_VALUE_OUTLIER,325ec2e6,2026-05-12 01:21:23,,AMOUNT_ANOMALY:z=3.98,True
7e952c17-bcf0-4dae-98fa-2d73d4b952c6,2025-10-26 01:21:23,Blue Cash,Best Buy,Technology,563.09,USD,approved,GB,False,CH-10050,GB,Food & Beverage,362.22,,325ec2e6,2026-05-12 01:21:23,,,True
9c24bf7d-378d-4821-86cf-1f3ce29a939e,2026-01-18 01:21:23,Gold,Apple Store,Technology,39.41,USD,approved,CA,False,CH-10197,CA,Entertainment,53.1,,325ec2e6,2026-05-12 01:21:23,,,True
396102cf-d847-4e01-b101-abeaf7510960,2026-03-14 01:21:23,Blue Cash,CVS Pharmacy,Healthcare,73.76,USD,approved,US,False,CH-10058,US,Healthcare,341.11,,325ec2e6,2026-05-12 01:21:23,,,True
f4469e1a-5a72-4ad4-b311-4690b1ae5b3f,2025-11-06 01:21:23,Gold,Uber,Transportation,380.88,USD,approved,US,False,CH-10154,US,Fuel,239.1,,325ec2e6,2026-05-12 01:21:23,,,True
402b454d-3665-4c92-a434-b8e3daa6490e,2026-04-25 01:21:23,Gold,Marriott Hotels,Travel,246.86,USD,approved,CA,False,CH-10177,CA,Transportation,436.09,,325ec2e6,2026-05-12 01:21:23,,,True
06bda0d3-f4b2-498f-b87d-436e9e68a8c3,2025-06-06 01:21:23,Green,Walmart,Retail,311.18,USD,declined,US,False,CH-10016,US,Fuel,430.55,,325ec2e6,2026-05-12 01:21:23,,,True
bb44c14e-c806-4457-b158-bf18d90ff5a3,2025-07-24 01:21:23,Gold,Walmart,Retail,133.78,USD,approved,US,False,CH-10035,US,Fuel,347.22,,325ec2e6,2026-05-12 01:21:23,,,True
822d069b-552b-48bc-a4bc-73a0c4409efa,2025-06-10 01:21:23,Green,Marriott Hotels,Travel,109.07,USD,approved,US,False,CH-10139,US,Retail,283.01,,325ec2e6,2026-05-12 01:21:23,,,True
d08c5f6f-cf9e-4086-bbb7-c35fbd482bb2,2025-05-18 01:21:23,Platinum,Starbucks,Food & Beverage,289.99,USD,approved,US,False,CH-10059,US,Transportation,367.21,,325ec2e6,2026-05-12 01:21:23,,,True
2e0345de-472f-497e-90ec-39fbb21896cf,2026-05-08 01:21:23,Green,Walmart,Retail,42.9,USD,approved,US,False,CH-10003,US,Travel,64.97,,325ec2e6,2026-05-12 01:21:23,,,True
74843a14-6996-4678-b7d7-3036a2358871,2026-02-05 01:21:23,Blue Cash,Netflix,Entertainment,254.1,USD,approved,US,False,CH-10062,US,Retail,190.06,,325ec2e6,2026-05-12 01:21:23,,,True
aa8d7a89-d023-4347-bfe8-1abe5be7f367,2026-03-08 01:21:23,Gold,Apple Store,Technology,232.22,USD,approved,US,False,CH-10044,US,Healthcare,134.94,,325ec2e6,2026-05-12 01:21:23,,,True
23b9fb92-53f9-4d70-aa50-eb66e91efe3c,2026-01-06 01:21:23,Gold,Whole Foods,Food & Beverage,224.51,USD,approved,US,False,CH-10122,US,Retail,177.57,,325ec2e6,2026-05-12 01:21:23,,,True
c1106769-c4bf-4b0f-b4f6-7d7b884655e1,2025-10-03 01:21:23,Green,Netflix,Entertainment,9.42,USD,approved,US,False,CH-10057,US,Entertainment,54.01,,325ec2e6,2026-05-12 01:21:23,,,True
6360a4a2-a3db-4f66-9888-382dec6510aa,2025-07-06 01:21:23,Green,Shell Gas,Fuel,808.58,USD,approved,GB,False,CH-10049,GB,Retail,482.89,,325ec2e6,2026-05-12 01:21:23,,,True
bdd2f92f-2b86-48f9-9bc7-194bd70e6cba,2025-06-21 01:21:23,Blue Cash,Uber,Transportation,60.07,USD,approved,US,False,CH-10122,US,Retail,177.57,,325ec2e6,2026-05-12 01:21:23,,,True
fc2136b9-7c66-4e65-a69b-0b670c55fb3a,2025-10-11 01:21:23,Blue Cash,McDonald's,Food & Beverage,11.71,USD,approved,CA,False,CH-10197,CA,Entertainment,53.1,CATEGORY_MISMATCH,325ec2e6,2026-05-12 01:21:23,,,True
cbc6b667-064e-4a48-b7e9-0641857aa94f,2025-12-20 01:21:23,Green,Amazon,Retail,330.71,USD,approved,US,False,CH-10164,US,Retail,353.1,,325ec2e6,2026-05-12 01:21:23,,,True
7b3aef22-f74a-495c-b9ab-54e178087d90,2025-09-14 01:21:23,Green,Netflix,Entertainment,498.52,USD,declined,US,False,CH-10077,US,Food & Beverage,484.98,,325ec2e6,2026-05-12 01:21:23,,,True
cffc0fa8-0c19-4427-91b7-6a37c401ed63,2026-03-27 01:21:23,Platinum,Uber,Transportation,84.92,USD,approved,GB,False,CH-10176,GB,Travel,60.29,,325ec2e6,2026-05-12 01:21:23,,,True
816341ad-e5dc-41c3-85ba-c3dc4fb31f16,2025-12-26 01:21:23,Gold,Shell Gas,Fuel,842.31,USD,approved,GB,False,CH-10157,GB,Technology,450.66,,325ec2e6,2026-05-12 01:21:23,,,True
539c53c4-e87f-4a01-906b-d6d54f9a8b88,2025-07-27 01:21:23,Green,Marriott Hotels,Travel,134.53,USD,declined,US,False,CH-10058,US,Healthcare,341.11,,325ec2e6,2026-05-12 01:21:23,,,True
793daecf-35c3-44dd-b26b-9ddb11b84a5d,2025-07-10 01:21:23,Blue Cash,Whole Foods,Food & Beverage,190.41,USD,approved,US,False,CH-10085,US,Fuel,221.23,,325ec2e6,2026-05-12 01:21:23,,,True
9a4c4ce5-83cc-4e36-b55e-74282dd039c8,2025-05-26 01:21:23,Green,McDonald's,Food & Beverage,254.22,USD,approved,US,False,CH-10035,US,Fuel,347.22,,325ec2e6,2026-05-12 01:21:23,,,True
712f7cf0-e601-42f7-adb4-eb202c68c1f2,2025-12-14 01:21:23,Platinum,Uber,Transportation,562.03,USD,approved,US,False,CH-10118,US,Retail,438.64,,325ec2e6,2026-05-12 01:21:23,,,True
3667b44e-0f53-43ad-9d54-d6e5391bf54f,2025-10-24 01:21:23,Blue Cash,Target,Retail,456.56,USD,approved,GB,False,CH-10086,GB,Entertainment,468.66,,325ec2e6,2026-05-12 01:21:23,,,True
5eb104ea-dce6-4b55-a7a1-569cef4f6a90,2026-04-06 01:21:23,Platinum,Marriott Hotels,Travel,60.35,USD,approved,US,False,CH-10137,US,Transportation,112.08,,325ec2e6,2026-05-12 01:21:23,,,True
eaa7a8a0-f7ec-417a-b698-638892c88dd3,2026-01-02 01:21:23,Gold,Amazon,Retail,676.65,USD,approved,GB,False,CH-10100,GB,Food & Beverage,364.45,,325ec2e6,2026-05-12 01:21:23,,,True
c1b070aa-cf88-4732-832d-48bbd45727af,2026-03-01 03:08:23,Green,Netflix,Entertainment,149.34,USD,approved,RU,True,CH-10149,GB,Food & Beverage,364.81,GEO_IMPOSSIBLE,325ec2e6,2026-05-12 01:21:23,,,True
3dfa440e-bf11-4e9d-8fe8-4af3ef9a45ee,2026-03-02 01:21:23,Blue Cash,Apple Store,Technology,15.45,USD,approved,US,False,CH-10121,US,Food & Beverage,31.36,,325ec2e6,2026-05-12 01:21:23,,,True
c1f0fbfa-1e41-4537-9978-69e751e65307,2025-08-05 01:21:23,Gold,Amazon,Retail,307.38,USD,approved,CA,False,CH-10013,CA,Fuel,284.98,,325ec2e6,2026-05-12 01:21:23,,,True
14fd6ba9-460a-4446-a5f5-da0241d5dc68,2025-12-10 01:23:19,Blue Cash,Shell Gas,Fuel,549.55,USD,approved,US,False,CH-10190,US,Transportation,483.07,VELOCITY,325ec2e6,2026-05-12 01:21:23,,,True
dff470d4-dda9-4389-a58d-3ca4cf99d745,2026-01-14 01:21:23,Green,Delta Airlines,Travel,172.33,USD,approved,US,False,CH-10184,US,Travel,382.03,,325ec2e6,2026-05-12 01:21:23,,,True
ea5f7b69-50c6-4326-890b-bcba53dcb605,2025-08-02 01:21:23,Platinum,Marriott Hotels,Travel,286.19,USD,approved,CA,False,CH-10141,CA,Entertainment,243.19,,325ec2e6,2026-05-12 01:21:23,,,True
97fc0144-475c-4f03-88d0-0f7f3ee8b519,2026-03-27 01:21:23,Gold,Starbucks,Food & Beverage,170.02,USD,pending,US,False,CH-10098,US,Transportation,146.94,,325ec2e6,2026-05-12 01:21:23,,,True
60195c4d-aec9-48e7-abfb-e4724325656f,2025-10-16 01:21:23,Gold,Walmart,Retail,156.88,USD,approved,GB,False,CH-10124,GB,Retail,346.17,,325ec2e6,2026-05-12 01:21:23,,,True
51af73de-1c0a-4fa6-90b5-46b1a25ac2ab,2026-05-11 01:21:23,Platinum,Spotify,Entertainment,68.24,USD,approved,US,False,CH-10044,US,Healthcare,134.94,,325ec2e6,2026-05-12 01:21:23,,,True
cd35da5c-90cf-4d5e-af52-9f7d562bb9f3,2026-01-14 01:21:23,Blue Cash,Netflix,Entertainment,13.35,USD,approved,GB,False,CH-10153,GB,Technology,44.1,CATEGORY_MISMATCH,325ec2e6,2026-05-12 01:21:23,,,True
a4d98d7c-845d-44ca-bd01-b397c3ba97d2,2025-10-30 01:21:23,Blue Cash,CVS Pharmacy,Healthcare,5.88,USD,declined,US,False,CH-10038,US,Technology,21.56,,325ec2e6,2026-05-12 01:21:23,,,True
ffac7a2f-97c9-4d0b-96d3-a64a363efa7c,2026-02-15 01:24:02,Blue Cash,Best Buy,Technology,176.56,USD,approved,US,False,CH-10172,US,Retail,253.11,VELOCITY,325ec2e6,2026-05-12 01:21:23,,,True
9784f80c-e4d4-4d22-a6cd-b396c4347029,2025-05-17 01:21:23,Platinum,Uber,Transportation,80.03,USD,approved,GB,False,CH-10113,GB,Retail,487.44,,325ec2e6,2026-05-12 01:21:23,,,True
b42763ad-a23e-4fbd-94f8-3f43302dc8ff,2025-12-03 01:21:23,Blue Cash,McDonald's,Food & Beverage,55.3,USD,approved,CA,False,CH-10043,CA,Travel,73.7,,325ec2e6,2026-05-12 01:21:23,,,True
6c15d9ff-3147-4f3d-ae59-074f0df6a05a,2025-05-26 01:21:23,Blue Cash,Apple Store,Technology,687.2,USD,pending,US,False,CH-10059,US,Transportation,367.21,,325ec2e6,2026-05-12 01:21:23,,,True
44e7340a-9648-4ec7-9b5b-ad191ff4f145,2025-07-12 01:23:44,Gold,CVS Pharmacy,Healthcare,26.14,USD,approved,US,False,CH-10115,US,Retail,31.9,VELOCITY,325ec2e6,2026-05-12 01:21:23,,,True
008e59e6-2e6a-4576-97b7-e27e32d7af38,2026-01-15 01:21:23,Blue Cash,Walmart,Retail,230.04,USD,approved,US,False,CH-10108,US,Travel,420.61,,325ec2e6,2026-05-12 01:21:23,,,True
96ca6902-f7ce-4138-abb7-d2ba390cd474,2025-06-16 01:21:23,Platinum,Target,Retail,440.98,USD,declined,US,False,CH-10040,US,Healthcare,424.0,,325ec2e6,2026-05-12 01:21:23,,,True
991fd7e0-8479-47f1-a53e-467f49024b36,2026-01-15 01:21:23,Green,Apple Store,Technology,16.16,USD,approved,US,False,CH-10009,US,Fuel,64.52,,325ec2e6,2026-05-12 01:21:23,,,True
e1f9db57-d385-44f8-803f-af04caf2bdb1,2025-08-17 01:21:23,Gold,Whole Foods,Food & Beverage,270.39,USD,approved,US,False,CH-10178,US,Travel,144.88,,325ec2e6,2026-05-12 01:21:23,,,True
f964013c-dfc0-4738-9d45-8db5e8b8a0ff,2026-04-18 02:12:23,Platinum,Delta Airlines,Travel,44.44,USD,approved,GB,True,CH-10111,US,Entertainment,120.84,GEO_IMPOSSIBLE,325ec2e6,2026-05-12 01:21:23,,,True
049d46e1-5ffa-4443-be16-9be791151ff4,2025-10-08 01:21:23,Green,Target,Retail,556.86,USD,approved,US,False,CH-10189,US,Transportation,310.83,,325ec2e6,2026-05-12 01:21:23,,,True
7e665147-d84c-4ac1-a8ec-b2b92c9d3d20,2026-03-22 01:21:23,Gold,Uber,Transportation,198.56,USD,approved,GB,False,CH-10050,GB,Food & Beverage,362.22,,325ec2e6,2026-05-12 01:21:23,,,True
a4adb100-1099-4791-ba48-3056fea423b7,2026-02-23 01:21:23,Green,Best Buy,Technology,245.78,USD,approved,CA,False,CH-10199,CA,Fuel,228.09,,325ec2e6,2026-05-12 01:21:23,,,True
c4143412-92ae-4fef-a0a8-6fd167ee0839,2025-08-23 01:21:23,Platinum,Netflix,Entertainment,127.07,USD,approved,US,False,CH-10083,US,Retail,77.55,,325ec2e6,2026-05-12 01:21:23,,,True
81b2159d-0739-4d08-a6fe-321a3c3723bb,2026-02-22 01:21:23,Platinum,Target,Retail,617.81,USD,approved,GB,False,CH-10100,GB,Food & Beverage,364.45,,325ec2e6,2026-05-12 01:21:23,,,True
23758664-cb57-4a8b-a912-d4b765dec52e,2025-09-22 01:21:23,Green,Uber,Transportation,1194.77,USD,approved,US,False,CH-10094,US,Healthcare,95.72,HIGH_VALUE_OUTLIER,325ec2e6,2026-05-12 01:21:23,,,True
d97dee28-7686-42b9-b726-89548a31720c,2026-03-04 01:21:23,Gold,Amazon,Retail,5.35,USD,pending,US,False,CH-10193,US,Fuel,304.21,,325ec2e6,2026-05-12 01:21:23,,,True
60c992e4-f3f6-4ec5-8bcb-fa55058b0baf,2025-10-18 01:21:23,Blue Cash,McDonald's,Food & Beverage,606.82,USD,approved,CA,False,CH-10173,CA,Entertainment,341.06,,325ec2e6,2026-05-12 01:21:23,,,True
cf191604-27a6-4f98-8143-695b634cf120,2025-08-17 01:21:23,Blue Cash,Marriott Hotels,Travel,365.37,USD,approved,GB,False,CH-10133,GB,Food & Beverage,194.83,,325ec2e6,2026-05-12 01:21:23,,,True
da196674-0157-4d11-8dcd-9d85347bfbf9,2025-07-09 01:21:23,Gold,McDonald's,Food & Beverage,609.34,USD,approved,US,False,CH-10032,US,Retail,306.28,,325ec2e6,2026-05-12 01:21:23,,,True
6533df1e-70b7-43fd-b907-41f8315afc38,2025-12-09 01:21:23,Platinum,McDonald's,Food & Beverage,358.54,USD,approved,US,False,CH-10151,US,Travel,448.48,,325ec2e6,2026-05-12 01:21:23,,,True
3d694756-007b-477a-a166-c63a53af119b,2025-05-13 01:21:23,Blue Cash,Delta Airlines,Travel,179.23,USD,approved,US,False,CH-10112,US,Fuel,189.77,,325ec2e6,2026-05-12 01:21:23,,,True
e7ebe374-73f5-4bb4-b735-927755642d3d,2025-06-19 01:21:23,Platinum,Amazon,Retail,534.17,USD,declined,GB,False,CH-10106,GB,Retail,289.24,,325ec2e6,2026-05-12 01:21:23,,,True
4b03ceda-c1ec-45d6-998c-d2c5e00ec724,2025-10-03 01:21:23,Blue Cash,Spotify,Entertainment,22.7,USD,declined,CA,False,CH-10119,CA,Food & Beverage,115.79,,325ec2e6,2026-05-12 01:21:23,,,True
dd56908a-0e98-4647-94d9-0bf39c80913c,2025-09-09 01:21:23,Gold,Best Buy,Technology,37.62,USD,declined,CA,False,CH-10141,CA,Entertainment,243.19,,325ec2e6,2026-05-12 01:21:23,,,True
143f797b-2b98-4063-9873-63682098d017,2026-02-27 01:21:23,Gold,Target,Retail,464.23,USD,pending,US,False,CH-10129,US,Retail,310.98,,325ec2e6,2026-05-12 01:21:23,,,True
0f70decd-a7ed-41cf-9545-f05e393b3d45,2025-10-18 01:21:23,Green,Starbucks,Food & Beverage,140.22,USD,approved,GB,False,CH-10130,GB,Fuel,204.89,,325ec2e6,2026-05-12 01:21:23,,,True
720b8f04-78c5-4056-84a7-b7dec6cb1b4d,2025-08-21 01:21:23,Green,Delta Airlines,Travel,92.9,USD,approved,US,False,CH-10083,US,Retail,77.55,,325ec2e6,2026-05-12 01:21:23,,,True
acab3302-1a75-42fb-9556-63b5f354089b,2025-08-05 01:21:23,Gold,McDonald's,Food & Beverage,285.58,USD,approved,US,False,CH-10110,US,Healthcare,195.03,,325ec2e6,2026-05-12 01:21:23,,,True
4f384cae-08f3-4359-9549-46a48f2d4b27,2025-05-12 01:21:23,Blue Cash,Spotify,Entertainment,234.77,USD,approved,US,False,CH-10039,US,Transportation,263.69,,325ec2e6,2026-05-12 01:21:23,,,True
2156aef9-92e8-40ce-9d5d-4269717bb643,2026-02-17 01:21:23,Gold,McDonald's,Food & Beverage,349.13,USD,approved,US,False,CH-10123,US,Healthcare,188.55,,325ec2e6,2026-05-12 01:21:23,,,True
91db75d7-77e9-4c76-b0a7-1852d052f175,2025-11-03 01:21:23,Green,McDonald's,Food & Beverage,164.77,USD,approved,US,False,CH-10117,US,Healthcare,96.41,,325ec2e6,2026-05-12 01:21:23,,,True
b322decd-1ea8-406b-a96f-7e03747afa19,2025-11-26 01:21:23,Green,Whole Foods,Food & Beverage,281.91,USD,approved,CA,False,CH-10142,CA,Food & Beverage,265.36,,325ec2e6,2026-05-12 01:21:23,,,True
4e96278c-7879-45f0-b05a-99f8f0e9121f,2025-09-02 02:48:56,Green,Whole Foods,Food & Beverage,99.7,USD,approved,CA,False,CH-10150,CA,Technology,211.83,VELOCITY,325ec2e6,2026-05-12 01:21:23,,,True
870b40b4-a138-47fd-bb8a-19f8d1807d64,2025-10-17 01:21:23,Blue Cash,Delta Airlines,Travel,25.76,USD,pending,GB,False,CH-10130,GB,Fuel,204.89,,325ec2e6,2026-05-12 01:21:23,,,True
c87ed060-1176-4024-80da-81f84f54ffe4,2026-01-20 01:21:23,Platinum,Walmart,Retail,246.07,USD,approved,US,False,CH-10065,US,Fuel,139.36,,325ec2e6,2026-05-12 01:21:23,,,True
bd060d15-a8a6-45a8-9c1e-874c21f4b99b,2025-10-20 01:21:23,Green,CVS Pharmacy,Healthcare,105.26,USD,approved,US,False,CH-10025,US,Entertainment,122.06,,325ec2e6,2026-05-12 01:21:23,,,True
b125e389-b329-42a1-bed8-592548b42241,2025-06-07 01:21:23,Blue Cash,Uber,Transportation,17.05,USD,declined,GB,False,CH-10041,GB,Food & Beverage,93.36,,325ec2e6,2026-05-12 01:21:23,,,True
5894ed0c-87d5-485b-98a3-46f59f2e2454,2025-09-12 01:21:23,Blue Cash,Apple Store,Technology,236.55,USD,approved,US,False,CH-10111,US,Entertainment,120.84,,325ec2e6,2026-05-12 01:21:23,,,True
1cd153a2-fc4b-4a57-8220-961081923110,2025-09-03 01:21:23,Blue Cash,Starbucks,Food & Beverage,703.71,USD,declined,GB,False,CH-10078,GB,Travel,379.03,,325ec2e6,2026-05-12 01:21:23,,,True
c13fbd7e-7c4d-4b6b-ba6f-6c503a411f7a,2025-07-04 01:21:23,Platinum,Netflix,Entertainment,314.8,USD,approved,US,False,CH-10110,US,Healthcare,195.03,,325ec2e6,2026-05-12 01:21:23,,,True
6ac0c1ff-eadf-49f8-bf6e-c81600ac8dd3,2025-12-09 01:24:11,Gold,Apple Store,Technology,715.17,USD,approved,US,False,CH-10151,US,Travel,448.48,VELOCITY,325ec2e6,2026-05-12 01:21:23,,,True
e65381e8-0bc8-4380-843b-7f26884e5f2c,2025-11-20 01:23:07,Platinum,Spotify,Entertainment,393.24,USD,pending,US,False,CH-10023,US,Food & Beverage,414.47,VELOCITY,325ec2e6,2026-05-12 01:21:23,,,True
b9523505-d876-48fe-b736-3c1f07ac767b,2026-03-29 01:21:23,Green,Shell Gas,Fuel,40.54,USD,approved,US,False,CH-10093,US,Fuel,442.05,,325ec2e6,2026-05-12 01:21:23,,,True
c5bf8af3-5870-43dd-9497-603c2e3e5379,2025-07-02 01:21:23,Gold,Uber,Transportation,5.03,USD,pending,US,False,CH-10009,US,Fuel,64.52,,325ec2e6,2026-05-12 01:21:23,,,True
1bc85f4d-8acb-43c9-b51c-bff3e05670c2,2025-07-13 01:21:23,Blue Cash,Netflix,Entertainment,215.97,USD,approved,GB,False,CH-10100,GB,Food & Beverage,364.45,,325ec2e6,2026-05-12 01:21:23,,,True
2786da8e-e68b-4a89-bea0-c466820319fa,2025-07-06 01:21:23,Platinum,Delta Airlines,Travel,714.49,USD,approved,CA,False,CH-10156,CA,Retail,418.67,,325ec2e6,2026-05-12 01:21:23,,,True
036b8a39-3829-4fcc-b0c4-00a2cb416225,2025-05-25 01:21:23,Blue Cash,Walmart,Retail,84.3,USD,approved,GB,False,CH-10131,GB,Food & Beverage,142.27,,325ec2e6,2026-05-12 01:21:23,,,True
2ebcccf3-98cb-40ad-8876-b9e758c58377,2025-11-10 01:21:23,Blue Cash,CVS Pharmacy,Healthcare,177.95,USD,approved,GB,False,CH-10041,GB,Food & Beverage,93.36,,325ec2e6,2026-05-12 01:21:23,,,True
c4099f02-32a9-4305-8c3d-0c612ed8173e,2025-12-05 01:21:23,Platinum,Apple Store,Technology,87.35,USD,approved,US,False,CH-10102,US,Travel,64.3,,325ec2e6,2026-05-12 01:21:23,,,True
6718f3c3-20da-4bd1-832b-9e43a97233de,2025-07-16 01:21:23,Gold,Target,Retail,269.4,USD,approved,US,False,CH-10180,US,Retail,153.56,,325ec2e6,2026-05-12 01:21:23,,,True
7442ec1d-d4dc-4779-9f40-91418f9286ac,2025-11-23 01:21:23,Gold,Target,Retail,422.83,USD,approved,US,False,CH-10032,US,Retail,306.28,,325ec2e6,2026-05-12 01:21:23,,,True
3043e45f-17a9-48db-9ac6-996d2220e646,2025-06-04 01:21:23,Gold,Apple Store,Technology,228.08,USD,declined,US,False,CH-10111,US,Entertainment,120.84,,325ec2e6,2026-05-12 01:21:23,,,True
af7373a5-4518-44d9-85fd-fe8716b8b0ac,2025-11-07 01:21:23,Blue Cash,Starbucks,Food & Beverage,135.94,USD,approved,CA,False,CH-10181,CA,Healthcare,420.76,,325ec2e6,2026-05-12 01:21:23,,,True
daef93f2-fed6-4cba-94e3-0c9bd28eecee,2025-08-31 01:21:23,Green,Netflix,Entertainment,90.41,USD,approved,US,False,CH-10008,US,Healthcare,94.63,,325ec2e6,2026-05-12 01:21:23,,,True
896f68dd-bdbf-44e7-99d1-03e5f6dcb568,2025-05-15 01:21:23,Platinum,Best Buy,Technology,293.55,USD,approved,US,False,CH-10082,US,Fuel,344.1,,325ec2e6,2026-05-12 01:21:23,,,True
ad059ba0-542e-4b1a-862a-5e20f35ceb52,2026-02-17 01:21:23,Platinum,Netflix,Entertainment,244.2,USD,approved,US,False,CH-10145,US,Healthcare,127.83,,325ec2e6,2026-05-12 01:21:23,,,True
a53b33ba-214e-480a-a3f4-6d932976ad10,2026-01-10 01:21:23,Gold,Target,Retail,229.32,USD,declined,US,False,CH-10085,US,Fuel,221.23,,325ec2e6,2026-05-12 01:21:23,,,True
1ff482ba-a17e-42a5-8371-3b38df4448a5,2026-05-08 01:21:23,Platinum,CVS Pharmacy,Healthcare,292.71,USD,approved,CA,False,CH-10051,CA,Entertainment,230.29,,325ec2e6,2026-05-12 01:21:23,,,True
d3ea9599-0d17-46b0-aeec-797876d6f3e4,2025-08-29 01:21:23,Gold,Marriott Hotels,Travel,130.51,USD,approved,GB,False,CH-10095,GB,Healthcare,313.61,,325ec2e6,2026-05-12 01:21:23,,,True
4e460eae-208d-4356-8492-4ca736ecd029,2025-08-15 01:21:23,Green,CVS Pharmacy,Healthcare,706.99,USD,approved,US,False,CH-10188,US,Technology,355.74,,325ec2e6,2026-05-12 01:21:23,,,True
ed144df1-5deb-4b63-9a00-7de4e083ee48,2025-07-14 01:21:23,Gold,McDonald's,Food & Beverage,134.49,USD,approved,US,False,CH-10111,US,Entertainment,120.84,,325ec2e6,2026-05-12 01:21:23,,,True
021efba7-bde6-4d23-ad93-36e5bbd5486c,2025-07-15 01:21:23,Green,Delta Airlines,Travel,512.81,USD,approved,GB,False,CH-10011,GB,Healthcare,407.42,,325ec2e6,2026-05-12 01:21:23,,,True
c1346e17-a673-44e5-9c38-d9fb3d3885d4,2025-07-05 01:21:23,Blue Cash,Spotify,Entertainment,332.97,USD,declined,GB,False,CH-10106,GB,Retail,289.24,,325ec2e6,2026-05-12 01:21:23,,,True
6bbffc46-b0c3-48ec-863d-f3a0f10b5b6c,2025-06-13 01:21:23,Green,Best Buy,Technology,92.79,USD,approved,US,False,CH-10057,US,Entertainment,54.01,,325ec2e6,2026-05-12 01:21:23,,,True
81d98e39-4bf7-49ff-b864-154fee421d0e,2025-08-14 01:21:23,Blue Cash,Delta Airlines,Travel,104.22,USD,approved,US,False,CH-10148,US,Technology,218.93,,325ec2e6,2026-05-12 01:21:23,,,True
099601eb-2a84-444a-b8d1-6e59364f87cd,2026-04-04 01:21:23,Gold,Apple Store,Technology,179.76,USD,approved,CA,False,CH-10061,CA,Retail,111.4,,325ec2e6,2026-05-12 01:21:23,,,True
d839a022-f443-4fb4-9cdb-cffc0250d3b1,2025-06-19 01:21:23,Gold,Apple Store,Technology,447.08,USD,approved,US,False,CH-10139,US,Retail,283.01,,325ec2e6,2026-05-12 01:21:23,,,True
789c8945-983b-45e7-8016-8711beb6534d,2025-08-03 01:21:23,Platinum,Uber,Transportation,889.49,USD,approved,US,False,CH-10127,US,Travel,72.03,HIGH_VALUE_OUTLIER,325ec2e6,2026-05-12 01:21:23,,,True
aa00fb76-ac29-4380-948a-55bebf95b50b,2025-06-11 01:21:23,Green,CVS Pharmacy,Healthcare,66.57,USD,approved,US,False,CH-10143,US,Fuel,156.22,,325ec2e6,2026-05-12 01:21:23,,,True
b964ca8f-fd1b-4434-a32e-68d0217e8a71,2026-03-07 01:21:23,Blue Cash,Starbucks,Food & Beverage,408.41,USD,approved,US,False,CH-10165,US,Fuel,219.14,,325ec2e6,2026-05-12 01:21:23,,,True
ab777872-ae4e-4c33-9831-4b398440b7f1,2025-10-06 01:21:23,Green,Shell Gas,Fuel,193.68,USD,approved,CA,False,CH-10074,CA,Healthcare,464.73,,325ec2e6,2026-05-12 01:21:23,,,True
1e67bd48-42a7-4f34-97cc-edbc7594fbac,2025-11-21 01:21:23,Gold,Target,Retail,15.15,USD,approved,GB,False,CH-10069,GB,Fuel,44.28,,325ec2e6,2026-05-12 01:21:23,,,True
1e90538b-0664-4b9e-9524-e409c665d228,2025-07-02 01:21:23,Gold,Walmart,Retail,68.06,USD,approved,CA,False,CH-10119,CA,Food & Beverage,115.79,CATEGORY_MISMATCH,325ec2e6,2026-05-12 01:21:23,,,True
7bec2d6d-e32a-400d-b428-41c4f256835a,2026-01-04 01:21:23,Platinum,McDonald's,Food & Beverage,220.02,USD,approved,US,False,CH-10099,US,Transportation,150.73,,325ec2e6,2026-05-12 01:21:23,,,True
a4751cd7-6637-42d1-b214-eae3d609df16,2025-11-18 01:21:23,Gold,Walmart,Retail,64.06,USD,approved,GB,False,CH-10196,GB,Travel,186.66,,325ec2e6,2026-05-12 01:21:23,,,True
12f17055-62c4-4e00-8c9d-f6d60776e934,2025-10-25 01:21:23,Green,Spotify,Entertainment,282.54,USD,approved,US,False,CH-10122,US,Retail,177.57,,325ec2e6,2026-05-12 01:21:23,,,True
782aa3e0-753d-44b3-b60d-988e77a2c1c4,2026-02-04 01:21:23,Blue Cash,McDonald's,Food & Beverage,533.28,USD,approved,US,False,CH-10198,US,Travel,427.8,,325ec2e6,2026-05-12 01:21:23,,,True
77d3845c-d59a-49f0-94db-cc69896e8871,2025-09-01 01:21:23,Platinum,Walmart,Retail,163.74,USD,approved,US,False,CH-10178,US,Travel,144.88,,325ec2e6,2026-05-12 01:21:23,,,True
ef853fc9-9523-401c-bd46-656c9b4822d9,2026-02-05 01:21:23,Gold,Starbucks,Food & Beverage,5.69,USD,approved,US,False,CH-10094,US,Healthcare,95.72,,325ec2e6,2026-05-12 01:21:23,,,True
7cb61730-fb2b-48f2-bb25-a06318b93109,2026-05-09 01:21:23,Green,Shell Gas,Fuel,608.29,USD,approved,GB,False,CH-10095,GB,Healthcare,313.61,,325ec2e6,2026-05-12 01:21:23,,,True
d0e9951e-945f-4408-9969-b27540de0ad3,2025-09-12 01:21:23,Gold,Uber,Transportation,149.36,USD,approved,US,False,CH-10024,US,Retail,148.52,,325ec2e6,2026-05-12 01:21:23,,,True
df6c227a-365f-407d-83a4-f5ba752a3dc6,2025-06-20 01:21:23,Gold,Walmart,Retail,88.75,USD,approved,US,False,CH-10087,US,Entertainment,134.57,,325ec2e6,2026-05-12 01:21:23,,,True
18039488-a84f-4c67-80b7-8049ef5580f5,2025-12-10 01:21:23,Gold,Amazon,Retail,298.25,USD,approved,CA,False,CH-10075,CA,Healthcare,223.04,,325ec2e6,2026-05-12 01:21:23,,,True
d1cc5345-0cd5-40ed-b100-6630ba156b24,2025-10-14 01:21:23,Green,Target,Retail,917.11,USD,approved,GB,False,CH-10097,GB,Healthcare,467.24,,325ec2e6,2026-05-12 01:21:23,,,True
0317c08c-a574-4c4b-adfc-a8c4777bbeaa,2026-04-29 01:21:23,Green,Delta Airlines,Travel,141.46,USD,approved,US,False,CH-10127,US,Travel,72.03,,325ec2e6,2026-05-12 01:21:23,,,True
86750a2d-23a7-49ab-b684-cc0b7975d136,2026-03-25 01:21:23,Gold,Spotify,Entertainment,676.96,USD,approved,US,False,CH-10035,US,Fuel,347.22,,325ec2e6,2026-05-12 01:21:23,,,True
05e2db13-4194-4806-9b9b-183c7f33d363,2026-04-02 01:21:23,Platinum,Target,Retail,47.07,USD,approved,US,False,CH-10031,US,Fuel,93.36,,325ec2e6,2026-05-12 01:21:23,,,True
78bec886-8523-464d-bf76-bea65f75872b,2025-08-04 01:21:23,Gold,McDonald's,Food & Beverage,295.32,USD,approved,US,False,CH-10140,US,Healthcare,157.72,,325ec2e6,2026-05-12 01:21:23,,,True
19eb9c21-09df-491c-bfb8-5f1966efb3ae,2025-09-09 02:17:23,Green,Shell Gas,Fuel,367.15,USD,approved,AU,True,CH-10141,CA,Entertainment,243.19,GEO_IMPOSSIBLE,325ec2e6,2026-05-12 01:21:23,,,True
fdec626a-ebe8-4a76-b7ce-6b8e9e83e9ce,2026-03-25 01:21:23,Gold,CVS Pharmacy,Healthcare,774.34,USD,approved,US,False,CH-10068,US,Technology,407.85,,325ec2e6,2026-05-12 01:21:23,,,True
